time,q_500,q_750,q_1000,mean_inventory
0.000000000000000000e+00,5.000000000000002842e+02,7.500000000000003411e+02,1.000000000000001251e+03,7.500000000000005684e+02
5.000000000000000278e-02,4.960442564586447816e+02,7.450192959038907929e+02,9.940006422509167123e+02,7.450208726293358268e+02
1.000000000000000056e-01,4.921174577025414578e+02,7.400716861827879711e+02,9.880385285717095485e+02,7.400748396599567513e+02
1.500000000000000222e-01,4.882194008499942015e+02,7.351569509414550794e+02,9.821134221587190041e+02,7.351616812229058269e+02
2.000000000000000111e-01,4.843498844114108124e+02,7.302748717456372560e+02,9.762250877381457030e+02,7.302811789102077000e+02
2.500000000000000000e-01,4.805087082798860365e+02,7.254252316123595392e+02,9.703732915560735819e+02,7.254331157651696458e+02
3.000000000000000444e-01,4.766956737218293938e+02,7.206078150002749680e+02,9.645578013685292262e+02,7.206172762727271675e+02
3.500000000000000333e-01,4.729105833676754855e+02,7.158224078000939699e+02,9.587783864316423887e+02,7.158334463498764535e+02
4.000000000000000222e-01,4.691532412026393217e+02,7.110687973250610412e+02,9.530348174918377708e+02,7.110814133361498079e+02
4.500000000000000111e-01,4.654234525575486714e+02,7.063467723015089632e+02,9.473268667761180950e+02,7.063609659841711164e+02
5.000000000000000000e-01,4.617210240997268329e+02,7.016561228594640625e+02,9.416543079823926519e+02,7.016718944502619024e+02
5.500000000000000444e-01,4.580457638239421954e+02,6.969966405233243449e+02,9.360169162698778109e+02,6.970139902851171883e+02
6.000000000000000888e-01,4.543974810434194751e+02,6.923681182025885619e+02,9.304144682495648340e+02,6.923870464245403582e+02
6.500000000000000222e-01,4.507759863809068293e+02,6.877703501826572392e+02,9.248467419747332769e+02,6.877908571802386177e+02
7.000000000000000666e-01,4.471810917598060087e+02,6.832031321156877084e+02,9.193135169315462463e+02,6.832252182306820032e+02
7.500000000000000000e-01,4.436126103953644133e+02,6.786662610115132566e+02,9.138145740297017028e+02,6.786899266120232141e+02
8.000000000000000444e-01,4.400703567859219447e+02,6.741595352286227580e+02,9.083496955931339016e+02,6.741847807090753122e+02
8.500000000000000888e-01,4.365541467042170325e+02,6.696827544651957851e+02,9.029186653507908886e+02,6.697095802463499012e+02
9.000000000000000222e-01,4.330637971887560980e+02,6.652357197502055897e+02,8.975212684274640651e+02,6.652641262791578356e+02
9.500000000000000666e-01,4.295991265352341770e+02,6.608182334345717663e+02,8.921572913346819860e+02,6.608482211847649523e+02
1.000000000000000000e+00,4.261599542880189802e+02,6.564300991823777167e+02,8.868265219616603190e+02,6.564616686536087400e+02
1.050000000000000044e+00,4.227461012316899769e+02,6.520711219621487089e+02,8.815287495663171740e+02,6.521042736805761706e+02
1.100000000000000089e+00,4.193573893826328458e+02,6.477411080381789361e+02,8.762637647663368625e+02,6.477758425563318951e+02
1.150000000000000133e+00,4.159936419806938375e+02,6.434398649619243997e+02,8.710313595303082366e+02,6.434761828587127184e+02
1.200000000000000178e+00,4.126546834808851827e+02,6.391672015634487707e+02,8.658313271689029307e+02,6.392051034441714137e+02
1.250000000000000000e+00,4.093403395451523465e+02,6.349229279429275721e+02,8.606634623261243178e+02,6.349624144392829521e+02
1.300000000000000044e+00,4.060504370341952836e+02,6.307068554622098873e+02,8.555275609706154682e+02,6.307479272323075747e+02
1.350000000000000089e+00,4.027848039993376688e+02,6.265187967364325914e+02,8.504234203870097417e+02,6.265614544648030915e+02
1.400000000000000133e+00,3.995432696744617260e+02,6.223585656256948369e+02,8.453508391673532287e+02,6.224028100233011855e+02
1.450000000000000178e+00,3.963256644679894407e+02,6.182259772267847211e+02,8.403096172025794885e+02,6.182718090310345360e+02
1.500000000000000000e+00,3.931318199549205019e+02,6.141208478649605240e+02,8.352995556740313532e+02,6.141682678397182826e+02
1.550000000000000044e+00,3.899615688689237913e+02,6.100429950857885615e+02,8.303204570450531037e+02,6.100920040213884477e+02
1.600000000000000089e+00,3.868147450944825323e+02,6.059922376470368590e+02,8.253721250526266431e+02,6.060428363602957234e+02
1.650000000000000133e+00,3.836911836590901430e+02,6.019683955106172561e+02,8.204543646990671277e+02,6.020205848448479173e+02
1.700000000000000178e+00,3.805907207255011144e+02,5.979712898345844678e+02,8.155669822437710081e+02,5.980250706596102646e+02
1.750000000000000000e+00,3.775131935840325923e+02,5.940007429651898292e+02,8.107097851950238692e+02,5.940561161773590584e+02
1.800000000000000044e+00,3.744584406449183689e+02,5.900565784289830162e+02,8.058825823018518122e+02,5.901135449511840534e+02
1.850000000000000089e+00,3.714263014307131812e+02,5.861386209249724288e+02,8.010851835459363883e+02,5.861971817066486210e+02
1.900000000000000133e+00,3.684166165687512375e+02,5.822466963168337770e+02,7.963174001335787580e+02,5.823068523339993590e+02
1.950000000000000178e+00,3.654292277836500489e+02,5.783806316251680073e+02,7.915790444877129630e+02,5.784423838804248135e+02
2.000000000000000000e+00,3.624639778898711597e+02,5.745402550198180052e+02,7.868699302399796807e+02,5.746036045423717269e+02
2.050000000000000266e+00,3.595207107843251606e+02,5.707253958122287258e+02,7.821898722228418137e+02,5.707903436579060781e+02
2.100000000000000089e+00,3.565992714390310994e+02,5.669358844478640549e+02,7.775386864617640867e+02,5.670024316991308524e+02
2.149999999999999911e+00,3.536995058938208558e+02,5.631715524986694845e+02,7.729161901674317505e+02,5.632397002646478086e+02
2.200000000000000178e+00,3.508212612490986544e+02,5.594322326555884501e+02,7.683222017280288583e+02,5.595019820720760890e+02
2.250000000000000000e+00,3.479643856586402535e+02,5.557177587211236869e+02,7.637565407015619030e+02,5.557891109506123257e+02
2.300000000000000266e+00,3.451287283224529006e+02,5.520279656019564527e+02,7.592190278082422310e+02,5.521009218336520235e+02
2.350000000000000089e+00,3.423141394796695636e+02,5.483626893016044050e+02,7.547094849229027886e+02,5.484372507514452764e+02
2.400000000000000355e+00,3.395204704015028483e+02,5.447217669131348430e+02,7.502277350674842182e+02,5.447979348238141029e+02
2.450000000000000178e+00,3.367475733842387626e+02,5.411050366119270620e+02,7.457736024035527862e+02,5.411828122529113898e+02
2.500000000000000000e+00,3.339953017422812991e+02,5.375123376484768869e+02,7.413469122248802705e+02,5.375917223160288358e+02
2.550000000000000266e+00,3.312635098012418666e+02,5.339435103412539547e+02,7.369474909500622744e+02,5.340245053584529842e+02
2.600000000000000089e+00,3.285520528910790290e+02,5.303983960696079976e+02,7.325751661151983853e+02,5.304810027863733239e+02
2.650000000000000355e+00,3.258607873393256114e+02,5.268768372667650510e+02,7.282297663666511198e+02,5.269610570598767936e+02
2.700000000000000178e+00,3.231895704641266320e+02,5.233786774126269847e+02,7.239111214536214902e+02,5.234645116857504945e+02
2.750000000000000000e+00,3.205382605678055370e+02,5.199037610271167296e+02,7.196190622212620838e+02,5.199912112108252131e+02
2.800000000000000266e+00,3.179067169299891020e+02,5.164519336630678481e+02,7.153534206033393730e+02,5.165410012148661281e+02
2.850000000000000089e+00,3.152947998010187121e+02,5.130230418994052570e+02,7.111140296151911571e+02,5.131137283037551242e+02
2.900000000000000355e+00,3.127023703953635163e+02,5.096169333343373182e+02,7.069007233466843445e+02,5.097092401026806101e+02
2.950000000000000178e+00,3.101292908850711569e+02,5.062334565785724863e+02,7.027133369552143449e+02,5.063273852493576328e+02
3.000000000000000000e+00,3.075754243932685768e+02,5.028724612485983698e+02,6.985517066587563022e+02,5.029680133873054046e+02
3.050000000000000266e+00,3.050406349877038110e+02,4.995337979599979690e+02,6.944156697289579370e+02,4.996309751591643931e+02
3.100000000000000089e+00,3.025247876743250117e+02,4.962173183208013825e+02,6.903050644842694510e+02,4.963161222000492785e+02
3.150000000000000355e+00,3.000277483909191005e+02,4.929228749249053294e+02,6.862197302831452816e+02,4.930233071309687602e+02
3.200000000000000178e+00,2.975493840007761150e+02,4.896503213455132482e+02,6.821595075172546103e+02,4.897523835522642912e+02
3.250000000000000000e+00,2.950895622864056804e+02,4.863995121286287713e+02,6.781242376047655398e+02,4.865032060371071907e+02
3.300000000000000266e+00,2.926481519432912251e+02,4.831703027865932540e+02,6.741137629836537144e+02,4.832756301250328761e+02
3.350000000000000089e+00,2.902250225736929679e+02,4.799625497916651398e+02,6.701279271050725583e+02,4.800695123155239799e+02
3.400000000000000355e+00,2.878200446804823969e+02,4.767761105696365576e+02,6.661665744267486389e+02,4.768847100616260377e+02
3.450000000000000178e+00,2.854330896610282480e+02,4.736108434935032392e+02,6.622295504064352372e+02,4.737210817636175193e+02
3.500000000000000000e+00,2.830640298011184086e+02,4.704666078771676894e+02,6.583167014953999114e+02,4.705784867627134531e+02
3.550000000000000266e+00,2.807127382689226351e+02,4.673432639691862391e+02,6.544278751319602634e+02,4.674567853348138442e+02
3.600000000000000089e+00,2.783790891089994943e+02,4.642406729465581066e+02,6.505629197350585855e+02,4.643558386842935874e+02
3.650000000000000355e+00,2.760629572363382636e+02,4.611586969085590795e+02,6.467216846978781177e+02,4.612755089378336493e+02
3.700000000000000178e+00,2.737642184304460784e+02,4.580971988706066895e+02,6.429040203815045516e+02,4.582156591382910165e+02
3.750000000000000000e+00,2.714827493294719716e+02,4.550560427581812064e+02,6.391097781086257328e+02,4.551761532386150293e+02
3.800000000000000266e+00,2.692184274243716686e+02,4.520350934007691990e+02,6.353388101572776350e+02,4.521568560957969112e+02
3.850000000000000089e+00,2.669711310531131971e+02,4.490342165258642808e+02,6.315909697546254620e+02,4.491576334648667626e+02
3.900000000000000355e+00,2.647407393949164316e+02,4.460532787529928669e+02,6.278661110707860189e+02,4.461783519929220461e+02
3.950000000000000178e+00,2.625271324645375444e+02,4.430921475877926241e+02,6.241640892126988547e+02,4.432188792132054118e+02
4.000000000000000000e+00,2.603301911065863692e+02,4.401506914161183772e+02,6.204847602180227568e+02,4.402790835392114559e+02
4.049999999999999822e+00,2.581497969898890688e+02,4.372287794981986053e+02,6.168279810490894306e+02,4.373588342588438991e+02
4.100000000000000533e+00,2.559858326018826915e+02,4.343262819628242823e+02,6.131936095868841221e+02,4.344580015286038588e+02
4.150000000000000355e+00,2.538381812430466766e+02,4.314430698015710846e+02,6.095815046250672822e+02,4.315764563678140462e+02
4.200000000000000178e+00,2.517067270213796064e+02,4.285790148630736667e+02,6.059915258640439788e+02,4.287140706528927012e+02
4.250000000000000000e+00,2.495913548469047782e+02,4.257339898473273934e+02,6.024235339050617313e+02,4.258707171116553241e+02
4.299999999999999822e+00,2.474919504262173859e+02,4.229078683000285537e+02,5.988773902443517727e+02,4.230462693176565381e+02
4.350000000000000533e+00,2.454084002570688767e+02,4.201005246069611871e+02,5.953529572673114671e+02,4.202406016845756653e+02
4.400000000000000355e+00,2.433405916229850732e+02,4.173118339884076704e+02,5.918500982427206054e+02,4.174535894606302691e+02
4.450000000000000178e+00,2.412884125879194528e+02,4.145416724936056880e+02,5.883686773169916933e+02,4.146851087230306803e+02
4.500000000000000000e+00,2.392517519909511634e+02,4.117899169952429475e+02,5.849085595084729903e+02,4.119350363724774979e+02
4.549999999999999822e+00,2.372304994410047811e+02,4.090564451839799176e+02,5.814696107017698523e+02,4.092032501276836456e+02
4.600000000000000533e+00,2.352245453116205169e+02,4.063411355630181561e+02,5.780516976421181425e+02,4.064896285199437216e+02
4.650000000000000355e+00,2.332337807357480983e+02,4.036438674427008664e+02,5.746546879297860642e+02,4.037940508877339880e+02
4.700000000000000178e+00,2.312580976005809816e+02,4.009645209351452877e+02,5.712784500145166930e+02,4.011163973713470341e+02
4.750000000000000000e+00,2.292973885424266314e+02,3.983029769489195360e+02,5.679228531900039343e+02,3.984565489075674236e+02
4.800000000000000711e+00,2.273515469416060739e+02,3.956591171837463889e+02,5.645877675884071323e+02,3.958143872243765031e+02
4.850000000000000533e+00,2.254204669173955153e+02,3.930328241252499879e+02,5.612730641749046754e+02,3.931897948357000132e+02
4.900000000000000355e+00,2.235040433229938230e+02,3.904239810397297106e+02,5.579786147422726117e+02,3.905826550361814498e+02
4.950000000000000178e+00,2.216021717405301672e+02,3.878324719689732092e+02,5.547042919055120365e+02,3.879928518959971484e+02
5.000000000000000000e+00,2.197147484761028124e+02,3.852581817251042366e+02,5.514499690965008085e+02,3.854202702557030307e+02
5.050000000000000711e+00,2.178416705548510492e+02,3.827009958854636693e+02,5.482155205586886950e+02,3.828647957211167636e+02
5.100000000000000533e+00,2.159828357160595829e+02,3.801608007875216799e+02,5.450008213418169589e+02,3.803263146582299896e+02
5.150000000000000355e+00,2.141381424083013769e+02,3.776374835238322589e+02,5.418057472966888781e+02,3.778047141881637003e+02
5.200000000000000178e+00,2.123074897846058775e+02,3.751309319370083131e+02,5.386301750699565218e+02,3.752998821821447564e+02
5.250000000000000000e+00,2.104907776976628497e+02,3.726410346147411019e+02,5.354739820989515238e+02,3.728117072565241870e+02
5.300000000000000711e+00,2.086879066950622814e+02,3.701676808848524729e+02,5.323370466065518940e+02,3.703400787678297661e+02
5.350000000000000533e+00,2.068987780145589284e+02,3.677107608103684697e+02,5.292192475960730462e+02,3.678848868078422356e+02
5.400000000000000355e+00,2.051232935793755701e+02,3.652701651846406321e+02,5.261204648462023670e+02,3.654460221987147861e+02
5.450000000000000178e+00,2.033613559935346871e+02,3.628457855264887826e+02,5.230405789059577728e+02,3.630233764881174920e+02
5.500000000000000000e+00,2.016128685372223117e+02,3.604375140753825235e+02,5.199794710896915149e+02,3.606168419444197184e+02
5.550000000000000711e+00,1.998777351621816081e+02,3.580452437866503033e+02,5.169370234721081943e+02,3.582263115518975951e+02
5.600000000000000533e+00,1.981558604871422631e+02,3.556688683267249189e+02,5.139131188833382566e+02,3.558516790059825894e+02
5.650000000000000355e+00,1.964471497932739794e+02,3.533082820684144281e+02,5.109076409040215481e+02,3.534928387085311101e+02
5.700000000000000178e+00,1.947515090196764618e+02,3.509633800862089856e+02,5.079204738604395288e+02,3.511496857631334478e+02
5.750000000000000000e+00,1.930688447588962333e+02,3.486340581516224688e+02,5.049515028196718163e+02,3.488221159704532397e+02
5.800000000000000711e+00,1.913990642524771033e+02,3.463202127285537699e+02,5.020006135847852420e+02,3.465100258235924571e+02
5.850000000000000533e+00,1.897420753865354186e+02,3.440217409686904375e+02,4.990676926900554236e+02,3.442133125034929435e+02
5.900000000000000355e+00,1.880977866873716948e+02,3.417385407069357370e+02,4.961526273962188043e+02,3.419318738743654649e+02
5.950000000000000178e+00,1.864661073171044450e+02,3.394705104568681122e+02,4.932553056857543652e+02,3.396656084791487729e+02
6.000000000000000000e+00,1.848469470693440826e+02,3.372175494062344114e+02,4.903756162582049569e+02,3.374144155350044798e+02
6.050000000000000711e+00,1.832402163648816611e+02,3.349795574124647146e+02,4.875134485255121035e+02,3.351781949288308056e+02
6.100000000000000533e+00,1.816458262474207572e+02,3.327564349982263252e+02,4.846686926074006578e+02,3.329568472128185022e+02
6.150000000000000355e+00,1.800636883793295340e+02,3.305480833470019206e+02,4.818412393267789753e+02,3.307502736000280947e+02
6.200000000000000178e+00,1.784937150374227883e+02,3.283544042986948170e+02,4.790309802051763768e+02,3.285583759599971927e+02
6.250000000000000000e+00,1.769358191087779915e+02,3.261753003452727171e+02,4.762378074582122167e+02,3.263810568143838964e+02
6.300000000000000711e+00,1.753899140865688082e+02,3.240106746264282265e+02,4.734616139910845050e+02,3.242182193326274273e+02
6.350000000000000533e+00,1.738559140659396576e+02,3.218604309252795019e+02,4.707022933941015026e+02,3.220697673276500836e+02
6.400000000000000355e+00,1.723337337398976956e+02,3.197244736640921587e+02,4.679597399382327012e+02,3.199356052515786359e+02
6.450000000000000178e+00,1.708232883952374550e+02,3.176027079000298272e+02,4.652338485706922029e+02,3.178156381914973281e+02
6.500000000000000000e+00,1.693244939084920873e+02,3.154950393209390427e+02,4.625245149105514884e+02,3.157097718652304366e+02
6.550000000000000711e+00,1.678372667419136519e+02,3.134013742411552244e+02,4.598316352443809478e+02,3.136179126171512621e+02
6.600000000000000533e+00,1.663615239394756031e+02,3.113216195973399181e+02,4.571551065219185830e+02,3.115399674140185198e+02
6.650000000000000355e+00,1.648971831229083591e+02,3.092556829443452671e+02,4.544948263517680402e+02,3.094758438408417192e+02
6.700000000000000178e+00,1.634441624877572963e+02,3.072034724511053696e+02,4.518506929971242130e+02,3.074254500967730905e+02
6.750000000000000000e+00,1.620023807994696483e+02,3.051648968965562290e+02,4.492226053715285161e+02,3.053886949910276485e+02
6.800000000000000711e+00,1.605717573895071837e+02,3.031398656655809418e+02,4.466104630346494559e+02,3.033654879388296308e+02
6.850000000000000533e+00,1.591522121514845480e+02,3.011282887449833652e+02,4.440141661880925881e+02,3.013557389573859382e+02
6.900000000000000355e+00,1.577436655373338112e+02,2.991300767194881587e+02,4.414336156712351453e+02,2.993593586618863469e+02
6.950000000000000178e+00,1.563460385534972943e+02,2.971451407677656107e+02,4.388687129570947150e+02,2.973762582615307792e+02
7.000000000000000000e+00,1.549592527571422238e+02,2.951733926584875007e+02,4.363193601482157078e+02,2.954063495555832333e+02
7.050000000000000711e+00,1.535832302524027568e+02,2.932147447464024026e+02,4.337854599725882281e+02,2.934495449294489617e+02
7.100000000000000533e+00,1.522178936866504841e+02,2.912691099684453775e+02,4.312669157795960473e+02,2.915057573507843358e+02
7.150000000000000355e+00,1.508631662467844876e+02,2.893364018398641520e+02,4.287636315359849277e+02,2.895749003656244440e+02
7.200000000000000178e+00,1.495189716555480572e+02,2.874165344503783786e+02,4.262755118218570942e+02,2.876568880945404771e+02
7.250000000000000000e+00,1.481852341678755351e+02,2.855094224603610655e+02,4.238024618267027108e+02,2.857516352288250800e+02
7.300000000000000711e+00,1.468618785672566673e+02,2.836149810970485419e+02,4.213443873454430104e+02,2.838590570266991904e+02
7.350000000000000533e+00,1.455488301621306277e+02,2.817331261507694080e+02,4.189011947745095199e+02,2.819790693095447409e+02
7.400000000000000355e+00,1.442460147822995964e+02,2.798637739712042958e+02,4.164727911079422142e+02,2.801115884581626005e+02
7.450000000000000178e+00,1.429533587753722372e+02,2.780068414636689340e+02,4.140590839335191049e+02,2.782565314090572883e+02
7.500000000000000000e+00,1.416707890032272985e+02,2.761622460854199517e+02,4.116599814289064057e+02,2.764138156507434019e+02
7.550000000000000711e+00,1.403982328385029064e+02,2.743299058419898984e+02,4.092753923578376316e+02,2.745833592200800695e+02
7.600000000000000533e+00,1.391356181611072032e+02,2.725097392835383516e+02,4.069052260663136167e+02,2.727650806986243879e+02
7.650000000000000355e+00,1.378828733547567253e+02,2.707016655012386082e+02,4.045493924788315212e+02,2.709588992090163515e+02
7.700000000000000178e+00,1.366399273035339093e+02,2.689056041236765395e+02,4.022078020946356673e+02,2.691647344113806639e+02
7.750000000000000000e+00,1.354067093884701762e+02,2.671214753132823034e+02,3.998803659839927604e+02,2.673825064997569143e+02
7.800000000000000711e+00,1.341831494841521817e+02,2.653491997627813817e+02,3.975669957844941109e+02,2.656121361985522640e+02
7.850000000000000533e+00,1.329691779553502329e+02,2.635886986916707428e+02,3.952676036973800819e+02,2.638535447590179501e+02
7.900000000000000355e+00,1.317647256536702685e+02,2.618398938427181974e+02,3.929821024838886956e+02,2.621066539557488113e+02
7.950000000000000178e+00,1.305697239142269837e+02,2.601027074784830688e+02,3.907104054616279427e+02,2.603713860832052660e+02
8.000000000000000000e+00,1.293841045523414834e+02,2.583770623778632967e+02,3.884524265009727060e+02,2.586476639522601886e+02
8.050000000000000711e+00,1.282077998602596836e+02,2.566628818326638566e+02,3.862080800214836245e+02,2.569354108867677269e+02
8.099999999999999645e+00,1.270407426038941026e+02,2.549600896441869224e+02,3.839772809883527316e+02,2.552345507201551698e+02
8.150000000000000355e+00,1.258828660195867428e+02,2.532686101198467554e+02,3.817599449088668280e+02,2.535450077920367562e+02
8.200000000000001066e+00,1.247341038108941689e+02,2.515883680698049716e+02,3.795559878289008111e+02,2.518667069448512450e+02
8.250000000000000000e+00,1.235943901453950673e+02,2.499192888036309910e+02,3.773653263294270914e+02,2.501995735205210281e+02
8.300000000000000711e+00,1.224636596515178866e+02,2.482612981269805914e+02,3.751878775230525775e+02,2.485435333571329011e+02
8.349999999999999645e+00,1.213418474153912854e+02,2.466143223383007808e+02,3.730235590505766368e+02,2.468985127856423674e+02
8.400000000000000355e+00,1.202288889777154850e+02,2.449782882255534844e+02,3.708722890775713950e+02,2.452644386265984622e+02
8.450000000000001066e+00,1.191247203306547533e+02,2.433531230629632773e+02,3.687339862909847739e+02,2.436412381868915418e+02
8.500000000000000000e+00,1.180292779147512192e+02,2.417387546077844434e+02,3.666085698957662089e+02,2.420288392565215929e+02
8.550000000000000711e+00,1.169424986158577440e+02,2.401351110970910838e+02,3.644959596115115232e+02,2.404271701053878587e+02
8.599999999999999645e+00,1.158643197620957324e+02,2.385421212445891967e+02,3.623960756691350866e+02,2.388361594801023102e+02
8.650000000000000355e+00,1.147946791208283770e+02,2.369597142374460361e+02,3.603088388075587432e+02,2.372557366008197732e+02
8.700000000000001066e+00,1.137335148956581037e+02,2.353878197331466708e+02,3.582341702704238742e+02,2.356858311580938334e+02
8.750000000000000000e+00,1.126807657234434856e+02,2.338263678563662040e+02,3.561719918028274492e+02,2.341263733097508180e+02
8.800000000000000711e+00,1.116363706713351576e+02,2.322752891958654118e+02,3.541222256480750730e+02,2.325772936777852635e+02
8.849999999999999645e+00,1.106002692338331599e+02,2.307345148014055383e+02,3.520847945444583047e+02,2.310385233452756495e+02
8.900000000000000355e+00,1.095724013298634816e+02,2.292039761806848333e+02,3.500596217220523840e+02,2.295099938533213901e+02
8.950000000000001066e+00,1.085527072998747258e+02,2.276836052962951271e+02,3.480466308995339659e+02,2.279916371979997507e+02
9.000000000000000000e+00,1.075411279029548979e+02,2.261733345626987557e+02,3.460457462810218203e+02,2.264833858273435681e+02
9.050000000000000711e+00,1.065376043139659146e+02,2.246730968432236182e+02,3.440568925529341868e+02,2.249851726383368486e+02
9.099999999999999645e+00,1.055420781206997276e+02,2.231828254470813704e+02,3.420799948808717090e+02,2.234969309739335586e+02
9.150000000000000355e+00,1.045544913210529216e+02,2.217024541264039215e+02,3.401149789065168534e+02,2.220185946200944045e+02
9.200000000000001066e+00,1.035747863202191752e+02,2.202319170732978080e+02,3.381617707445538485e+02,2.205500978028421741e+02
9.250000000000000000e+00,1.026029059279033646e+02,2.187711489169226979e+02,3.362202969796130674e+02,2.190913751853404676e+02
9.300000000000000711e+00,1.016387933555514138e+02,2.173200847205836794e+02,3.342904846632279714e+02,2.176423618649866967e+02
9.349999999999999645e+00,1.006823922136020570e+02,2.158786599788477361e+02,3.323722613108193968e+02,2.162029933705292137e+02
9.400000000000000355e+00,9.973364650875458892e+01,2.144468106146764228e+02,3.304655548986945064e+02,2.147732056592004710e+02
9.450000000000001066e+00,9.879250064125622544e+01,2.130244729765780676e+02,3.285702938610656929e+02,2.133529351138695063e+02
9.500000000000000000e+00,9.785889940220937433e+01,2.116115838357811754e+02,3.266864070870947216e+02,2.119421185402165975e+02
9.550000000000000711e+00,9.693278797089325849e+01,2.102080803834219296e+02,3.248138239179460243e+02,2.105406931639207926e+02
9.600000000000001421e+00,9.601411191210792140e+01,2.088139002277558802e+02,3.229524741438688125e+02,2.091485966278721094e+02
9.650000000000000355e+00,9.510281717353373665e+01,2.074289813913840135e+02,3.211022880012934593e+02,2.077657669893987986e+02
9.700000000000001066e+00,9.419885008310910735e+01,2.060532623084986881e+02,3.192631961699460135e+02,2.063921427175131385e+02
9.750000000000000000e+00,9.330215734642693803e+01,2.046866818221488415e+02,3.174351297699860197e+02,2.050276626901776638e+02
9.800000000000000711e+00,9.241268604414756282e+01,2.033291791815215106e+02,3.156180203591570148e+02,2.036722661915869139e+02
9.850000000000001421e+00,9.153038362943031814e+01,2.019806940392427634e+02,3.138117999299622625e+02,2.023258929094695304e+02
9.900000000000000355e+00,9.065519792538123056e+01,2.006411664486955146e+02,3.120164009068528799e+02,2.009884829324062707e+02
9.950000000000001066e+00,8.978707712251896567e+01,1.993105368613567236e+02,3.102317561434373374e+02,1.996599767471674340e+02
1.000000000000000000e+01,8.892596977625875354e+01,1.979887461241506799e+02,3.084577989197105694e+02,1.983403152360676813e+02
1.005000000000000071e+01,8.807182480441034045e+01,1.966757354768204777e+02,3.066944629392963293e+02,1.970294396743369134e+02
1.010000000000000142e+01,8.722459148469668833e+01,1.953714465493166585e+02,3.049416823267131349e+02,1.957272917275107886e+02
1.015000000000000036e+01,8.638421945228728305e+01,1.940758213592047241e+02,3.031993916246546519e+02,1.944338134488378387e+02
1.020000000000000107e+01,8.555065869734777095e+01,1.927888023090873730e+02,3.014675257912876987e+02,1.931489472767025575e+02
1.025000000000000000e+01,8.472385956260838213e+01,1.915103321840462058e+02,2.997460201975706013e+02,1.918726360320678452e+02
1.030000000000000071e+01,8.390377274094623772e+01,1.902403541490979819e+02,2.980348106245854751e+02,1.906048229159319192e+02
1.035000000000000142e+01,8.309034927298665707e+01,1.889788117466705444e+02,2.963338332608909695e+02,1.893454515068046931e+02
1.040000000000000036e+01,8.228354054471824952e+01,1.877256488940933536e+02,2.946430246998904749e+02,1.880944657581988508e+02
1.045000000000000107e+01,8.148329828512601125e+01,1.864808098811053014e+02,2.929623219372174958e+02,1.868518099961385133e+02
1.050000000000000000e+01,8.068957456383978410e+01,1.852442393673806009e+02,2.912916623681401802e+02,1.856174289166852986e+02
1.055000000000000071e+01,7.990232178879844582e+01,1.840158823800676942e+02,2.896309837849795485e+02,1.843912675834783386e+02
1.060000000000000142e+01,7.912149270393047118e+01,1.827956843113481114e+02,2.879802243745471060e+02,1.831732714252934500e+02
1.065000000000000036e+01,7.834704038685019611e+01,1.815835909160095696e+02,2.863393227155983709e+02,1.819633862336169159e+02
1.070000000000000107e+01,7.757891824656854851e+01,1.803795483090348171e+02,2.847082177763011259e+02,1.807615581602348129e+02
1.075000000000000000e+01,7.681708002122181256e+01,1.791835029632090368e+02,2.830868489117262357e+02,1.795677337148415518e+02
1.080000000000000071e+01,7.606147977581264286e+01,1.779954017067393863e+02,2.814751558613448879e+02,1.783818597626590758e+02
1.085000000000000142e+01,7.531207189996926843e+01,1.768151917208939778e+02,2.798730787465525509e+02,1.772038835220774331e+02
1.090000000000000036e+01,7.456881110571818283e+01,1.756428205376542451e+02,2.782805580682016853e+02,1.760337525623070860e+02
1.095000000000000107e+01,7.383165242527209671e+01,1.744782360373829420e+02,2.766975347041541227e+02,1.748714148010480187e+02
1.100000000000000000e+01,7.310055120883424706e+01,1.733213864465098482e+02,2.751239499068489067e+02,1.737168185021757267e+02
1.105000000000000071e+01,7.237546312241535418e+01,1.721722203352297811e+02,2.735597453008838329e+02,1.725699122734396838e+02
1.110000000000000142e+01,7.165634414566794419e+01,1.710306866152180589e+02,2.720048628806168836e+02,1.714306450641802257e+02
1.115000000000000036e+01,7.094315056973326250e+01,1.698967345373605440e+02,2.704592450077794865e+02,1.702989661630584521e+02
1.120000000000000107e+01,7.023583899510370543e+01,1.687703136894981526e+02,2.689228344091062581e+02,1.691748251958015601e+02
1.125000000000000000e+01,6.953436632950037222e+01,1.676513739941877645e+02,2.673955741739820269e+02,1.680581721229644927e+02
1.130000000000000071e+01,6.883868978576342101e+01,1.665398657064761778e+02,2.658774077521017034e+02,1.669489572377043771e+02
1.135000000000000142e+01,6.814876687975868208e+01,1.654357394116904061e+02,2.643682789511474880e+02,1.658471311635717598e+02
1.140000000000000036e+01,6.746455542829686181e+01,1.643389460232418458e+02,2.628681319344793792e+02,1.647526448523149725e+02
1.145000000000000107e+01,6.678601354706773918e+01,1.632494367804449666e+02,2.613769112188425652e+02,1.636654495817000452e+02
1.150000000000000000e+01,6.611309964858810417e+01,1.621671632463510377e+02,2.598945616720872636e+02,1.625854969533443750e+02
1.155000000000000071e+01,6.544577244016409168e+01,1.610920773055960922e+02,2.584210285109070924e+02,1.615127388905658563e+02
1.160000000000000142e+01,6.478399092186663211e+01,1.600241311622629894e+02,2.569562572985882980e+02,1.604471276362452272e+02
1.165000000000000036e+01,6.412771438452116968e+01,1.589632773377570345e+02,2.555001939427761499e+02,1.593886157507028543e+02
1.170000000000000107e+01,6.347690240771080994e+01,1.579094686686974285e+02,2.540527846932551483e+02,1.583371561095902109e+02
1.175000000000000000e+01,6.283151485779335133e+01,1.568626583048210534e+02,2.526139761397430732e+02,1.572927019017946293e+02
1.180000000000000071e+01,6.219151188593134805e+01,1.558227997069008666e+02,2.511837152097012336e+02,1.562552066273585751e+02
1.185000000000000142e+01,6.155685392613600726e+01,1.547898466446785051e+02,2.497619491661561142e+02,1.552246240954122811e+02
1.190000000000000036e+01,6.092750169332390442e+01,1.537637531948093965e+02,2.483486256055381887e+02,1.542009084221202215e+02
1.195000000000000107e+01,6.030341618138740500e+01,1.527444737388232170e+02,2.469436924555326982e+02,1.531840140286416272e+02
1.200000000000000000e+01,5.968455866127789733e+01,1.517319629610965421e+02,2.455470979729462329e+02,1.521738956391043018e+02
1.205000000000000071e+01,5.907089067910207802e+01,1.507261758468392259e+02,2.441587907415839709e+02,1.511705082785911145e+02
1.210000000000000142e+01,5.846237405423136124e+01,1.497270676800948763e+02,2.427787196701457333e+02,1.501738072711416976e+02
1.215000000000000036e+01,5.785897087742385025e+01,1.487345940417534109e+02,2.414068339901309344e+02,1.491837482377653998e+02
1.220000000000000107e+01,5.726064350895946120e+01,1.477487108075780498e+02,2.400430832537599031e+02,1.482002870944688766e+02
1.225000000000000000e+01,5.666735457678748844e+01,1.467693741462447861e+02,2.386874173319080796e+02,1.472233800502962708e+02
1.230000000000000071e+01,5.607906697468636992e+01,1.457965405173941349e+02,2.373397864120531153e+02,1.462529836053819281e+02
1.235000000000000142e+01,5.549574386043737917e+01,1.448301666696981727e+02,2.360001409962368655e+02,1.452890545490176351e+02
1.240000000000000036e+01,5.491734865400855625e+01,1.438702096389372116e+02,2.346684318990379836e+02,1.443315499577302319e+02
1.245000000000000107e+01,5.434384503575319769e+01,1.429166267460916799e+02,2.333446102455609434e+02,1.433804271933743735e+02
1.250000000000000000e+01,5.377519694461901167e+01,1.419693755954463370e+02,2.320286274694353779e+02,1.424356439012367730e+02
1.255000000000000071e+01,5.321136857637044670e+01,1.410284140727056865e+02,2.307204353108303962e+02,1.414971580081530647e+02
1.260000000000000142e+01,5.265232438182245289e+01,1.400937003431231744e+02,2.294199858144805830e+02,1.405649277206373426e+02
1.265000000000000036e+01,5.209802906508673459e+01,1.391651928496430912e+02,2.281272313277255535e+02,1.396389115230246034e+02
1.270000000000000107e+01,5.154844758182954934e+01,1.382428503110534450e+02,2.268421244985613612e+02,1.387190681756244430e+02
1.275000000000000000e+01,5.100354513754172814e+01,1.373266317201520508e+02,2.255646182737063441e+02,1.378053567128880559e+02
1.280000000000000071e+01,5.046328718582024919e+01,1.364164963419249830e+02,2.242946658966773157e+02,1.368977364415868863e+02
1.285000000000000142e+01,4.992763942666157106e+01,1.355124037117363969e+02,2.230322209058800524e+02,1.359961669390036150e+02
1.290000000000000036e+01,4.939656780476661169e+01,1.346143136335307418e+02,2.217772371327116616e+02,1.351006080511349410e+02
1.295000000000000107e+01,4.887003850785717418e+01,1.337221861780469681e+02,2.205296686996745166e+02,1.342110198909064138e+02
1.300000000000000000e+01,4.834801796500399718e+01,1.328359816810447853e+02,2.192894700185037777e+02,1.333273628363993453e+02
1.305000000000000071e+01,4.783047284496583273e+01,1.319556607415420331e+02,2.180565957883059696e+02,1.324495975290889760e+02
1.310000000000000142e+01,4.731737005454057510e+01,1.310811842200643582e+02,2.168310009937104610e+02,1.315776848720949488e+02
1.315000000000000036e+01,4.680867673692668518e+01,1.302125132369065454e+02,2.156126409030326272e+02,1.307115860284430937e+02
1.320000000000000107e+01,4.630436027009649536e+01,1.293496091704046478e+02,2.144014710664487211e+02,1.298512624193386387e+02
1.325000000000000000e+01,4.580438826518017237e+01,1.284924336552208501e+02,2.131974473141830799e+02,1.289966757224512435e+02
1.330000000000000071e+01,4.530872856486109868e+01,1.276409485806380673e+02,2.120005257547069846e+02,1.281477878702110615e+02
1.335000000000000142e+01,4.481734924178164192e+01,1.267951160888676156e+02,2.108106627729490299e+02,1.273045610481164829e+02
1.340000000000000036e+01,4.433021859696026468e+01,1.259548985733670179e+02,2.096278150285170909e+02,1.264669576930528478e+02
1.345000000000000107e+01,4.384730515821919994e+01,1.251202586771692324e+02,2.084519394539323116e+02,1.256349404916224870e+02
1.350000000000000000e+01,4.336857767862292690e+01,1.242911592912228400e+02,2.072829932528742063e+02,1.248084723784857033e+02
1.355000000000000071e+01,4.289400513492716982e+01,1.234675635527435844e+02,2.061209338984372721e+02,1.239875165347128956e+02
1.360000000000000142e+01,4.242355672603854089e+01,1.226494348435770547e+02,2.049657191313984299e+02,1.231720363861477665e+02
1.365000000000000036e+01,4.195720187148489799e+01,1.218367367885711445e+02,2.038173069584972836e+02,1.223619956017811177e+02
1.370000000000000107e+01,4.149491020989565015e+01,1.210294332539606472e+02,2.026756556507254743e+02,1.215573580921356154e+02
1.375000000000000000e+01,4.103665159749286317e+01,1.202274883457617420e+02,2.015407237416284829e+02,1.207580880076612146e+02
1.380000000000000071e+01,4.058239610659225605e+01,1.194308664081773657e+02,2.004124700256180631e+02,1.199641497371412697e+02
1.385000000000000142e+01,4.013211402411506867e+01,1.186395320220132419e+02,1.992908535562961276e+02,1.191755079061094307e+02
1.390000000000000036e+01,3.968577585010937270e+01,1.178534500031044132e+02,1.981758336447888382e+02,1.183921273752767576e+02
1.395000000000000107e+01,3.924335229628166388e+01,1.170725854007524163e+02,1.970673698580915811e+02,1.176139732389695212e+02
1.400000000000000000e+01,3.880481428453890658e+01,1.162969034961720212e+02,1.959654220174252544e+02,1.168410108235770508e+02
1.405000000000000071e+01,3.837013294553973708e+01,1.155263698009491122e+02,1.948699501966027583e+02,1.160732056860101835e+02
1.410000000000000142e+01,3.793927961725648146e+01,1.147609500555091699e+02,1.937809147204062583e+02,1.153105236121702717e+02
1.415000000000000036e+01,3.751222584354611911e+01,1.140006102275942794e+02,1.926982761629752758e+02,1.145529306154274849e+02
1.420000000000000107e+01,3.708894337273154207e+01,1.132453165107521613e+02,1.916219953462042440e+02,1.138003929351100254e+02
1.425000000000000000e+01,3.666940415619228588e+01,1.124950353228339281e+02,1.905520333381519151e+02,1.130528770350030072e+02
1.430000000000000071e+01,3.625358034696498066e+01,1.117497333045022998e+02,1.894883514514601472e+02,1.123103496018574390e+02
1.435000000000000142e+01,3.584144429835318135e+01,1.110093773177496956e+02,1.884309112417826384e+02,1.115727775439088134e+02
1.440000000000000036e+01,3.543296856254699634e+01,1.102739344444263878e+02,1.873796745062253422e+02,1.108401279894062839e+02
1.445000000000000107e+01,3.502812588925162629e+01,1.095433719847776786e+02,1.863346032817951254e+02,1.101123682851505237e+02
1.450000000000000000e+01,3.462688922432607797e+01,1.088176574559919345e+02,1.852956598438604487e+02,1.093894659950425989e+02
1.455000000000000071e+01,3.422923170843008478e+01,1.080967585907570196e+02,1.842628067046200044e+02,1.086713888986410268e+02
1.460000000000000142e+01,3.383512667568145105e+01,1.073806433358273580e+02,1.832360066115832069e+02,1.079581049897298470e+02
1.465000000000000036e+01,3.344454765232147508e+01,1.066692798505998212e+02,1.822152225460590387e+02,1.072495824748950497e+02
1.470000000000000107e+01,3.305746835539034123e+01,1.059626365056994644e+02,1.812004177216556684e+02,1.065457897721112346e+02
1.475000000000000000e+01,3.267386269141114497e+01,1.052606818815745271e+02,1.801915555827895901e+02,1.058466955093374509e+02
1.480000000000000071e+01,3.229370475508275717e+01,1.045633847671004020e+02,1.791885998032039709e+02,1.051522685231218759e+02
1.485000000000000142e+01,3.191696882798211732e+01,1.038707141581938487e+02,1.781915142844972024e+02,1.044624778572167543e+02
1.490000000000000036e+01,3.154362937727491456e+01,1.031826392564351806e+02,1.772002631546608313e+02,1.037772927612015224e+02
1.495000000000000107e+01,3.117366105443545976e+01,1.024991294677005271e+02,1.762148107666268970e+02,1.030966826891158519e+02
1.500000000000000000e+01,3.080703869397489925e+01,1.018201544008027923e+02,1.752351216968243364e+02,1.024206172981012060e+02
1.505000000000000071e+01,3.044373731217855550e+01,1.011456838661414395e+02,1.742611607437460748e+02,1.017490664470518738e+02
1.510000000000000142e+01,3.008373210585155277e+01,1.004756878743620092e+02,1.732928929265234501e+02,1.010820001952747589e+02
1.515000000000000036e+01,2.972699845107322503e+01,9.981013663502344002e+01,1.723302834835115789e+02,1.004193888011579219e+02
1.520000000000000107e+01,2.937351190195988337e+01,9.914900055527525069e+01,1.713732978708827659e+02,9.976120272084828855e+01
1.525000000000000000e+01,2.902324818943624862e+01,9.849225023854286576e+01,1.704219017612302309e+02,9.910741260693805543e+01
1.530000000000000071e+01,2.867618322001504794e+01,9.783985648322175166e+01,1.694760610421795377e+02,9.845798930715952224e+01
1.535000000000000142e+01,2.833229307458517710e+01,9.719179028138071885e+01,1.685357418150097715e+02,9.781290386308910456e+01
1.540000000000000036e+01,2.799155400720795228e+01,9.654802281747313941e+01,1.676009103932837547e+02,9.717212750885948935e+01
1.545000000000000107e+01,2.765394244392178535e+01,9.590852546705701798e+01,1.666715333014868747e+02,9.653563166988067223e+01
1.550000000000000000e+01,2.731943498155489181e+01,9.527326979552385922e+01,1.657475772736749775e+02,9.590338796156939338e+01
1.555000000000000071e+01,2.698800838654611312e+01,9.464222755683542232e+01,1.648290092521303620e+02,9.527536818808682995e+01
1.560000000000000142e+01,2.665963959377401693e+01,9.401537069226921517e+01,1.639157963860276368e+02,9.465154434108501391e+01
1.565000000000000036e+01,2.633430570539375992e+01,9.339267132917235870e+01,1.630079060301072218e+02,9.403188859846142122e+01
1.570000000000000107e+01,2.601198398968200465e+01,9.277410177972330985e+01,1.621053057433577465e+02,9.341637332312159003e+01
1.575000000000000000e+01,2.569265187988983001e+01,9.215963453970246633e+01,1.612079632877074005e+02,9.280497106175053545e+01
1.580000000000000071e+01,2.537628697310331560e+01,9.154924228727011837e+01,1.603158466267231006e+02,9.219765454359165346e+01
1.585000000000000142e+01,2.506286702911212672e+01,9.094289788175350964e+01,1.594289239243186671e+02,9.159439667923444972e+01
1.590000000000000036e+01,2.475236996928562405e+01,9.034057436244080463e+01,1.585471635434708446e+02,9.099517055940951593e+01
1.595000000000000107e+01,2.444477387545698122e+01,8.974224494738405156e+01,1.576705340449441906e+02,9.039994945379231694e+01
1.600000000000000000e+01,2.414005698881458528e+01,8.914788303220964849e+01,1.567990041860238648e+02,8.980870680981443854e+01
1.605000000000000071e+01,2.383819770880120359e+01,8.855746218893642663e+01,1.559325429192566048e+02,8.922141625148266542e+01
1.610000000000000142e+01,2.353917459202084217e+01,8.797095616480235947e+01,1.550711193912003409e+02,8.863805157820647196e+01
1.615000000000000213e+01,2.324296635115275222e+01,8.738833888109826376e+01,1.542147029411810024e+02,8.805858676363257587e+01
1.619999999999999929e+01,2.294955185387324192e+01,8.680958443200975694e+01,1.533632631000586173e+02,8.748299595448784771e+01
1.625000000000000000e+01,2.265891012178449415e+01,8.623466708346654741e+01,1.525167695889998072e+02,8.691125346942934016e+01
1.630000000000000071e+01,2.237102032935116469e+01,8.566356127199978232e+01,1.516751923182602013e+02,8.634333379790273000e+01
1.635000000000000142e+01,2.208586180284385847e+01,8.509624160360652922e+01,1.508385013859729327e+02,8.577921159900745351e+01
1.640000000000000213e+01,2.180341401929007361e+01,8.453268285262205950e+01,1.500066670769460302e+02,8.521886170037005570e+01
1.644999999999999929e+01,2.152365660543240011e+01,8.397285996059969193e+01,1.491796598614671439e+02,8.466225909702473018e+01
1.650000000000000000e+01,2.124656933669348291e+01,8.341674803519751435e+01,1.483574503941162561e+02,8.410937895030119194e+01
1.655000000000000071e+01,2.097213213614866945e+01,8.286432234907356076e+01,1.475400095125861526e+02,8.356019658672047967e+01
1.660000000000000142e+01,2.070032507350518358e+01,8.231555833878718431e+01,1.467273082365101686e+02,8.301468749689743731e+01
1.665000000000000213e+01,2.043112836408852928e+01,8.177043160370831743e+01,1.459193177662976382e+02,8.247282733445069880e+01
1.669999999999999929e+01,2.016452236783590379e+01,8.122891790493407882e+01,1.451160094819774145e+02,8.193459191492036098e+01
1.675000000000000000e+01,1.990048758829630415e+01,8.069099316421198864e+01,1.443173549420478139e+02,8.139995721469202294e+01
1.680000000000000071e+01,1.963900467163769292e+01,8.015663346287098534e+01,1.435233258823350582e+02,8.086889936992866978e+01
1.685000000000000142e+01,1.938005440566096382e+01,7.962581504075930638e+01,1.427338942148587648e+02,8.034139467550957647e+01
1.690000000000000213e+01,1.912361771882053318e+01,7.909851429518903387e+01,1.419490320267042875e+02,7.981741958397572034e+01
1.694999999999999929e+01,1.886967567925177036e+01,7.857470777988837085e+01,1.411687115789032418e+02,7.929695070448293848e+01
1.700000000000000000e+01,1.861820949380501844e+01,7.805437220396014197e+01,1.403929053053201415e+02,7.877996480176136629e+01
1.705000000000000071e+01,1.836920050708643259e+01,7.753748443084772646e+01,1.396215858115476181e+02,7.826643879508237944e+01
1.710000000000000142e+01,1.812263020050514228e+01,7.702402147730762749e+01,1.388547258738074675e+02,7.775634975723195907e+01
1.715000000000000213e+01,1.787848019132717781e+01,7.651396051238893392e+01,1.380922984378599665e+02,7.724967491349124771e+01
1.719999999999999929e+01,1.763673223173574911e+01,7.600727885641944681e+01,1.373342766179192722e+02,7.674639164062347163e+01
1.725000000000000000e+01,1.739736820789802607e+01,7.550395397999858460e+01,1.365806336955760401e+02,7.624647746586779817e+01
1.730000000000000071e+01,1.716037013903843089e+01,7.500396350299712367e+01,1.358313431187280003e+02,7.574991006594017051e+01
1.735000000000000142e+01,1.692572017651814420e+01,7.450728519356329116e+01,1.350863785005159627e+02,7.525666726604018208e+01
1.740000000000000213e+01,1.669340060292095274e+01,7.401389696713579269e+01,1.343457136182675242e+02,7.476672703886501381e+01
1.744999999999999929e+01,1.646339383114558785e+01,7.352377688546303602e+01,1.336093224124480230e+02,7.428006750362992250e+01
1.750000000000000000e+01,1.623568240350392600e+01,7.303690315562907642e+01,1.328771789856169505e+02,7.379666692509475467e+01
1.755000000000000071e+01,1.601024899082575459e+01,7.255325412908595695e+01,1.321492576013924349e+02,7.331650371259752319e+01
1.760000000000000142e+01,1.578707639156955977e+01,7.207280830069271360e+01,1.314255326834218067e+02,7.283955641909420820e+01
1.765000000000000213e+01,1.556614753093930403e+01,7.159554430776007905e+01,1.307059788143587582e+02,7.236580374020455508e+01
1.769999999999999929e+01,1.534744546000751164e+01,7.112144092910253335e+01,1.299905707348476085e+02,7.189522451326504893e+01
1.775000000000000000e+01,1.513095335484410597e+01,7.065047708409555582e+01,1.292792833425131107e+02,7.142779771638709008e+01
1.780000000000000071e+01,1.491665451565157596e+01,7.018263183174013875e+01,1.285720916909582741e+02,7.096350246752253099e+01
1.785000000000000142e+01,1.470453236590578783e+01,6.971788436973270109e+01,1.278689709887673871e+02,7.050231802353464161e+01
1.790000000000000213e+01,1.449457045150289147e+01,6.925621403354168137e+01,1.271698965985159901e+02,7.004422377927555488e+01
1.794999999999999929e+01,1.428675243991202137e+01,6.879760029548999967e+01,1.264748440357872852e+02,6.958919926666982292e+01
1.800000000000000000e+01,1.408106211933384344e+01,6.834202276384380070e+01,1.257837889681948127e+02,6.913722415380405550e+01
1.805000000000000071e+01,1.387748339786492302e+01,6.788946118190693824e+01,1.250967072144114809e+02,6.868827824402256965e+01
1.810000000000000142e+01,1.367600030266781275e+01,6.743989542712191110e+01,1.244135747432047054e+02,6.824234147502907888e+01
1.815000000000000213e+01,1.347659697914688692e+01,6.699330551017632729e+01,1.237343676724782000e+02,6.779939391799443626e+01
1.819999999999999929e+01,1.327925769012979629e+01,6.654967157411564926e+01,1.230590622683193089e+02,6.735941577667009028e+01
1.825000000000000000e+01,1.308396681505461423e+01,6.610897389346132513e+01,1.223876349440532181e+02,6.692238738650762286e+01
1.830000000000000071e+01,1.289070884916257143e+01,6.567119287333554212e+01,1.217200622593026083e+02,6.648828921378407131e+01
1.835000000000000142e+01,1.269946840269636290e+01,6.523630904859111013e+01,1.210563209190538174e+02,6.605710185473310503e+01
1.840000000000000213e+01,1.251023020010393516e+01,6.480430308294734232e+01,1.203963877727289855e+02,6.562880603468190088e+01
1.844999999999999929e+01,1.232297907924782798e+01,6.437515576813186158e+01,1.197402398132641395e+02,6.520338260719393020e+01
1.850000000000000000e+01,1.213769999061986482e+01,6.394884802302749449e+01,1.190878541761928204e+02,6.478081255321691856e+01
1.855000000000000071e+01,1.195437799656138544e+01,6.352536089282587284e+01,1.184392081387363902e+02,6.436107698023738521e+01
1.860000000000000142e+01,1.177299827048877390e+01,6.310467554818547598e+01,1.177942791188998228e+02,6.394415712143988628e+01
1.865000000000000213e+01,1.159354609612435461e+01,6.268677328439612495e+01,1.171530446745731382e+02,6.353003433487243967e+01
1.869999999999999929e+01,1.141600686673256604e+01,6.227163552054861384e+01,1.165154825026388892e+02,6.311869010261717250e+01
1.875000000000000000e+01,1.124036608436140483e+01,6.185924379870981227e+01,1.158815704380853902e+02,6.271010602996660310e+01
1.880000000000000071e+01,1.106660935908919541e+01,6.144957978310361568e+01,1.152512864531256298e+02,6.230426384460551503e+01
1.885000000000000142e+01,1.089472240827638672e+01,6.104262525929682681e+01,1.146246086563218682e+02,6.190114539579797537e+01
1.890000000000000213e+01,1.072469105582271354e+01,6.063836213339085646e+01,1.140015152917158900e+02,6.150073265358008001e+01
1.894999999999999929e+01,1.055650123142931740e+01,6.023677243121855440e+01,1.133819847379647996e+02,6.110300770795780068e+01
1.900000000000000000e+01,1.039013896986599050e+01,5.983783829754631256e+01,1.127659955074824154e+02,6.070795276811026042e+01
1.905000000000000071e+01,1.022559041024365101e+01,5.944154199528179561e+01,1.121535262455864483e+02,6.031555016159842353e+01
1.910000000000000142e+01,1.006284179529156120e+01,5.904786590468654595e+01,1.115445557296507388e+02,5.992578233357884443e+01
1.915000000000000213e+01,9.901879470639791236e+00,5.865679252259398879e+01,1.109390628682634201e+02,5.953863184602279546e+01
1.920000000000000284e+01,9.742689884106468412e+00,5.826830446163269528e+01,1.103370267003899698e+02,5.915408137694045365e+01
1.925000000000000000e+01,9.585259584990065918e+00,5.788238444945457672e+01,1.097384263945423299e+02,5.877211371961038822e+01
1.930000000000000071e+01,9.429575223366487791e+00,5.749901532796830850e+01,1.091432412479526732e+02,5.839271178181394362e+01
1.935000000000000142e+01,9.275623549391113443e+00,5.711818005257806163e+01,1.085514506857531671e+02,5.801585858507510096e+01
1.940000000000000213e+01,9.123391412605572626e+00,5.673986169142683167e+01,1.079630342601604411e+02,5.764153726390492238e+01
1.945000000000000284e+01,8.972865761249366301e+00,5.636404342464516048e+01,1.073779716496658239e+02,5.726973106505137423e+01
1.950000000000000000e+01,8.824033641576267684e+00,5.599070854360465432e+01,1.067962426582303692e+02,5.690042334675398195e+01
1.955000000000000071e+01,8.676882197175354250e+00,5.561984045017653955e+01,1.062178272144852542e+02,5.653359757800342322e+01
1.960000000000000142e+01,8.531398668296844789e+00,5.525142265599500035e+01,1.056427053709373638e+02,5.616923733780605232e+01
1.965000000000000213e+01,8.387570391182599394e+00,5.488543878172567503e+01,1.050708573031800483e+02,5.580732631445349767e+01
1.970000000000000284e+01,8.245384797401158039e+00,5.452187255633867125e+01,1.045022633091088835e+02,5.544784830479684956e+01
1.975000000000000000e+01,8.104829413187449205e+00,5.416070781638659781e+01,1.039369038081420626e+02,5.509078721352567243e+01
1.980000000000000071e+01,7.965891858787038871e+00,5.380192850528733572e+01,1.033747593404467722e+02,5.473612705245211885e+01
1.985000000000000142e+01,7.828559847805015792e+00,5.344551867261157696e+01,1.028158105661698158e+02,5.438385193979949861e+01
1.990000000000000213e+01,7.692821186559230640e+00,5.309146247337508839e+01,1.022600382646731418e+02,5.403394609949563687e+01
1.995000000000000284e+01,7.558663773438135003e+00,5.273974416733561554e+01,1.017074233337748694e+02,5.368639386047105688e+01
2.000000000000000000e+01,7.426075598263031985e+00,5.239034811829458249e+01,1.011579467889946784e+02,5.334117965596171729e+01
2.005000000000000071e+01,7.295044741654708176e+00,5.204325879340316163e+01,1.006115897628041296e+02,5.299828802281628981e+01
2.010000000000000142e+01,7.165559374404530502e+00,5.169846076247326039e+01,1.000683335038821440e+02,5.265770360080829704e+01
2.015000000000000213e+01,7.037607756849865837e+00,5.135593869729282801e+01,9.952815937637507204e+01,5.231941113195264847e+01
2.020000000000000284e+01,6.911178238253786077e+00,5.101567737094589461e+01,9.899104885916123919e+01,5.198339545982670273e+01
2.025000000000000000e+01,6.786259256189175026e+00,5.067766165713692317e+01,9.845698354512072115e+01,5.164964152889593407e+01
2.030000000000000071e+01,6.662839335926989293e+00,5.034187652951973746e+01,9.792594514040938236e+01,5.131813438384396164e+01
2.035000000000000142e+01,6.540907089828875698e+00,5.000830706103091927e+01,9.739791546373812992e+01,5.098885916890721148e+01
2.040000000000000213e+01,6.420451216743936484e+00,4.967693842322766784e+01,9.687287644565610378e+01,5.066180112721384887e+01
2.045000000000000284e+01,6.301460501409684056e+00,4.934775588562985149e+01,9.635081012783908250e+01,5.033694560012711605e+01
2.050000000000000000e+01,6.183923813857180818e+00,4.902074481506663517e+01,9.583169866238208101e+01,5.001427802659313215e+01
2.055000000000000071e+01,6.067830108820265522e+00,4.869589067502727175e+01,9.531552431109662393e+01,4.969378394249285691e+01
2.060000000000000142e+01,5.953168425148968268e+00,4.837317902501639111e+01,9.480226944481272255e+01,4.937544897999862314e+01
2.065000000000000213e+01,5.839927885226895654e+00,4.805259551991334632e+01,9.429191654268508671e+01,4.905925886693466964e+01
2.070000000000000284e+01,5.728097694392727313e+00,4.773412590933592270e+01,9.378444819150382727e+01,4.874519942614210066e+01
2.075000000000000000e+01,5.617667140365716349e+00,4.741775603700830288e+01,9.327984708500969191e+01,4.843325657484800217e+01
2.080000000000000071e+01,5.508625592675170601e+00,4.710347184013299682e+01,9.277809602321363514e+01,4.812341632403870051e+01
2.085000000000000142e+01,5.400962502093937800e+00,4.679125934876729787e+01,9.227917791172087902e+01,4.781566477783735536e+01
2.090000000000000213e+01,5.294667400075782737e+00,4.648110468520356164e+01,9.178307576105905241e+01,4.750998813288548916e+01
2.095000000000000284e+01,5.189729898196704383e+00,4.617299406335372680e+01,9.128977268601106232e+01,4.720637267772880818e+01
2.100000000000000000e+01,5.086139687600144121e+00,4.586691378813785036e+01,9.079925190495181653e+01,4.690480479220691734e+01
2.105000000000000071e+01,4.983886538446006043e+00,4.556285025487673579e+01,9.031149673918935150e+01,4.660527094684720595e+01
2.110000000000000142e+01,4.882960299363607426e+00,4.526078994868862537e+01,8.982649061231043675e+01,4.630775770226281907e+01
2.115000000000000213e+01,4.783350896908330263e+00,4.496071944388980057e+01,8.934421704953020082e+01,4.601225170855452973e+01
2.120000000000000284e+01,4.685048335022127475e+00,4.466262540339918985e+01,8.886465967704563695e+01,4.571873970471654047e+01
2.125000000000000000e+01,4.588042694497756813e+00,4.436649457814697683e+01,8.838780222139395448e+01,4.542720851804641313e+01
2.130000000000000071e+01,4.492324132446736229e+00,4.407231380648696017e+01,8.791362850881414204e+01,4.513764506355870054e+01
2.135000000000000142e+01,4.397882881771058905e+00,4.378007001361304162e+01,8.744212246461367499e+01,4.485003634340270651e+01
2.140000000000000213e+01,4.304709250638520501e+00,4.348975021097943738e+01,8.697326811253839196e+01,4.456436944628394770e+01
2.145000000000000284e+01,4.212793621961745671e+00,4.320134149572466242e+01,8.650704957414684770e+01,4.428063154688948089e+01
2.150000000000000000e+01,4.122126452880846337e+00,4.291483105009952226e+01,8.604345106818871614e+01,4.399880990531715241e+01
2.155000000000000071e+01,4.032698274249646886e+00,4.263020614089865035e+01,8.558245690998683131e+01,4.371889186650844294e+01
2.160000000000000142e+01,3.944499690125568225e+00,4.234745411889615951e+01,8.512405151082373322e+01,4.344086485968540501e+01
2.165000000000000213e+01,3.857521377262989937e+00,4.206656241828459741e+01,8.466821937733161008e+01,4.316471639779094716e+01
2.170000000000000284e+01,3.771754084610206004e+00,4.178751855611797339e+01,8.421494511088660317e+01,4.289043407693318954e+01
2.175000000000000000e+01,3.687188632809862199e+00,4.151031013175833806e+01,8.376421340700657936e+01,4.261800557583327986e+01
2.180000000000000071e+01,3.603815913702871576e+00,4.123492482632588008e+01,8.331600905475310981e+01,4.234741865527693960e+01
2.185000000000000142e+01,3.521626889835846264e+00,4.096135040215304457e+01,8.287031693613714367e+01,4.207866115756976910e+01
2.190000000000000213e+01,3.440612593971908773e+00,4.068957470224179929e+01,8.242712202552846179e+01,4.181172100599599162e+01
2.195000000000000284e+01,3.360764128604964096e+00,4.041958564972495083e+01,8.198640938906908104e+01,4.154658620428098459e+01
2.200000000000000000e+01,3.282072665477335338e+00,4.015137124733061569e+01,8.154816418409004086e+01,4.128324483605715045e+01
2.205000000000000071e+01,3.204529445100781970e+00,3.988491957685049272e+01,8.111237165853243880e+01,4.102168506433355333e+01
2.210000000000000142e+01,3.128125776280896275e+00,3.962021879861167406e+01,8.067901715037177723e+01,4.076189513096900896e+01
2.215000000000000213e+01,3.052853035644781166e+00,3.935725715095170330e+01,8.024808608704631752e+01,4.050386335614862787e+01
2.220000000000000284e+01,2.978702667172047569e+00,3.909602294969742786e+01,7.981956398488866000e+01,4.024757813786388994e+01
2.225000000000000000e+01,2.905666181729120723e+00,3.883650458764705604e+01,7.939343644856154469e+01,3.999302795139619349e+01
2.230000000000000071e+01,2.833735156606741690e+00,3.857869053405571691e+01,7.896968917049660774e+01,3.974020134880369426e+01
2.235000000000000142e+01,2.762901235060795990e+00,3.832256933412453748e+01,7.854830793033741543e+01,3.948908695841181782e+01
2.240000000000000213e+01,2.693156125856274841e+00,3.806812960849289595e+01,7.812927859438552503e+01,3.923967348430689839e+01
2.245000000000000284e+01,2.624491602814483571e+00,3.781536005273423484e+01,7.771258711505036842e+01,3.899194970583333486e+01
2.250000000000000000e+01,2.556899504363399522e+00,3.756424943685506435e+01,7.729821953030266002e+01,3.874590447709404373e+01
2.255000000000000071e+01,2.490371733091170547e+00,3.731478660479729115e+01,7.688616196313098783e+01,3.850152672645418761e+01
2.260000000000000142e+01,2.424900255302794072e+00,3.706696047394403593e+01,7.647640062100246894e+01,3.825880545604833571e+01
2.265000000000000213e+01,2.360477100579837284e+00,3.682076003462839964e+01,7.606892179532627551e+01,3.801772974129072935e+01
2.270000000000000284e+01,2.297094361343298807e+00,3.657617434964578251e+01,7.566371186092096934e+01,3.777828873038895807e+01
2.275000000000000000e+01,2.234744192419513276e+00,3.633319255376923707e+01,7.526075727548507643e+01,3.754047164386076929e+01
2.280000000000000071e+01,2.173418810609089036e+00,3.609180385326803275e+01,7.486004457907097276e+01,3.730426777405403271e+01
2.285000000000000142e+01,2.113110494258918060e+00,3.585199752542960994e+01,7.446156039356249323e+01,3.706966648467015801e+01
2.290000000000000213e+01,2.053811582837144378e+00,3.561376291808443995e+01,7.406529142215546813e+01,3.683665721029036888e+01
2.295000000000000284e+01,1.995514476511143442e+00,3.537708944913413234e+01,7.367122444884182642e+01,3.660522945590530952e+01
2.300000000000000000e+01,1.938211635728455340e+00,3.514196660608276090e+01,7.327934633789685392e+01,3.637537279644770649e+01
2.305000000000000071e+01,1.881895580800664991e+00,3.490838394557104607e+01,7.288964403336989051e+01,3.614707687632815691e+01
2.310000000000000142e+01,1.826558891490221548e+00,3.467633109291393367e+01,7.250210455857819625e+01,3.592033140897407151e+01
2.315000000000000213e+01,1.772194206600147037e+00,3.444579774164095909e+01,7.211671501560397246e+01,3.569512617637150953e+01
2.320000000000000284e+01,1.718794223566631807e+00,3.421677365303978746e+01,7.173346258479482174e+01,3.547145102861026089e+01
2.325000000000000000e+01,1.666351698054513442e+00,3.398924865570278797e+01,7.135233452426714962e+01,3.524929588343181308e+01
2.330000000000000071e+01,1.614859443555572316e+00,3.376321264507647157e+01,7.097331816941284899e+01,3.502865072578033789e+01
2.335000000000000142e+01,1.564310330989699960e+00,3.353865558301407646e+01,7.059640093240921033e+01,3.480950560735676902e+01
2.340000000000000213e+01,1.514697288308832768e+00,3.331556749733104539e+01,7.022157030173191572e+01,3.459185064617571470e+01
2.345000000000000284e+01,1.466013300103703010e+00,3.309393848136335947e+01,6.984881384167101714e+01,3.437567602612536177e+01
2.350000000000000000e+01,1.418251407213349857e+00,3.287375869352894853e+01,6.947811919185019747e+01,3.416097199653036398e+01
2.355000000000000071e+01,1.371404706337384427e+00,3.265501835689182286e+01,6.910947406674898730e+01,3.394772887171750142e+01
2.360000000000000142e+01,1.325466349650998410e+00,3.243770775872928169e+01,6.874286625522800875e+01,3.373593703058439530e+01
2.365000000000000213e+01,1.280429544422679644e+00,3.222181725010181452e+01,6.837828362005745930e+01,3.352558691617093700e+01
2.370000000000000284e+01,1.236287552634625531e+00,3.200733724542594416e+01,6.801571409744828145e+01,3.331666903523370138e+01
2.375000000000000000e+01,1.193033690605839858e+00,3.179425822204985508e+01,6.765514569658665778e+01,3.310917395782305306e+01
2.380000000000000071e+01,1.150661328617882617e+00,3.158257071983179998e+01,6.729656649917106392e+01,3.290309231686313751e+01
2.385000000000000142e+01,1.109163890543280351e+00,3.137226534072140538e+01,6.693996465895280323e+01,3.269841480773472142e+01
2.390000000000000213e+01,1.068534853476548641e+00,3.116333274834358491e+01,6.658532840127911356e+01,3.249513218786070468e+01
2.395000000000000284e+01,1.028767747367824947e+00,3.095576366758532316e+01,6.623264602263913048e+01,3.229323527629439639e+01
2.400000000000000000e+01,9.898561546590949334e-01,3.074954888418515253e+01,6.588190589021311894e+01,3.209271495331063306e+01
2.405000000000000071e+01,9.517937099229814013e-01,3.054467924432530168e+01,6.553309644142407819e+01,3.189356215999941568e+01
2.410000000000000142e+01,9.145740995041151677e-01,3.034114565422662224e+01,6.518620618349277152e+01,3.169576789786253102e+01
2.415000000000000213e+01,8.781910611630159291e-01,3.013893907974612318e+01,6.484122369299504385e+01,3.149932322841257815e+01
2.420000000000000284e+01,8.426383837225068785e-01,2.993805054597719817e+01,6.449813761542240798e+01,3.130421927277483007e+01
2.425000000000000000e+01,8.079099067166403136e-01,2.973847113685246413e+01,6.415693666474513179e+01,3.111044721129167456e+01
2.430000000000000071e+01,7.739995200420906052e-01,2.954019199474922885e+01,6.381760962297821038e+01,3.091799828312969112e+01
2.435000000000000142e+01,7.409011636120477196e-01,2.934320432009763380e+01,6.348014533975018026e+01,3.072686378588937473e+01
2.440000000000000213e+01,7.086088270125412425e-01,2.914749937099126953e+01,6.314453273187457683e+01,3.053703507521741400e+01
2.445000000000000284e+01,6.771165491612103349e-01,2.895306846280045932e+01,6.281076078292419140e+01,3.034850356442158059e+01
2.450000000000000000e+01,6.464184179684989706e-01,2.875990296778804023e+01,6.247881854280795721e+01,3.016126072408813386e+01
2.455000000000000071e+01,6.165085700012429282e-01,2.856799431472766670e+01,6.214869512735054968e+01,2.997529808170178001e+01
2.460000000000000142e+01,5.873811901486709619e-01,2.837733398852475375e+01,6.182037971787478625e+01,2.979060722126823890e+01
2.465000000000000213e+01,5.590305112907529850e-01,2.818791352983975429e+01,6.149386156078656285e+01,2.960717978293920538e+01
2.470000000000000284e+01,5.314508139689195776e-01,2.799972453471403711e+01,6.116912996716246198e+01,2.942500746263986144e+01
2.475000000000000000e+01,5.046364260591209572e-01,2.781275865419821614e+01,6.084617431233995433e+01,2.924408201169887889e+01
2.480000000000000071e+01,4.785817224472020959e-01,2.762700759398287431e+01,6.052498403551020800e+01,2.906439523648079160e+01
2.485000000000000142e+01,4.532811247066079741e-01,2.744246311403181693e+01,6.020554863931361922e+01,2.888593899802096487e+01
2.490000000000000213e+01,4.287291007783622376e-01,2.725911702821766980e+01,5.988785768943778720e+01,2.870870521166287404e+01
2.495000000000000284e+01,4.049201646533346910e-01,2.707696120395995010e+01,5.957190081421801864e+01,2.853268584669781305e+01
2.500000000000000000e+01,3.818488760567755880e-01,2.689598756186543227e+01,5.925766770424051089e+01,2.835787292600704035e+01
2.505000000000000071e+01,3.595098401350835804e-01,2.671618807537095819e+01,5.894514811194784443e+01,2.818425852570621259e+01
2.510000000000000142e+01,3.378977071448305836e-01,2.653755477038862409e+01,5.863433185124731040e+01,2.801183477479234796e+01
2.515000000000000213e+01,3.170071721439832735e-01,2.636007972495321638e+01,5.832520879712136264e+01,2.784059385479294235e+01
2.520000000000000284e+01,2.968329746853382023e-01,2.618375506887207038e+01,5.801776888524082665e+01,2.767052799941757613e+01
2.525000000000000000e+01,2.773698985121471061e-01,2.600857298337720280e+01,5.771200211158038229e+01,2.750162949421173408e+01
2.530000000000000071e+01,2.586127712559055380e-01,2.583452570077965049e+01,5.740789853203661153e+01,2.733389067621295254e+01
2.535000000000000142e+01,2.405564641363176215e-01,2.566160550412627828e+01,5.710544826204840518e+01,2.716730393360931828e+01
2.540000000000000213e+01,2.231958916633903778e-01,2.548980472685867937e+01,5.680464147621979976e+01,2.700186170540013819e+01
2.545000000000000284e+01,2.065260113416669818e-01,2.531911575247441704e+01,5.650546840794525139e+01,2.683755648105893954e+01
2.550000000000000000e+01,1.905418233765737157e-01,2.514953101419045467e+01,5.620791934903716225e+01,2.667438080019866220e+01
2.555000000000000071e+01,1.752383703828651051e-01,2.498104299460880640e+01,5.591198464935590806e+01,2.651232725223909625e+01
2.560000000000000142e+01,1.606107370951674607e-01,2.481364422538444359e+01,5.561765471644217484e+01,2.635138847607655777e+01
2.565000000000000213e+01,1.466540500805855740e-01,2.464732728689534014e+01,5.532492001515161206e+01,2.619155715975571752e+01
2.570000000000000284e+01,1.333634774533737910e-01,2.448208480791470265e+01,5.503377106729178081e+01,2.603282604014363955e+01
2.575000000000000000e+01,1.207342285916546271e-01,2.431790946528536779e+01,5.474419845126147521e+01,2.587518790260596546e+01
2.580000000000000071e+01,1.087615538561640394e-01,2.415479398359632057e+01,5.445619280169218257e+01,2.571863558068524469e+01
2.585000000000000142e+01,9.744074431102509037e-02,2.399273113486140119e+01,5.416974480909208012e+01,2.556316195578147443e+01
2.590000000000000213e+01,8.676713144651779230e-02,2.383171373820009720e+01,5.388484521949202843e+01,2.540875995683468602e+01
2.595000000000000284e+01,7.673608690384497999e-02,2.367173465952038924e+01,5.360148483409395226e+01,2.525542256000964159e+01
2.600000000000000000e+01,6.734302220187712851e-02,2.351278681120377811e+01,5.331965450892136715e+01,2.510314278838269786e+01
2.605000000000000071e+01,5.858338846585804671e-02,2.335486315179231909e+01,5.303934515447220122e+01,2.495191371163067373e+01
2.610000000000000142e+01,5.045267615807030870e-02,2.319795668567774527e+01,5.276054773537375553e+01,2.480172844572182811e+01
2.615000000000000213e+01,4.294641481043202230e-02,2.304206046279262665e+01,5.248325327003993124e+01,2.465258015260890545e+01
2.620000000000000284e+01,3.606017275902367869e-02,2.288716757830360393e+01,5.220745283033049589e+01,2.450446203992418148e+01
2.625000000000000000e+01,2.978955688052736112e-02,2.273327117230654792e+01,5.193313754121261638e+01,2.435736736067656238e+01
2.630000000000000071e+01,2.413021233056420606e-02,2.258036442952381861e+01,5.166029858042444545e+01,2.421128941295066284e+01
2.635000000000000142e+01,1.907782228392379195e-02,2.242844057900349952e+01,5.138892717814102440e+01,2.406622153960798727e+01
2.640000000000000213e+01,1.462810767666391024e-02,2.227749289382057540e+01,5.111901461664204049e+01,2.392215712798996208e+01
2.645000000000000284e+01,1.077682695007496812e-02,2.212751469078010658e+01,5.085055222998183666e+01,2.377908960962303198e+01
2.650000000000000000e+01,7.519775796494025492e-03,2.197849933012233947e+01,5.058353140366155998e+01,2.363701245992568545e+01
2.655000000000000071e+01,4.852786906955184991e-03,2.183044021522977118e+01,5.031794357430317888e+01,2.349591919791741645e+01
2.660000000000000142e+01,2.771729720667493249e-03,2.168333079233615024e+01,5.005378022932583093e+01,2.335580338592970051e+01
2.665000000000000213e+01,1.272510176303433358e-03,2.153716455023735321e+01,4.979103290662398962e+01,2.321665862931875068e+01
2.670000000000000284e+01,3.510704650895248740e-04,2.139193502000422953e+01,4.952969319424777694e+01,2.307847857618033061e+01
2.675000000000000000e+01,3.388785685455093137e-06,2.124763577469725817e+01,4.926975273008530820e+01,2.294125691706637582e+01
2.675545465907133291e+01,0.000000000000000000e+00,2.123194971866407599e+01,4.924147929452612260e+01,2.292634468296356687e+01
2.680000000000000071e+01,0.000000000000000000e+00,2.110426049882093835e+01,4.901120327128471388e+01,2.280493106723164942e+01
2.685000000000000142e+01,0.000000000000000000e+00,2.096180330445682927e+01,4.875403701035514814e+01,2.266941090481720167e+01
2.690000000000000213e+01,0.000000000000000000e+00,2.082025847362122306e+01,4.849824631749261528e+01,2.253469081618376535e+01
2.695000000000000284e+01,0.000000000000000000e+00,2.067962032346590107e+01,4.824382360574845308e+01,2.240076606317006380e+01
2.700000000000000000e+01,0.000000000000000000e+00,2.053988320593792594e+01,4.799076133065768346e+01,2.226763193563338206e+01
2.705000000000000071e+01,0.000000000000000000e+00,2.040104150756912915e+01,4.773905198999699451e+01,2.213528375128381498e+01
2.710000000000000142e+01,0.000000000000000000e+00,2.026308964926685974e+01,4.748868812354369595e+01,2.200371685551935386e+01
2.715000000000000213e+01,0.000000000000000000e+00,2.012602208610596222e+01,4.723966231283652917e+01,2.187292662126211340e+01
2.720000000000000284e+01,0.000000000000000000e+00,1.998983330712198381e+01,4.699196718093768510e+01,2.174290844879541140e+01
2.725000000000000000e+01,0.000000000000000000e+00,1.985451783510569967e+01,4.674559539219622195e+01,2.161365776560190710e+01
2.730000000000000071e+01,0.000000000000000000e+00,1.972007022639883900e+01,4.650053965201254869e+01,2.148517002620255667e+01
2.735000000000000142e+01,0.000000000000000000e+00,1.958648507069090883e+01,4.625679270660479148e+01,2.135744071199665228e+01
2.740000000000000213e+01,0.000000000000000000e+00,1.945375699081759890e+01,4.601434734277636096e+01,2.123046533110289147e+01
2.745000000000000284e+01,0.000000000000000000e+00,1.932188064256001425e+01,4.577319638768430821e+01,2.110423941820108240e+01
2.750000000000000000e+01,0.000000000000000000e+00,1.919085071444518675e+01,4.553333270860973414e+01,2.097875853437502514e+01
2.755000000000000071e+01,0.000000000000000000e+00,1.906066192754796162e+01,4.529474921272913690e+01,2.085401826695626681e+01
2.760000000000000142e+01,0.000000000000000000e+00,1.893130903529395681e+01,4.505743884688708789e+01,2.073001422936874860e+01
2.765000000000000213e+01,0.000000000000000000e+00,1.880278682326378359e+01,4.482139459737049947e+01,2.060674206097451844e+01
2.770000000000000284e+01,0.000000000000000000e+00,1.867509010899825839e+01,4.458660948968370974e+01,2.048419742692005485e+01
2.775000000000000000e+01,0.000000000000000000e+00,1.854821374180500726e+01,4.435307658832542899e+01,2.036237601798386265e+01
2.780000000000000071e+01,0.000000000000000000e+00,1.842215260256604736e+01,4.412078899656616215e+01,2.024127355042456600e+01
2.785000000000000142e+01,0.000000000000000000e+00,1.829690160354674333e+01,4.388973985622806850e+01,2.012088576583038702e+01
2.790000000000000213e+01,0.000000000000000000e+00,1.817245568820571577e+01,4.365992234746476441e+01,2.000120843096905077e+01
2.795000000000000284e+01,0.000000000000000000e+00,1.804880983100585112e+01,4.343132968854367704e+01,1.988223733763884482e+01
2.800000000000000000e+01,0.000000000000000000e+00,1.792595903722682138e+01,4.320395513562863954e+01,1.976396830252057057e+01
2.805000000000000071e+01,0.000000000000000000e+00,1.780389834277817585e+01,4.297779198256404243e+01,1.964639716703009853e+01
2.810000000000000142e+01,0.000000000000000000e+00,1.768262281401405289e+01,4.275283356066071860e+01,1.952951979717220610e+01
2.815000000000000213e+01,0.000000000000000000e+00,1.756212754754877281e+01,4.252907323848228316e+01,1.941333208339495542e+01
2.820000000000000284e+01,0.000000000000000000e+00,1.744240767007336856e+01,4.230650442163322822e+01,1.929782994044499134e+01
2.825000000000000000e+01,0.000000000000000000e+00,1.732345833817385383e+01,4.208512055254814754e+01,1.918300930722396203e+01
2.830000000000000071e+01,0.000000000000000000e+00,1.720527473814957631e+01,4.186491511028178536e+01,1.906886614664523449e+01
2.835000000000000142e+01,0.000000000000000000e+00,1.708785208583372395e+01,4.164588161030078339e+01,1.895539644549205605e+01
2.840000000000000213e+01,0.000000000000000000e+00,1.697118562641422201e+01,4.142801360427669266e+01,1.884259621427628417e+01
2.845000000000000284e+01,0.000000000000000000e+00,1.685527063425587002e+01,4.121130467987957502e+01,1.873046148709782699e+01
2.850000000000000000e+01,0.000000000000000000e+00,1.674010241272371147e+01,4.099574846057318922e+01,1.861898832150515304e+01
2.855000000000000071e+01,0.000000000000000000e+00,1.662567629400718872e+01,4.078133860541132805e+01,1.850817279835642637e+01
2.860000000000000142e+01,0.000000000000000000e+00,1.651198763894569765e+01,4.056806880883553390e+01,1.839801102168173230e+01
2.865000000000000213e+01,0.000000000000000000e+00,1.639903183685488486e+01,4.035593280047346099e+01,1.828849911854580768e+01
2.870000000000000284e+01,0.000000000000000000e+00,1.628680430535406742e+01,4.014492434493865858e+01,1.817963323891169836e+01
2.875000000000000000e+01,0.000000000000000000e+00,1.617530049019486427e+01,3.993503724163173274e+01,1.807140955550536532e+01
2.880000000000000071e+01,0.000000000000000000e+00,1.606451586509059482e+01,3.972626532454226123e+01,1.796382426368086271e+01
2.885000000000000142e+01,0.000000000000000000e+00,1.595444593154702062e+01,3.951860246205220761e+01,1.785687358128656399e+01
2.890000000000000213e+01,0.000000000000000000e+00,1.584508621869363587e+01,3.931204255674000336e+01,1.775055374853181789e+01
2.895000000000000284e+01,0.000000000000000000e+00,1.573643228311652642e+01,3.910657954518617174e+01,1.764486102785480526e+01
2.900000000000000000e+01,0.000000000000000000e+00,1.562847970869188430e+01,3.890220739778023784e+01,1.753979170379100339e+01
2.905000000000000071e+01,0.000000000000000000e+00,1.552122410642048500e+01,3.869892011852774516e+01,1.743534208284217968e+01
2.910000000000000142e+01,0.000000000000000000e+00,1.541466111426347574e+01,3.849671174485968805e+01,1.733150849334666077e+01
2.915000000000000213e+01,0.000000000000000000e+00,1.530878639697882626e+01,3.829557634744217154e+01,1.722828728534995690e+01
2.920000000000000284e+01,0.000000000000000000e+00,1.520359564595894142e+01,3.809550802998735008e+01,1.712567483047630645e+01
2.925000000000000000e+01,0.000000000000000000e+00,1.509908457906918855e+01,3.789650092906562406e+01,1.702366752180100207e+01
2.930000000000000071e+01,0.000000000000000000e+00,1.499524894048743384e+01,3.769854921391877411e+01,1.692226177372340956e+01
2.935000000000000142e+01,0.000000000000000000e+00,1.489208450054450772e+01,3.750164708627420396e+01,1.682145402184080396e+01
2.940000000000000213e+01,0.000000000000000000e+00,1.478958705556568987e+01,3.730578878016020639e+01,1.672124072282289831e+01
2.945000000000000284e+01,0.000000000000000000e+00,1.468775242771300604e+01,3.711096856172225245e+01,1.662161835428706524e+01
2.950000000000000000e+01,0.000000000000000000e+00,1.458657646482868664e+01,3.691718072904068038e+01,1.652258341467451430e+01
2.955000000000000071e+01,0.000000000000000000e+00,1.448605504027940682e+01,3.672441961194878957e+01,1.642413242312689903e+01
2.960000000000000142e+01,0.000000000000000000e+00,1.438618405280147705e+01,3.653267957185252612e+01,1.632626191936386917e+01
2.965000000000000213e+01,0.000000000000000000e+00,1.428695942634704252e+01,3.634195500155107794e+01,1.622896846356129075e+01
2.970000000000000284e+01,0.000000000000000000e+00,1.418837710993123480e+01,3.615224032505833662e+01,1.613224863623020156e+01
2.975000000000000000e+01,0.000000000000000000e+00,1.409043307747998419e+01,3.596352999742553180e+01,1.603609903809637416e+01
2.980000000000000071e+01,0.000000000000000000e+00,1.399312332767915024e+01,3.577581850456479629e+01,1.594051628998077419e+01
2.985000000000000142e+01,0.000000000000000000e+00,1.389644388382421880e+01,3.558910036307378988e+01,1.584549703268055687e+01
2.990000000000000213e+01,0.000000000000000000e+00,1.380039079367107036e+01,3.540337012006140327e+01,1.575103792685088600e+01
2.995000000000000284e+01,0.000000000000000000e+00,1.370496012928764173e+01,3.521862235297421506e+01,1.565713565288737463e+01
3.000000000000000000e+01,0.000000000000000000e+00,1.361014798690642635e+01,3.503485166942430595e+01,1.556378691080928967e+01
3.005000000000000071e+01,0.000000000000000000e+00,1.351595048677785016e+01,3.485205270701767688e+01,1.547098842014334430e+01
3.010000000000000142e+01,0.000000000000000000e+00,1.342236377302465300e+01,3.467022013318400298e+01,1.537873691980832724e+01
3.015000000000000213e+01,0.000000000000000000e+00,1.332938401349699298e+01,3.448934864500706254e+01,1.528702916800026301e+01
3.020000000000000284e+01,0.000000000000000000e+00,1.323700739962855266e+01,3.430943296905634554e+01,1.519586194207836272e+01
3.025000000000000000e+01,0.000000000000000000e+00,1.314523014629337183e+01,3.413046786121948628e+01,1.510523203845155749e+01
3.030000000000000071e+01,0.000000000000000000e+00,1.305404849166370340e+01,3.395244810653582590e+01,1.501513627246580818e+01
3.035000000000000142e+01,0.000000000000000000e+00,1.296345869706859943e+01,3.377536851903072801e+01,1.492557147829198172e+01
3.040000000000000213e+01,0.000000000000000000e+00,1.287345704685339953e+01,3.359922394155100989e+01,1.483653450881445224e+01
3.045000000000000284e+01,0.000000000000000000e+00,1.278403984824009321e+01,3.342400924560119080e+01,1.474802223552034519e+01
3.050000000000000000e+01,0.000000000000000000e+00,1.269520343118844252e+01,3.324971933118073508e+01,1.466003154838940503e+01
3.055000000000000071e+01,0.000000000000000000e+00,1.260694414825803911e+01,3.307634912662235394e+01,1.457255935578460893e+01
3.060000000000000142e+01,0.000000000000000000e+00,1.251925837447108947e+01,3.290389358843088274e+01,1.448560258434326542e+01
3.065000000000000213e+01,0.000000000000000000e+00,1.243214250717612046e+01,3.273234770112348713e+01,1.439915817886893201e+01
3.070000000000000284e+01,0.000000000000000000e+00,1.234559296591249833e+01,3.256170647707063637e+01,1.431322310222390826e+01
3.075000000000000000e+01,0.000000000000000000e+00,1.225960619227563875e+01,3.239196495633763107e+01,1.422779433522222803e+01
3.080000000000000071e+01,0.000000000000000000e+00,1.217417864978316366e+01,3.222311820652780057e+01,1.414286887652353286e+01
3.085000000000000142e+01,0.000000000000000000e+00,1.208930682374190724e+01,3.205516132262589224e+01,1.405844374252742668e+01
3.090000000000000213e+01,0.000000000000000000e+00,1.200498722111549554e+01,3.188808942684264025e+01,1.397451596726840783e+01
3.095000000000000284e+01,0.000000000000000000e+00,1.192121637039299564e+01,3.172189766846033621e+01,1.389108260231158098e+01
3.100000000000000000e+01,0.000000000000000000e+00,1.183799082145808690e+01,3.155658122367893270e+01,1.380814071664877574e+01
3.105000000000000071e+01,0.000000000000000000e+00,1.175530714545938160e+01,3.139213529546354309e+01,1.372568739659557657e+01
3.110000000000000142e+01,0.000000000000000000e+00,1.167316193468102625e+01,3.122855511339224321e+01,1.364371974568857482e+01
3.115000000000000213e+01,0.000000000000000000e+00,1.159155180241466354e+01,3.106583593350525874e+01,1.356223488458364557e+01
3.120000000000000284e+01,0.000000000000000000e+00,1.151047338283159327e+01,3.090397303815452901e+01,1.348122995095442889e+01
3.125000000000000000e+01,0.000000000000000000e+00,1.142992333085616252e+01,3.074296173585462810e+01,1.340070209939173829e+01
3.130000000000000071e+01,0.000000000000000000e+00,1.134989832203966209e+01,3.058279736113411218e+01,1.332064850130335998e+01
3.135000000000000142e+01,0.000000000000000000e+00,1.127039505243509510e+01,3.042347527438808896e+01,1.324106634481456979e+01
3.140000000000000213e+01,0.000000000000000000e+00,1.119141023847258509e+01,3.026499086173114961e+01,1.316195283466907995e+01
3.145000000000000284e+01,0.000000000000000000e+00,1.111294061683571144e+01,3.010733953485176784e+01,1.308330519213079768e+01
3.150000000000000000e+01,0.000000000000000000e+00,1.103498294433841842e+01,2.995051673086695843e+01,1.300512065488594970e+01
3.155000000000000071e+01,0.000000000000000000e+00,1.095753399780274329e+01,2.979451791217804768e+01,1.292739647694588356e+01
3.160000000000000142e+01,0.000000000000000000e+00,1.088059057393730455e+01,2.963933856632733566e+01,1.285012992855048708e+01
3.165000000000000213e+01,0.000000000000000000e+00,1.080414948921651508e+01,2.948497420585538364e+01,1.277331829607210345e+01
3.170000000000000284e+01,0.000000000000000000e+00,1.072820757976042749e+01,2.933142036815914366e+01,1.269695888192000055e+01
3.175000000000000000e+01,0.000000000000000000e+00,1.065276170121545185e+01,2.917867261535116086e+01,1.262104900444551703e+01
3.180000000000000071e+01,0.000000000000000000e+00,1.057780872863567900e+01,2.902672653411910630e+01,1.254558599784761697e+01
3.185000000000000142e+01,0.000000000000000000e+00,1.050334555636501577e+01,2.887557773558662078e+01,1.247056721207916397e+01
3.190000000000000213e+01,0.000000000000000000e+00,1.042936909791986366e+01,2.872522185517460613e+01,1.239599001275358248e+01
3.195000000000000284e+01,0.000000000000000000e+00,1.035587628587276399e+01,2.857565455246343689e+01,1.232185178105224210e+01
3.200000000000000000e+01,0.000000000000000000e+00,1.028286407173651362e+01,2.842687151105600663e+01,1.224814991363225758e+01
3.205000000000000426e+01,0.000000000000000000e+00,1.021032942584903935e+01,2.827886843844128251e+01,1.217488182253483942e+01
3.210000000000000142e+01,0.000000000000000000e+00,1.013826933725909996e+01,2.813164106585928792e+01,1.210204493509437285e+01
3.214999999999999858e+01,0.000000000000000000e+00,1.006668081361243416e+01,2.798518514816587910e+01,1.202963669384768686e+01
3.220000000000000284e+01,0.000000000000000000e+00,9.995560881038858980e+00,2.783949646369920927e+01,1.195765455644423270e+01
3.225000000000000000e+01,0.000000000000000000e+00,9.924906584039840496e+00,2.769457081414655164e+01,1.188609599555655905e+01
3.230000000000000426e+01,0.000000000000000000e+00,9.854714985376855196e+00,2.755040402441178671e+01,1.181495849879137339e+01
3.235000000000000142e+01,0.000000000000000000e+00,9.784983165960417395e+00,2.740699194248383108e+01,1.174423956860116647e+01
3.239999999999999858e+01,0.000000000000000000e+00,9.715708224739652010e+00,2.726433043930571998e+01,1.167393672219625600e+01
3.245000000000000284e+01,0.000000000000000000e+00,9.646887278592785719e+00,2.712241540864463829e+01,1.160404749145755332e+01
3.250000000000000000e+01,0.000000000000000000e+00,9.578517462218050227e+00,2.698124276696240287e+01,1.153456942284962494e+01
3.255000000000000426e+01,0.000000000000000000e+00,9.510595928025335155e+00,2.684080845328675480e+01,1.146550007733435628e+01
3.260000000000000142e+01,0.000000000000000000e+00,9.443119846030054276e+00,2.670110842908526294e+01,1.139683703028634199e+01
3.264999999999999858e+01,0.000000000000000000e+00,9.376086403740034214e+00,2.656213867813140084e+01,1.132857787140286732e+01
3.270000000000000284e+01,0.000000000000000000e+00,9.309492806058251801e+00,2.642389520638824507e+01,1.126072020462618717e+01
3.275000000000000000e+01,0.000000000000000000e+00,9.243336275171021299e+00,2.628637404187576720e+01,1.119326164805445245e+01
3.280000000000000426e+01,0.000000000000000000e+00,9.177614050444246274e+00,2.614957123454773225e+01,1.112619983385905620e+01
3.285000000000000142e+01,0.000000000000000000e+00,9.112323388319209627e+00,2.601348285616735012e+01,1.105953240820144146e+01
3.289999999999999858e+01,0.000000000000000000e+00,9.047461562208470198e+00,2.587810500018368032e+01,1.099325703115015429e+01
3.295000000000000284e+01,0.000000000000000000e+00,8.983025862392828742e+00,2.574343378160859785e+01,1.092737137659856472e+01
3.300000000000000000e+01,0.000000000000000000e+00,8.919013595918650950e+00,2.560946533689496718e+01,1.086187313218306727e+01
3.305000000000000426e+01,0.000000000000000000e+00,8.855422086495902789e+00,2.547619582381483383e+01,1.079675999920165985e+01
3.310000000000000142e+01,0.000000000000000000e+00,8.792248674396816455e+00,2.534362142133868900e+01,1.073202969253308048e+01
3.314999999999999858e+01,0.000000000000000000e+00,8.729490716355051916e+00,2.521173832951545180e+01,1.066767994055638979e+01
3.320000000000000284e+01,0.000000000000000000e+00,8.667145585465682700e+00,2.508054276935305538e+01,1.060370848507110608e+01
3.325000000000000000e+01,0.000000000000000000e+00,8.605210671085664842e+00,2.495003098269965136e+01,1.054011308121774526e+01
3.330000000000000426e+01,0.000000000000000000e+00,8.543683378734675316e+00,2.482019923212550694e+01,1.047689149739871439e+01
3.335000000000000142e+01,0.000000000000000000e+00,8.482561129997124638e+00,2.469104380080580086e+01,1.041404151520001164e+01
3.339999999999999858e+01,0.000000000000000000e+00,8.421841362424114408e+00,2.456256099240367163e+01,1.035156092931297422e+01
3.345000000000000284e+01,0.000000000000000000e+00,8.361521529436448219e+00,2.443474713095431383e+01,1.028944754745680257e+01
3.350000000000000000e+01,0.000000000000000000e+00,8.301599100227997852e+00,2.430759856074964986e+01,1.022769919030141139e+01
3.355000000000000426e+01,0.000000000000000000e+00,8.242071559669820857e+00,2.418111164622341036e+01,1.016631369139076213e+01
3.360000000000000142e+01,0.000000000000000000e+00,8.182936408214613877e+00,2.405528277183725550e+01,1.010528889706662170e+01
3.364999999999999858e+01,0.000000000000000000e+00,8.124191161801983085e+00,2.393010834196709880e+01,1.004462266639276535e+01
3.370000000000000284e+01,0.000000000000000000e+00,8.065833351764139181e+00,2.380558478079058915e+01,9.984312871079715990e+00
3.375000000000000000e+01,0.000000000000000000e+00,8.007860524732302920e+00,2.368170853217498717e+01,9.924357395409899141e+00
3.380000000000000426e+01,0.000000000000000000e+00,7.950270242543473032e+00,2.355847605956530089e+01,9.864754136163060849e+00
3.385000000000000142e+01,0.000000000000000000e+00,7.893060082147951739e+00,2.343588384587382123e+01,9.805501002542431621e+00
3.389999999999999858e+01,0.000000000000000000e+00,7.836227635517301060e+00,2.331392839336978895e+01,9.746595916101098211e+00
3.395000000000000284e+01,0.000000000000000000e+00,7.779770509552965230e+00,2.319260622356959445e+01,9.688036810668881671e+00
3.400000000000000000e+01,0.000000000000000000e+00,7.723686325995327451e+00,2.307191387712814290e+01,9.629821632279700339e+00
3.405000000000000426e+01,0.000000000000000000e+00,7.667972721333386588e+00,2.295184791373015898e+01,9.571948339099233038e+00
3.410000000000000142e+01,0.000000000000000000e+00,7.612627346714964993e+00,2.283240491198272792e+01,9.514414901353164922e+00
3.414999999999999858e+01,0.000000000000000000e+00,7.557647867857443025e+00,2.271358146930789701e+01,9.457219301255696209e+00
3.420000000000000284e+01,0.000000000000000000e+00,7.503031964959143707e+00,2.259537420183648848e+01,9.400359532938693974e+00
3.425000000000000000e+01,0.000000000000000000e+00,7.448777332611036250e+00,2.247777974430194803e+01,9.343833602381005576e+00
3.430000000000000426e+01,0.000000000000000000e+00,7.394881679709130573e+00,2.236079474993497840e+01,9.287639527338310330e+00
3.435000000000000142e+01,0.000000000000000000e+00,7.341342729367440256e+00,2.224441589035918199e+01,9.231775337273514737e+00
3.439999999999999858e+01,0.000000000000000000e+00,7.288158218831280344e+00,2.212863985548659684e+01,9.176239073287289827e+00
3.445000000000000284e+01,0.000000000000000000e+00,7.235325899391327198e+00,2.201346335341433047e+01,9.121028788049246216e+00
3.450000000000000000e+01,0.000000000000000000e+00,7.182843536297992770e+00,2.189888311032167323e+01,9.066142545729414692e+00
3.455000000000000426e+01,0.000000000000000000e+00,7.130708908676399282e+00,2.178489587036767006e+01,9.011578421930117599e+00
3.460000000000000142e+01,0.000000000000000000e+00,7.078919809441987177e+00,2.167149839558938496e+01,8.957334503618339383e+00
3.464999999999999858e+01,0.000000000000000000e+00,7.027474045216365539e+00,2.155868746580082629e+01,8.903408889058390230e+00
3.470000000000000284e+01,0.000000000000000000e+00,6.976369436243894384e+00,2.144645987849209945e+01,8.849799687744972942e+00
3.475000000000000000e+01,0.000000000000000000e+00,6.925603816308741223e+00,2.133481244872968574e+01,8.796505020336791603e+00
3.480000000000000426e+01,0.000000000000000000e+00,6.875175032652308893e+00,2.122374200905677100e+01,8.743523018590346751e+00
3.485000000000000142e+01,0.000000000000000000e+00,6.825080945891340178e+00,2.111324540939437355e+01,8.690851825294263477e+00
3.489999999999999858e+01,0.000000000000000000e+00,6.775319429936348392e+00,2.100331951694311172e+01,8.638489594203951683e+00
3.495000000000000284e+01,0.000000000000000000e+00,6.725888371910666130e+00,2.089396121608528745e+01,8.586434489976655371e+00
3.500000000000000000e+01,0.000000000000000000e+00,6.676785672069983413e+00,2.078516740828785458e+01,8.534684688106954908e+00
3.505000000000000426e+01,0.000000000000000000e+00,6.628009243722235766e+00,2.067693501200550799e+01,8.483238374862494879e+00
3.510000000000000142e+01,0.000000000000000000e+00,6.579557013148133571e+00,2.056926096258481351e+01,8.432093747220269719e+00
3.514999999999999858e+01,0.000000000000000000e+00,6.531426919522122176e+00,2.046214221216856544e+01,8.381249012803202447e+00
3.520000000000000284e+01,0.000000000000000000e+00,6.483616914833724820e+00,2.035557572960059858e+01,8.330702389817012943e+00
3.525000000000000000e+01,0.000000000000000000e+00,6.436124963809578325e+00,2.024955850033157390e+01,8.280452106987683081e+00
3.530000000000000426e+01,0.000000000000000000e+00,6.388949043835645547e+00,2.014408752632478894e+01,8.230496403499019564e+00
3.535000000000000142e+01,0.000000000000000000e+00,6.342087144880243166e+00,2.003915982596299017e+01,8.180833528930868681e+00
3.539999999999999858e+01,0.000000000000000000e+00,6.295537269417166293e+00,1.993477243395526344e+01,8.131461743197398562e+00
3.545000000000000284e+01,0.000000000000000000e+00,6.249297432349582238e+00,1.983092240124484107e+01,8.082379316486001386e+00
3.550000000000000000e+01,0.000000000000000000e+00,6.203365660934264447e+00,1.972760679491719316e+01,8.033584529196430069e+00
3.555000000000000426e+01,0.000000000000000000e+00,6.157739994706234121e+00,1.962482269810880808e+01,7.985075671880318637e+00
3.560000000000000142e+01,0.000000000000000000e+00,6.112418485403937396e+00,1.952256720991627859e+01,7.936851045181038344e+00
3.564999999999999858e+01,0.000000000000000000e+00,6.067399196894886160e+00,1.942083744530614453e+01,7.888908959773979213e+00
3.570000000000000284e+01,0.000000000000000000e+00,6.022680205101603512e+00,1.931963053502505900e+01,7.841247736307066063e+00
3.575000000000000000e+01,0.000000000000000000e+00,5.978259597928303748e+00,1.921894362551057966e+01,7.793865705341796790e+00
3.580000000000000426e+01,0.000000000000000000e+00,5.934135475187643394e+00,1.911877387880235446e+01,7.746761207294410312e+00
3.585000000000000142e+01,0.000000000000000000e+00,5.890305948528264501e+00,1.901911847245400011e+01,7.699932592377631835e+00
3.589999999999999858e+01,0.000000000000000000e+00,5.846769141362528899e+00,1.891997459944527904e+01,7.653378220542584209e+00
3.595000000000000284e+01,0.000000000000000000e+00,5.803523188794852850e+00,1.882133946809485892e+01,7.607096461421141598e+00
3.600000000000000000e+01,0.000000000000000000e+00,5.760566237550349022e+00,1.872321030197361225e+01,7.561085694268577129e+00
3.605000000000000426e+01,0.000000000000000000e+00,5.717896445904012914e+00,1.862558433981835293e+01,7.515344307906595134e+00
3.610000000000000142e+01,0.000000000000000000e+00,5.675511983610246780e+00,1.852845883544599559e+01,7.469870700666621843e+00
3.614999999999999858e+01,0.000000000000000000e+00,5.633411031832872951e+00,1.843183105766840768e+01,7.424663280333538395e+00
3.620000000000000284e+01,0.000000000000000000e+00,5.591591783075505973e+00,1.833569829020751385e+01,7.379720464089631449e+00
3.625000000000000000e+01,0.000000000000000000e+00,5.550052441112475421e+00,1.824005783161110017e+01,7.335040678459012753e+00
3.630000000000000426e+01,0.000000000000000000e+00,5.508791220919956544e+00,1.814490699516877825e+01,7.290622359252172835e+00
3.635000000000000142e+01,0.000000000000000000e+00,5.467806348607763489e+00,1.805024310882886240e+01,7.246463951511097790e+00
3.639999999999999858e+01,0.000000000000000000e+00,5.427096061351358358e+00,1.795606351511534271e+01,7.202563909454514857e+00
3.645000000000000284e+01,0.000000000000000000e+00,5.386658607324348758e+00,1.786236557104543721e+01,7.158920696423534125e+00
3.650000000000000000e+01,0.000000000000000000e+00,5.346492245631443652e+00,1.776914664804785460e+01,7.115532784827685475e+00
3.655000000000000426e+01,0.000000000000000000e+00,5.306595246241691655e+00,1.767640413188102499e+01,7.072398656091102076e+00
3.660000000000000142e+01,0.000000000000000000e+00,5.266965889922322397e+00,1.758413542255231121e+01,7.029516800599239446e+00
3.664999999999999858e+01,0.000000000000000000e+00,5.227602468172695360e+00,1.749233793423735861e+01,6.986885717645687777e+00
3.670000000000000284e+01,0.000000000000000000e+00,5.188503283158914847e+00,1.740100909519991745e+01,6.944503915379437231e+00
3.675000000000000000e+01,0.000000000000000000e+00,5.149666647648777129e+00,1.731014634771235450e+01,6.902369910752477189e+00
3.680000000000000426e+01,0.000000000000000000e+00,5.111090884947010693e+00,1.721974714797633510e+01,6.860482229467589121e+00
3.685000000000000142e+01,0.000000000000000000e+00,5.072774328831017421e+00,1.712980896604411285e+01,6.818839405926537367e+00
3.689999999999999858e+01,0.000000000000000000e+00,5.034715323486922856e+00,1.704032928574013894e+01,6.777439983178496163e+00
3.695000000000000284e+01,0.000000000000000000e+00,4.996912223446083878e+00,1.695130560458337143e+01,6.736282512868884353e+00
3.700000000000000000e+01,0.000000000000000000e+00,4.959363393521997843e+00,1.686273543370976924e+01,6.695365555188441675e+00
3.705000000000000426e+01,0.000000000000000000e+00,4.922067208747434641e+00,1.677461629779524444e+01,6.654687678822527985e+00
3.710000000000000142e+01,0.000000000000000000e+00,4.885022054312190498e+00,1.668694573497922917e+01,6.614247460900902098e+00
3.714999999999999858e+01,0.000000000000000000e+00,4.848226325500984757e+00,1.659972129678842379e+01,6.574043486947598325e+00
3.720000000000000284e+01,0.000000000000000000e+00,4.811678427631930433e+00,1.651294054806133005e+01,6.534074350831297728e+00
3.725000000000000000e+01,0.000000000000000000e+00,4.775376775995236578e+00,1.642660106687281640e+01,6.494338654715821946e+00
3.730000000000000426e+01,0.000000000000000000e+00,4.739319795792345857e+00,1.634070044445930847e+01,6.454835009011000047e+00
3.735000000000000142e+01,0.000000000000000000e+00,4.703505922075459367e+00,1.625523628514451602e+01,6.415562032323858688e+00
3.739999999999999858e+01,0.000000000000000000e+00,4.667933599687343005e+00,1.617020620626526295e+01,6.376518351409987240e+00
3.745000000000000284e+01,0.000000000000000000e+00,4.632601283201623232e+00,1.608560783809810957e+01,6.337702601125339008e+00
3.750000000000000000e+01,0.000000000000000000e+00,4.597507436863334185e+00,1.600143882378608495e+01,6.299113424378187887e+00
3.755000000000000426e+01,0.000000000000000000e+00,4.562650534529860025e+00,1.591769681926596292e+01,6.260749472081420741e+00
3.760000000000000142e+01,0.000000000000000000e+00,4.528029059612320495e+00,1.583437949319604243e+01,6.222609403105170855e+00
3.764999999999999858e+01,0.000000000000000000e+00,4.493641505017111015e+00,1.575148452688407730e+01,6.184691884229574832e+00
3.770000000000000284e+01,0.000000000000000000e+00,4.459486373088076050e+00,1.566900961421589855e+01,6.146995590098012663e+00
3.775000000000000000e+01,0.000000000000000000e+00,4.425562175548739319e+00,1.558695246158429271e+01,6.109519203170442836e+00
3.780000000000000426e+01,0.000000000000000000e+00,4.391867433445113100e+00,1.550531078781816063e+01,6.072261413677097153e+00
3.785000000000000142e+01,0.000000000000000000e+00,4.358400677088773101e+00,1.542408232411245983e+01,6.035220919572501508e+00
3.789999999999999858e+01,0.000000000000000000e+00,4.325160446000203329e+00,1.534326481395815200e+01,5.998396426489639666e+00
3.795000000000000284e+01,0.000000000000000000e+00,4.292145288852606377e+00,1.526285601307265338e+01,5.961786647694466978e+00
3.800000000000000000e+01,0.000000000000000000e+00,4.259353763416028116e+00,1.518285368933089607e+01,5.925390304040737632e+00
3.805000000000000426e+01,0.000000000000000000e+00,4.226784436501746178e+00,1.510325562269633970e+01,5.889206123924958014e+00
3.810000000000000142e+01,0.000000000000000000e+00,4.194435883907082108e+00,1.502405960515298489e+01,5.853232843241787720e+00
3.814999999999999858e+01,0.000000000000000000e+00,4.162306690360471961e+00,1.494526344063703682e+01,5.817469205339495630e+00
3.820000000000000284e+01,0.000000000000000000e+00,4.130395449466981006e+00,1.486686494496964350e+01,5.781913960975900935e+00
3.825000000000000000e+01,0.000000000000000000e+00,4.098700763654045787e+00,1.478886194578962687e+01,5.746565868274429612e+00
3.830000000000000426e+01,0.000000000000000000e+00,4.067221244117567025e+00,1.471125228248652483e+01,5.711423692680414277e+00
3.835000000000000142e+01,0.000000000000000000e+00,4.035955510768352461e+00,1.463403380613440063e+01,5.676486206917775945e+00
3.840000000000000568e+01,0.000000000000000000e+00,4.004902192178906084e+00,1.455720437942563272e+01,5.641752190945861223e+00
3.845000000000000284e+01,0.000000000000000000e+00,3.974059925530505577e+00,1.448076187660529079e+01,5.607220431916575265e+00
3.850000000000000000e+01,0.000000000000000000e+00,3.943427356560562647e+00,1.440470418340580494e+01,5.572889724131732336e+00
3.855000000000000426e+01,0.000000000000000000e+00,3.913003139510394135e+00,1.432902919698201849e+01,5.538758869000702134e+00
3.860000000000000142e+01,0.000000000000000000e+00,3.882785937073262694e+00,1.425373482584668672e+01,5.504826674998303027e+00
3.865000000000000568e+01,0.000000000000000000e+00,3.852774420342724770e+00,1.417881898980616207e+01,5.471091957622903124e+00
3.870000000000000284e+01,0.000000000000000000e+00,3.822967268761310766e+00,1.410427961989660872e+01,5.437553539354807342e+00
3.875000000000000000e+01,0.000000000000000000e+00,3.793363170069486756e+00,1.403011465832049964e+01,5.404210249614868289e+00
3.880000000000000426e+01,0.000000000000000000e+00,3.763960820254992790e+00,1.395632205838348128e+01,5.371060924723366270e+00
3.885000000000000142e+01,0.000000000000000000e+00,3.734758923502404571e+00,1.388289978443160066e+01,5.338104407859102452e+00
3.890000000000000568e+01,0.000000000000000000e+00,3.705756192143090377e+00,1.380984581178891446e+01,5.305339549018773582e+00
3.895000000000000284e+01,0.000000000000000000e+00,3.676951346605367821e+00,1.373715812669539815e+01,5.272765204976533226e+00
3.900000000000000000e+01,0.000000000000000000e+00,3.648343115365090927e+00,1.366483472624518747e+01,5.240380239243842553e+00
3.905000000000000426e+01,0.000000000000000000e+00,3.619930234896394428e+00,1.359287361832524432e+01,5.208183522029508516e+00
3.910000000000000142e+01,0.000000000000000000e+00,3.591711449622872365e+00,1.352127282155442245e+01,5.176173930200041795e+00
3.915000000000000568e+01,0.000000000000000000e+00,3.563685511868962319e+00,1.345003036522258810e+01,5.144350347240128407e+00
3.920000000000000284e+01,0.000000000000000000e+00,3.535851181811677346e+00,1.337914428923044596e+01,5.112711663213450386e+00
3.925000000000000000e+01,0.000000000000000000e+00,3.508207227432575959e+00,1.330861264402948230e+01,5.081256774723658332e+00
3.930000000000000426e+01,0.000000000000000000e+00,3.480752424470102913e+00,1.323843349056226693e+01,5.049984584875618410e+00
3.935000000000000142e+01,0.000000000000000000e+00,3.453485556372152931e+00,1.316860490020322416e+01,5.018894003236882284e+00
3.940000000000000568e+01,0.000000000000000000e+00,3.426405414248935521e+00,1.309912495469952454e+01,4.987983945799348895e+00
3.945000000000000284e+01,0.000000000000000000e+00,3.399510796826188841e+00,1.302999174611255562e+01,4.957253334941233547e+00
3.950000000000000000e+01,0.000000000000000000e+00,3.372800510398550333e+00,1.296120337675941947e+01,4.926701099389130256e+00
3.955000000000000426e+01,0.000000000000000000e+00,3.346273368783351021e+00,1.289275795915514422e+01,4.896326174180461344e+00
3.960000000000000142e+01,0.000000000000000000e+00,3.319928193274600758e+00,1.282465361595479081e+01,4.866127500625998081e+00
3.965000000000000568e+01,0.000000000000000000e+00,3.293763812597287455e+00,1.275688847989627739e+01,4.836104026272712630e+00
3.970000000000000284e+01,0.000000000000000000e+00,3.267779062861966732e+00,1.268946069374325702e+01,4.806254704866797844e+00
3.975000000000000000e+01,0.000000000000000000e+00,3.241972787519570076e+00,1.262236841022844125e+01,4.776578496316895794e+00
3.980000000000000426e+01,0.000000000000000000e+00,3.216343837316559373e+00,1.255560979199719007e+01,4.747074366657576761e+00
3.985000000000000142e+01,0.000000000000000000e+00,3.190891070250325257e+00,1.248918301155148569e+01,4.717741288013034051e+00
3.990000000000000568e+01,0.000000000000000000e+00,3.165613351524833252e+00,1.242308625119411225e+01,4.688578238560944911e+00
3.995000000000000284e+01,0.000000000000000000e+00,3.140509553506570573e+00,1.235731770297325838e+01,4.659584202496599659e+00
4.000000000000000000e+01,0.000000000000000000e+00,3.115578555680789119e+00,1.229187556862741282e+01,4.630758169997247542e+00
4.005000000000000426e+01,0.000000000000000000e+00,3.090819244607902583e+00,1.222675805953040040e+01,4.602099137186550948e+00
4.010000000000000142e+01,0.000000000000000000e+00,3.066230513880308095e+00,1.216196339663708414e+01,4.573606106099425084e+00
4.015000000000000568e+01,0.000000000000000000e+00,3.041811264079322896e+00,1.209748981042897320e+01,4.545278084646904304e+00
4.020000000000000284e+01,0.000000000000000000e+00,3.017560402732518465e+00,1.203333554086042767e+01,4.517114086581366372e+00
4.025000000000000000e+01,0.000000000000000000e+00,2.993476844271162118e+00,1.196949883730501618e+01,4.489113131461834882e+00
4.030000000000000426e+01,0.000000000000000000e+00,2.969559509988062729e+00,1.190597795850218432e+01,4.461274244619577445e+00
4.035000000000000142e+01,0.000000000000000000e+00,2.945807327995613623e+00,1.184277117250433697e+01,4.433596457123891277e+00
4.040000000000000568e+01,0.000000000000000000e+00,2.922219233184034870e+00,1.177987675662406097e+01,4.406078805748032678e+00
4.045000000000000284e+01,0.000000000000000000e+00,2.898794167179998382e+00,1.171729299738174213e+01,4.378720332935435167e+00
4.050000000000000000e+01,0.000000000000000000e+00,2.875531078305370691e+00,1.165501819045347709e+01,4.351520086766054618e+00
4.055000000000000426e+01,0.000000000000000000e+00,2.852428921536311890e+00,1.159305064061919843e+01,4.324477120922955109e+00
4.060000000000000142e+01,0.000000000000000000e+00,2.829486658462559312e+00,1.153138866171122778e+01,4.297590494659086602e+00
4.065000000000000568e+01,0.000000000000000000e+00,2.806703257246985661e+00,1.147003057656289826e+01,4.270859272764217174e+00
4.070000000000000284e+01,0.000000000000000000e+00,2.784077692585401831e+00,1.140897471695777199e+01,4.244282525532144135e+00
4.075000000000000000e+01,0.000000000000000000e+00,2.761608945666604420e+00,1.134821942357881142e+01,4.217859328728005508e+00
4.080000000000000426e+01,0.000000000000000000e+00,2.739296004132656837e+00,1.128776304595810842e+01,4.191588763555855301e+00
4.085000000000000142e+01,0.000000000000000000e+00,2.717137862039445739e+00,1.122760394242671467e+01,4.165469916626401314e+00
4.090000000000000568e+01,0.000000000000000000e+00,2.695133519817418666e+00,1.116774048006483611e+01,4.139501879924917915e+00
4.095000000000000284e+01,0.000000000000000000e+00,2.673281984232636521e+00,1.110817103465234723e+01,4.113683750779404846e+00
4.100000000000000000e+01,0.000000000000000000e+00,2.651582268347984161e+00,1.104889399061941369e+01,4.088014631828845502e+00
4.105000000000000426e+01,0.000000000000000000e+00,2.630033391484686955e+00,1.098990774099758028e+01,4.062493630991738769e+00
4.110000000000000142e+01,0.000000000000000000e+00,2.608634379184030294e+00,1.093121068737106150e+01,4.037119861434780077e+00
4.115000000000000568e+01,0.000000000000000000e+00,2.587384263169298482e+00,1.087280123982826296e+01,4.011892441541714760e+00
4.120000000000000284e+01,0.000000000000000000e+00,2.566282081307981411e+00,1.081467781691361196e+01,3.986810494882393918e+00
4.125000000000000000e+01,0.000000000000000000e+00,2.545326877574187741e+00,1.075683884557967929e+01,3.961873150182013692e+00
4.130000000000000426e+01,0.000000000000000000e+00,2.524517702011290332e+00,1.069928276113952315e+01,3.937079541290525952e+00
4.135000000000000142e+01,0.000000000000000000e+00,2.503853610694814602e+00,1.064200800721934570e+01,3.912428807152243948e+00
4.140000000000000568e+01,0.000000000000000000e+00,2.483333665695536929e+00,1.058501303571134855e+01,3.887920091775605602e+00
4.145000000000000284e+01,0.000000000000000000e+00,2.462956935042803330e+00,1.052829630672694528e+01,3.863552544203137984e+00
4.150000000000000000e+01,0.000000000000000000e+00,2.442722492688104818e+00,1.047185628855012318e+01,3.839325318481582983e+00
4.155000000000000426e+01,0.000000000000000000e+00,2.422629418468838836e+00,1.041569145759119941e+01,3.815237573632219270e+00
4.160000000000000142e+01,0.000000000000000000e+00,2.402676798072309605e+00,1.035980029834068716e+01,3.791288473621326816e+00
4.165000000000000568e+01,0.000000000000000000e+00,2.382863722999957190e+00,1.030418130332355631e+01,3.767477187330867672e+00
4.170000000000000284e+01,0.000000000000000000e+00,2.363189290531786391e+00,1.024883297305362895e+01,3.743802888529300432e+00
4.175000000000000000e+01,0.000000000000000000e+00,2.343652603691005254e+00,1.019375381598834984e+01,3.720264755842590088e+00
4.180000000000000426e+01,0.000000000000000000e+00,2.324252771208932700e+00,1.013894234848369003e+01,3.696861972725388856e+00
4.185000000000000142e+01,0.000000000000000000e+00,2.304988907490057137e+00,1.008439709474941637e+01,3.673593727432382661e+00
4.190000000000000568e+01,0.000000000000000000e+00,2.285860132577331338e+00,1.003011658680449081e+01,3.650459212989788149e+00
4.195000000000000284e+01,0.000000000000000000e+00,2.266865572117718663e+00,9.976099364432855054e+00,3.627457627167073095e+00
4.200000000000000000e+01,0.000000000000000000e+00,2.248004357327870295e+00,9.922343975139297001e+00,3.604588172448759398e+00
4.205000000000000426e+01,0.000000000000000000e+00,2.229275624960086244e+00,9.868848974105755900e+00,3.581850056006482319e+00
4.210000000000000142e+01,0.000000000000000000e+00,2.210678517268450438e+00,9.815612924147689711e+00,3.559242489671147425e+00
4.215000000000000568e+01,0.000000000000000000e+00,2.192212181975183416e+00,9.762634395670808374e+00,3.536764689905293579e+00
4.220000000000000284e+01,0.000000000000000000e+00,2.173875772237184201e+00,9.709911966628004265e+00,3.514415877775593167e+00
4.225000000000000000e+01,0.000000000000000000e+00,2.155668446612796441e+00,9.657444222476501139e+00,3.492195278925523283e+00
4.230000000000000426e+01,0.000000000000000000e+00,2.137589369028772168e+00,9.605229756135265973e+00,3.470102123548202577e+00
4.235000000000000142e+01,0.000000000000000000e+00,2.119637708747439397e+00,9.553267167942713911e+00,3.448135646359398176e+00
4.240000000000000568e+01,0.000000000000000000e+00,2.101812640334058013e+00,9.501555065614498474e+00,3.426295086570653403e+00
4.245000000000000284e+01,0.000000000000000000e+00,2.084113343624399040e+00,9.450092064201722764e+00,3.404579687862629989e+00
4.250000000000000000e+01,0.000000000000000000e+00,2.066539003692489995e+00,9.398876786049219945e+00,3.382988698358549762e+00
4.255000000000000426e+01,0.000000000000000000e+00,2.049088810818597395e+00,9.347907860754155251e+00,3.361521370597837510e+00
4.260000000000000142e+01,0.000000000000000000e+00,2.031761960457381555e+00,9.297183925124901549e+00,3.340176961509916165e+00
4.265000000000000568e+01,0.000000000000000000e+00,2.014557653206227705e+00,9.246703623139962858e+00,3.318954732388104567e+00
4.270000000000000284e+01,0.000000000000000000e+00,1.997475094773837334e+00,9.196465605907363283e+00,3.297853948863759488e+00
4.275000000000000000e+01,0.000000000000000000e+00,1.980513495948919900e+00,9.146468531624069698e+00,3.276873880880477152e+00
4.280000000000000426e+01,0.000000000000000000e+00,1.963672072569152105e+00,9.096711065535725282e+00,3.256013802668507484e+00
4.285000000000000142e+01,0.000000000000000000e+00,1.946950045490308367e+00,9.047191879896640643e+00,3.235272992719314455e+00
4.290000000000000568e+01,0.000000000000000000e+00,1.930346640555542503e+00,8.997909653929900387e+00,3.214650733760246126e+00
4.295000000000000284e+01,0.000000000000000000e+00,1.913861088564923874e+00,8.948863073787801881e+00,3.194146312729412518e+00
4.300000000000000000e+01,0.000000000000000000e+00,1.897492625245091880e+00,8.900050832512418353e+00,3.173759020750650528e+00
4.305000000000000426e+01,0.000000000000000000e+00,1.881240491219150490e+00,8.851471629996471080e+00,3.153488153108693126e+00
4.310000000000000142e+01,0.000000000000000000e+00,1.865103931976725526e+00,8.803124172944384540e+00,3.133333009224458898e+00
4.315000000000000568e+01,0.000000000000000000e+00,1.849082197844186704e+00,8.755007174833451700e+00,3.113292892630456166e+00
4.320000000000000284e+01,0.000000000000000000e+00,1.833174543955101932e+00,8.707119355875464706e+00,3.093367110946417142e+00
4.325000000000000000e+01,0.000000000000000000e+00,1.817380230220819737e+00,8.659459442978253207e+00,3.073554975854973392e+00
4.330000000000000426e+01,0.000000000000000000e+00,1.801698521301261735e+00,8.612026169707693413e+00,3.053855803077554221e+00
4.335000000000000142e+01,0.000000000000000000e+00,1.786128686575902291e+00,8.564818276249791751e+00,3.034268912350399194e+00
4.340000000000000568e+01,0.000000000000000000e+00,1.770670000114888065e+00,8.517834509372974594e+00,3.014793627400687903e+00
4.345000000000000284e+01,0.000000000000000000e+00,1.755321740650388929e+00,8.471073622390676405e+00,2.995429275922863788e+00
4.350000000000000000e+01,0.000000000000000000e+00,1.740083191548062791e+00,8.424534375124038021e+00,2.976175189555041012e+00
4.355000000000000426e+01,0.000000000000000000e+00,1.724953640778755792e+00,8.378215533864882048e+00,2.957030703855598297e+00
4.360000000000000142e+01,0.000000000000000000e+00,1.709932380890343939e+00,8.332115871338842794e+00,2.937995158279882446e+00
4.365000000000000568e+01,0.000000000000000000e+00,1.695018708979737498e+00,8.286234166668744905e+00,2.919067896157054864e+00
4.370000000000000284e+01,0.000000000000000000e+00,1.680211926665089894e+00,8.240569205338145409e+00,2.900248264667081521e+00
4.375000000000000000e+01,0.000000000000000000e+00,1.665511340058157375e+00,8.195119779155096040e+00,2.881535614817852586e+00
4.380000000000000426e+01,0.000000000000000000e+00,1.650916259736820102e+00,8.149884686216102736e+00,2.862929301422435735e+00
4.385000000000000142e+01,0.000000000000000000e+00,1.636426000717804863e+00,8.104862730870316057e+00,2.844428683076481335e+00
4.390000000000000568e+01,0.000000000000000000e+00,1.622039882429531898e+00,8.060052723683840625e+00,2.826033122135726217e+00
4.395000000000000284e+01,0.000000000000000000e+00,1.607757228685174677e+00,8.015453481404332337e+00,2.807741984693670645e+00
4.400000000000000000e+01,0.000000000000000000e+00,1.593577367655836463e+00,7.971063826925721685e+00,2.789554640559348542e+00
4.405000000000000426e+01,0.000000000000000000e+00,1.579499631843941598e+00,7.926882589253152922e+00,2.771470463235258919e+00
4.410000000000000142e+01,0.000000000000000000e+00,1.565523358056757575e+00,7.882908603468189668e+00,2.753488829895426093e+00
4.415000000000000568e+01,0.000000000000000000e+00,1.551647887380085189e+00,7.839140710694070258e+00,2.735609121363560270e+00
4.420000000000000284e+01,0.000000000000000000e+00,1.537872565152118565e+00,7.795577758061240203e+00,2.717830722091369111e+00
4.425000000000000000e+01,0.000000000000000000e+00,1.524196740937461048e+00,7.752218598673143113e+00,2.700153020137016302e+00
4.430000000000000426e+01,0.000000000000000000e+00,1.510619768501302973e+00,7.709062091571991182e+00,2.682575407143649393e+00
4.435000000000000142e+01,0.000000000000000000e+00,1.497141005783766632e+00,7.666107101705002869e+00,2.665097278318134144e+00
4.440000000000000568e+01,0.000000000000000000e+00,1.483759814874380911e+00,7.623352499890557965e+00,2.647718032409829725e+00
4.445000000000000284e+01,0.000000000000000000e+00,1.470475561986755109e+00,7.580797162784755905e+00,2.630437071689566420e+00
4.450000000000000000e+01,0.000000000000000000e+00,1.457287617433369098e+00,7.538439972847969628e+00,2.613253801928677067e+00
4.455000000000000426e+01,0.000000000000000000e+00,1.444195355600542241e+00,7.496279818311770704e+00,2.596167632378213685e+00
4.460000000000000142e+01,0.000000000000000000e+00,1.431198154923561949e+00,7.454315593145894425e+00,2.579177975748254692e+00
4.465000000000000568e+01,0.000000000000000000e+00,1.418295397861931706e+00,7.412546197025418060e+00,2.562284248187320479e+00
4.470000000000000284e+01,0.000000000000000000e+00,1.405486470874818261e+00,7.370970535298217996e+00,2.545485869261963519e+00
4.475000000000000000e+01,0.000000000000000000e+00,1.392770764396609406e+00,7.329587518952410008e+00,2.528782261936407316e+00
4.480000000000000426e+01,0.000000000000000000e+00,1.380147672812646942e+00,7.288396064584183875e+00,2.512172852552369662e+00
4.485000000000000142e+01,0.000000000000000000e+00,1.367616594435103305e+00,7.247395094365672641e+00,2.495657070808969813e+00
4.490000000000000568e+01,0.000000000000000000e+00,1.355176931478998981e+00,7.206583536013035918e+00,2.479234349742758248e+00
4.495000000000000284e+01,0.000000000000000000e+00,1.342828090038385547e+00,7.165960322754756362e+00,2.462904125707881864e+00
4.500000000000000000e+01,0.000000000000000000e+00,1.330569480062655296e+00,7.125524393300029402e+00,2.446665838356334888e+00
4.505000000000000426e+01,0.000000000000000000e+00,1.318400515333006506e+00,7.085274691807410541e+00,2.430518930618355888e+00
4.510000000000000142e+01,0.000000000000000000e+00,1.306320613439068801e+00,7.045210167853608318e+00,2.414462848682936702e+00
4.515000000000000568e+01,0.000000000000000000e+00,1.294329195755635986e+00,7.005329776402390074e+00,2.398497041978415290e+00
4.520000000000000284e+01,0.000000000000000000e+00,1.282425687419588511e+00,6.965632477773771036e+00,2.382620963153236904e+00
4.525000000000000000e+01,0.000000000000000000e+00,1.270609517306916514e+00,6.926117237613254041e+00,2.366834068056771656e+00
4.530000000000000426e+01,0.000000000000000000e+00,1.258880118009912952e+00,6.886783026861323265e+00,2.351135815720287070e+00
4.535000000000000142e+01,0.000000000000000000e+00,1.247236925814498409e+00,6.847628821723081849e+00,2.335525668338019667e+00
4.540000000000000568e+01,0.000000000000000000e+00,1.235679380677680239e+00,6.808653603637990770e+00,2.320003091248337590e+00
4.545000000000000284e+01,0.000000000000000000e+00,1.224206926205168244e+00,6.769856359249936339e+00,2.304567552915067985e+00
4.550000000000000000e+01,0.000000000000000000e+00,1.212819009629099387e+00,6.731236080377249742e+00,2.289218524908862129e+00
4.555000000000000426e+01,0.000000000000000000e+00,1.201515081785937689e+00,6.692791763983050757e+00,2.273955481888731534e+00
4.560000000000000142e+01,0.000000000000000000e+00,1.190294597094482043e+00,6.654522412145713162e+00,2.258777901583669312e+00
4.565000000000000568e+01,0.000000000000000000e+00,1.179157013534013698e+00,6.616427032029424282e+00,2.243685264774363031e+00
4.570000000000000284e+01,0.000000000000000000e+00,1.168101792622602053e+00,6.578504635855041194e+00,2.228677055275061214e+00
4.575000000000000000e+01,0.000000000000000000e+00,1.157128399395509710e+00,6.540754240870936265e+00,2.213752759915489143e+00
4.580000000000000426e+01,0.000000000000000000e+00,1.146236302383758066e+00,6.503174869324146457e+00,2.198911868522915647e+00
4.585000000000000142e+01,0.000000000000000000e+00,1.135424973592823905e+00,6.465765548431626542e+00,2.184153873904318477e+00
4.590000000000000568e+01,0.000000000000000000e+00,1.124693888481440363e+00,6.428525310351628441e+00,2.169478271828627403e+00
4.595000000000000284e+01,0.000000000000000000e+00,1.114042525940577066e+00,6.391453192155287510e+00,2.154884561009110300e+00
4.600000000000000000e+01,0.000000000000000000e+00,1.103470368272497337e+00,6.354548235798334055e+00,2.140372243085832071e+00
4.605000000000000426e+01,0.000000000000000000e+00,1.092976901169986803e+00,6.317809488092954062e+00,2.125940822608232139e+00
4.610000000000000142e+01,0.000000000000000000e+00,1.082561613695694147e+00,6.281236000679855991e+00,2.111589807017811182e+00
4.615000000000000568e+01,0.000000000000000000e+00,1.072223998261593314e+00,6.244826830000405060e+00,2.097318706630897811e+00
4.620000000000000284e+01,0.000000000000000000e+00,1.061963550608591822e+00,6.208581037268985803e+00,2.083127034621542251e+00
4.625000000000000000e+01,0.000000000000000000e+00,1.051779769786244545e+00,6.172497688445470310e+00,2.069014307004489961e+00
4.630000000000000426e+01,0.000000000000000000e+00,1.041672158132608050e+00,6.136575854207837466e+00,2.054980042618263170e+00
4.635000000000000142e+01,0.000000000000000000e+00,1.031640221254219503e+00,6.100814609924993803e+00,2.041023763108358313e+00
4.640000000000000568e+01,0.000000000000000000e+00,1.021683468006184592e+00,6.065213035629658300e+00,2.027144992910506982e+00
4.645000000000000284e+01,0.000000000000000000e+00,1.011801410472418006e+00,6.029770215991473670e+00,2.013343259234077642e+00
4.650000000000000000e+01,0.000000000000000000e+00,1.001993563945968058e+00,5.994485240290179817e+00,1.999618092045528872e+00
4.655000000000000426e+01,0.000000000000000000e+00,9.922594469095005199e-01,5.959357202389040431e+00,1.985969024052010479e+00
4.660000000000000142e+01,0.000000000000000000e+00,9.825985810158840428e-01,5.924385200708323751e+00,1.972395590685023015e+00
4.665000000000000568e+01,0.000000000000000000e+00,9.730104910688930353e-01,5.889568338198955644e+00,1.958897330084185429e+00
4.670000000000000284e+01,0.000000000000000000e+00,9.634947050040498784e-01,5.854905722316325445e+00,1.945473783081106411e+00
4.675000000000000000e+01,0.000000000000000000e+00,9.540507538695628398e-01,5.820396464994244567e+00,1.932124493183342562e+00
4.680000000000000426e+01,0.000000000000000000e+00,9.446781718073986589e-01,5.786039682618975277e+00,1.918849006558443149e+00
4.685000000000000142e+01,0.000000000000000000e+00,9.353764960344682633e-01,5.751834496003525032e+00,1.905646872018115445e+00
4.690000000000000568e+01,0.000000000000000000e+00,9.261452668239245067e-01,5.717780030361953258e+00,1.892517641002450457e+00
4.695000000000000284e+01,0.000000000000000000e+00,9.169840274865930230e-01,5.683875415283904609e+00,1.879460867564272775e+00
4.700000000000000000e+01,0.000000000000000000e+00,9.078923243524900100e-01,5.650119784709225712e+00,1.866476108353551489e+00
4.705000000000000426e+01,0.000000000000000000e+00,8.988697067524835660e-01,5.616512276902754230e+00,1.853562922601930341e+00
4.710000000000000142e+01,0.000000000000000000e+00,8.899157270000589426e-01,5.583052034429241139e+00,1.840720872107339812e+00
4.715000000000000568e+01,0.000000000000000000e+00,8.810299403731830514e-01,5.549738204128371599e+00,1.827949521218684481e+00
4.720000000000000284e+01,0.000000000000000000e+00,8.722119050963125231e-01,5.516569937089974118e+00,1.815248436820649847e+00
4.725000000000000000e+01,0.000000000000000000e+00,8.634611823224820348e-01,5.483546388629322976e+00,1.802617188318571761e+00
4.730000000000000426e+01,0.000000000000000000e+00,8.547773361155254213e-01,5.450666718262596078e+00,1.790055347623411786e+00
4.735000000000000142e+01,0.000000000000000000e+00,8.461599334324031441e-01,5.417930089682464256e+00,1.777562489136817581e+00
4.740000000000000568e+01,0.000000000000000000e+00,8.376085441056305703e-01,5.385335670733778279e+00,1.765138189736259910e+00
4.745000000000000284e+01,0.000000000000000000e+00,8.291227408258332598e-01,5.352882633389451250e+00,1.752782028760279331e+00
4.750000000000000000e+01,0.000000000000000000e+00,8.207020991243907382e-01,5.320570153726407625e+00,1.740493587993797275e+00
4.755000000000000426e+01,0.000000000000000000e+00,8.123461973562066119e-01,5.288397411901688550e+00,1.728272451653525499e+00
4.760000000000000142e+01,0.000000000000000000e+00,8.040546166825778274e-01,5.256363592128717954e+00,1.716118206373468347e+00
4.765000000000000568e+01,0.000000000000000000e+00,7.958269410541661815e-01,5.224467882653615725e+00,1.704030441190486966e+00
4.770000000000000284e+01,0.000000000000000000e+00,7.876627571940946204e-01,5.192709475731731139e+00,1.692008747529980095e+00
4.775000000000000000e+01,0.000000000000000000e+00,7.795616545811230313e-01,5.161087567604222492e+00,1.680052719191617250e+00
4.780000000000000426e+01,0.000000000000000000e+00,7.715232254329477124e-01,5.129601358474818795e+00,1.668161952335178499e+00
4.785000000000000142e+01,0.000000000000000000e+00,7.635470646896057589e-01,5.098250052486681838e+00,1.656336045466473283e+00
4.790000000000000568e+01,0.000000000000000000e+00,7.556327699969718203e-01,5.067032857699384607e+00,1.644574599423332062e+00
4.795000000000000284e+01,0.000000000000000000e+00,7.477799416903674334e-01,5.035948986066053124e+00,1.632877217361696998e+00
4.800000000000000000e+01,0.000000000000000000e+00,7.399881827782690547e-01,5.004997653410559799e+00,1.621243504741774366e+00
4.805000000000000426e+01,0.000000000000000000e+00,7.322570989261162344e-01,4.974178079404915742e+00,1.609673069314287108e+00
4.810000000000000142e+01,0.000000000000000000e+00,7.245862984402334783e-01,4.943489487546744776e+00,1.598165521106802878e+00
4.815000000000000568e+01,0.000000000000000000e+00,7.169753922518304901e-01,4.912931105136863152e+00,1.586720472410131144e+00
4.820000000000000284e+01,0.000000000000000000e+00,7.094239939011277585e-01,4.882502163257028016e+00,1.575337537764820883e+00
4.825000000000000000e+01,0.000000000000000000e+00,7.019317195215588612e-01,4.852201896747748044e+00,1.564016333947716442e+00
4.830000000000000426e+01,0.000000000000000000e+00,6.944981878240905626e-01,4.822029544186256622e+00,1.552756479958609326e+00
4.835000000000000142e+01,0.000000000000000000e+00,6.871230200816316191e-01,4.791984347864597815e+00,1.541557597006965263e+00
4.840000000000000568e+01,0.000000000000000000e+00,6.798058401135386175e-01,4.762065553767781623e+00,1.530419308498714770e+00
4.845000000000000284e+01,0.000000000000000000e+00,6.725462742702238428e-01,4.732272411552139069e+00,1.519341240023146744e+00
4.850000000000000000e+01,0.000000000000000000e+00,6.653439514178576264e-01,4.702604174523706604e+00,1.508323019339855353e+00
4.855000000000000426e+01,0.000000000000000000e+00,6.581985029231640638e-01,4.673060099616786367e+00,1.497364276365778624e+00
4.860000000000000142e+01,0.000000000000000000e+00,6.511095626383214263e-01,4.643639447372598816e+00,1.486464643162310306e+00
4.865000000000000568e+01,0.000000000000000000e+00,6.440767668859419537e-01,4.614341481918037502e+00,1.475623753922480352e+00
4.870000000000000284e+01,0.000000000000000000e+00,6.370997544441668881e-01,4.585165470944577493e+00,1.464841244958227762e+00
4.875000000000000000e+01,0.000000000000000000e+00,6.301781665318311187e-01,4.556110685687215778e+00,1.454116754687719393e+00
4.880000000000000426e+01,0.000000000000000000e+00,6.233116467937425131e-01,4.527176400903631937e+00,1.443449923622779352e+00
4.885000000000000142e+01,0.000000000000000000e+00,6.164998412860435151e-01,4.498361894853375453e+00,1.432840394356365676e+00
4.890000000000000568e+01,0.000000000000000000e+00,6.097423984616630044e-01,4.469666449277182707e+00,1.422287811550127179e+00
4.895000000000000284e+01,0.000000000000000000e+00,6.030389691558696308e-01,4.441089349376446727e+00,1.411791821922046442e+00
4.900000000000000000e+01,0.000000000000000000e+00,5.963892065719035296e-01,4.412629883792720697e+00,1.401352074234131884e+00
4.905000000000000426e+01,0.000000000000000000e+00,5.897927662667069582e-01,4.384287344587384894e+00,1.390968219280199758e+00
4.910000000000000142e+01,0.000000000000000000e+00,5.832493061367489684e-01,4.356061027221429960e+00,1.380639909873731863e+00
4.915000000000000568e+01,0.000000000000000000e+00,5.767584864039233539e-01,4.327950230535291709e+00,1.370366800835784549e+00
4.920000000000000284e+01,0.000000000000000000e+00,5.703199696015545106e-01,4.299954256728847568e+00,1.360148548982989203e+00
4.925000000000000000e+01,0.000000000000000000e+00,5.639334205604772388e-01,4.272072411341481413e+00,1.349984813115608917e+00
4.930000000000000426e+01,0.000000000000000000e+00,5.575985063952135778e-01,4.244304003232277189e+00,1.339875254005676197e+00
4.935000000000000142e+01,0.000000000000000000e+00,5.513148964902334637e-01,4.216648344560312900e+00,1.329819534385194846e+00
4.940000000000000568e+01,0.000000000000000000e+00,5.450822624862983190e-01,4.189104750765034524e+00,1.319817318934407790e+00
4.945000000000000284e+01,0.000000000000000000e+00,5.389002782669027880e-01,4.161672540546792476e+00,1.309868274270149513e+00
4.950000000000000000e+01,0.000000000000000000e+00,5.327686199447849713e-01,4.134351035847392275e+00,1.299972068934240443e+00
4.955000000000000426e+01,0.000000000000000000e+00,5.266869658485383576e-01,4.107139561830827290e+00,1.290128373381975946e+00
4.960000000000000142e+01,0.000000000000000000e+00,5.206549965093014709e-01,4.080037446864093198e+00,1.280336859970673924e+00
4.965000000000000568e+01,0.000000000000000000e+00,5.146723946475266764e-01,4.053044022498045962e+00,1.270597202948274829e+00
4.970000000000000284e+01,0.000000000000000000e+00,5.087388451598460204e-01,4.026158623448468532e+00,1.260909078442040254e+00
4.975000000000000000e+01,0.000000000000000000e+00,5.028540351060045710e-01,3.999380587577123780e+00,1.251272164447283286e+00
4.980000000000000426e+01,0.000000000000000000e+00,4.970176536958877955e-01,3.972709255872981959e+00,1.241686140816189443e+00
4.985000000000000142e+01,0.000000000000000000e+00,4.912293922766328147e-01,3.946143972433528990e+00,1.232150689246698683e+00
4.990000000000000568e+01,0.000000000000000000e+00,4.854889443198061039e-01,3.919684084446144468e+00,1.222665493271439141e+00
4.995000000000000284e+01,0.000000000000000000e+00,4.797960054086846671e-01,3.893328942169633766e+00,1.213230238246750803e+00
5.000000000000000000e+01,0.000000000000000000e+00,4.741502732255966635e-01,3.867077898915784573e+00,1.203844611341744475e+00
5.005000000000000426e+01,0.000000000000000000e+00,4.685514475393568468e-01,3.840930311031081956e+00,1.194508301527448912e+00
5.010000000000000142e+01,0.000000000000000000e+00,4.629992301927782772e-01,3.814885537878500266e+00,1.185220999566014122e+00
5.015000000000000568e+01,0.000000000000000000e+00,4.574933250902591397e-01,3.788942941819359422e+00,1.175982397999969509e+00
5.020000000000000284e+01,0.000000000000000000e+00,4.520334381854550498e-01,3.763101888195333533e+00,1.166792191141560853e+00
5.025000000000000000e+01,0.000000000000000000e+00,4.466192774690229128e-01,3.737361745310492367e+00,1.157650075062134576e+00
5.030000000000000426e+01,0.000000000000000000e+00,4.412505529564487161e-01,3.711721884413475170e+00,1.148555747581593067e+00
5.035000000000000142e+01,0.000000000000000000e+00,4.359269766759532039e-01,3.686181679679771062e+00,1.139508908257919284e+00
5.040000000000000568e+01,0.000000000000000000e+00,4.306482626564654970e-01,3.660740508194025633e+00,1.130509258376739101e+00
5.045000000000000284e+01,0.000000000000000000e+00,4.254141269156868632e-01,3.635397749932523404e+00,1.121556500940974255e+00
5.050000000000000000e+01,0.000000000000000000e+00,4.202242874482184365e-01,3.610152787745685377e+00,1.112650340660530590e+00
5.055000000000000426e+01,0.000000000000000000e+00,4.150784642137728686e-01,3.585005007340713146e+00,1.103790483942064693e+00
5.060000000000000142e+01,0.000000000000000000e+00,4.099763791254590894e-01,3.559953797264305830e+00,1.094976638878806030e+00
5.065000000000000568e+01,0.000000000000000000e+00,4.049177560381377328e-01,3.534998548885439629e+00,1.086208515240428829e+00
5.070000000000000284e+01,0.000000000000000000e+00,3.999023207368594957e-01,3.510138656378289035e+00,1.077485824463002118e+00
5.075000000000000000e+01,0.000000000000000000e+00,3.949298009253671138e-01,3.485373516705182695e+00,1.068808279638979286e+00
5.080000000000000426e+01,0.000000000000000000e+00,3.899999262146786605e-01,3.460702529599676502e+00,1.060175595507258484e+00
5.085000000000000142e+01,0.000000000000000000e+00,3.851124281117440651e-01,3.436125097549731500e+00,1.051587488443304963e+00
5.090000000000000568e+01,0.000000000000000000e+00,3.802670400081663016e-01,3.411640625780923308e+00,1.043043676449314061e+00
5.095000000000000284e+01,0.000000000000000000e+00,3.754634971690050116e-01,3.387248522239802995e+00,1.034543879144453227e+00
5.100000000000000000e+01,0.000000000000000000e+00,3.707015367216445756e-01,3.362948197577284137e+00,1.026087817755143350e+00
5.105000000000000426e+01,0.000000000000000000e+00,3.659808976447352924e-01,3.338739065132159567e+00,1.017675215105407593e+00
5.110000000000000142e+01,0.000000000000000000e+00,3.613013207572107754e-01,3.314620540914696711e+00,1.009305795607279510e+00
5.115000000000000568e+01,0.000000000000000000e+00,3.566625487073646905e-01,3.290592043590273352e+00,1.000979285251250683e+00
5.120000000000000284e+01,0.000000000000000000e+00,3.520643259620120924e-01,3.266652994463175474e+00,9.926954115967998593e-01
5.125000000000000000e+01,0.000000000000000000e+00,3.475063987957059397e-01,3.242802817460401776e+00,9.844539037629533862e-01
5.130000000000000426e+01,0.000000000000000000e+00,3.429885152800330461e-01,3.219040939115590305e+00,9.762544924189140438e-01
5.135000000000000142e+01,0.000000000000000000e+00,3.385104252729764784e-01,3.195366788553035686e+00,9.680969097747471608e-01
5.140000000000000568e+01,0.000000000000000000e+00,3.340718804083424587e-01,3.171779797471753870e+00,9.599808895721096969e-01
5.145000000000000284e+01,0.000000000000000000e+00,3.296726340852626502e-01,3.148279400129667671e+00,9.519061670750482707e-01
5.150000000000000000e+01,0.000000000000000000e+00,3.253124414577552304e-01,3.124865033327833164e+00,9.438724790608359339e-01
5.155000000000000426e+01,0.000000000000000000e+00,3.209910594243612358e-01,3.101536136394780208e+00,9.358795638108756698e-01
5.160000000000000142e+01,0.000000000000000000e+00,3.167082466178443578e-01,3.078292151170918256e+00,9.279271611016517429e-01
5.165000000000000568e+01,0.000000000000000000e+00,3.124637633949554072e-01,3.055132521993018546e+00,9.200150121957323401e-01
5.170000000000000284e+01,0.000000000000000000e+00,3.082573718262674456e-01,3.032056695678786440e+00,9.121428598328302773e-01
5.175000000000000000e+01,0.000000000000000000e+00,3.040888356860717012e-01,3.009064121511494605e+00,9.043104482209094463e-01
5.180000000000000426e+01,0.000000000000000000e+00,2.999579204423417078e-01,2.986154251224711675e+00,8.965175230273487728e-01
5.185000000000000142e+01,0.000000000000000000e+00,2.958643932467643345e-01,2.963326538987111292e+00,8.887638313701600179e-01
5.190000000000000568e+01,0.000000000000000000e+00,2.918080229248289359e-01,2.940580441387325106e+00,8.810491218092457721e-01
5.195000000000000284e+01,0.000000000000000000e+00,2.877885799659880006e-01,2.917915417418925905e+00,8.733731443377255044e-01
5.200000000000000000e+01,0.000000000000000000e+00,2.838058365138760308e-01,2.895330928465428499e+00,8.657356503732951403e-01
5.205000000000000426e+01,0.000000000000000000e+00,2.798595663565945357e-01,2.872826438285409179e+00,8.581363927496495903e-01
5.210000000000000142e+01,0.000000000000000000e+00,2.759495449170609738e-01,2.850401412997695783e+00,8.505751257079544603e-01
5.215000000000000568e+01,0.000000000000000000e+00,2.720755492434173139e-01,2.828055321066599070e+00,8.430516048883583968e-01
5.220000000000000284e+01,0.000000000000000000e+00,2.682373579995043777e-01,2.805787633287264882e+00,8.355655873215683815e-01
5.225000000000000000e+01,0.000000000000000000e+00,2.644347514553938572e-01,2.783597822771060049e+00,8.281168314204618852e-01
5.230000000000000426e+01,0.000000000000000000e+00,2.606675114779860580e-01,2.761485364931059117e+00,8.207050969717577527e-01
5.235000000000000142e+01,0.000000000000000000e+00,2.569354215216690385e-01,2.739449737467598123e+00,8.133301451277340499e-01
5.240000000000000568e+01,0.000000000000000000e+00,2.532382666190324261e-01,2.717490420353878999e+00,8.059917383979859906e-01
5.245000000000000284e+01,0.000000000000000000e+00,2.495758333716509569e-01,2.695606895821690774e+00,7.986896406412481442e-01
5.250000000000000000e+01,0.000000000000000000e+00,2.459479099409198621e-01,2.673798648347146756e+00,7.914236170572466200e-01
5.255000000000000426e+01,0.000000000000000000e+00,2.423542860389547027e-01,2.652065164636540295e+00,7.841934341786124252e-01
5.260000000000000142e+01,0.000000000000000000e+00,2.387947529195514340e-01,2.630405933612255165e+00,7.769988598628394527e-01
5.265000000000000568e+01,0.000000000000000000e+00,2.352691033691997058e-01,2.608820446398726567e+00,7.698396632842814391e-01
5.270000000000000284e+01,0.000000000000000000e+00,2.317771316981638574e-01,2.587308196308508723e+00,7.627156149262090956e-01
5.275000000000000000e+01,0.000000000000000000e+00,2.283186337316129300e-01,2.565868678828379323e+00,7.556264865729013236e-01
5.280000000000000426e+01,0.000000000000000000e+00,2.248934068008152654e-01,2.544501391605530127e+00,7.485720513017901645e-01
5.285000000000000142e+01,0.000000000000000000e+00,2.215012497343903930e-01,2.523205834433829953e+00,7.415520834756527124e-01
5.290000000000000568e+01,0.000000000000000000e+00,2.181419628496130136e-01,2.501981509240132961e+00,7.345663587348397749e-01
5.295000000000000284e+01,0.000000000000000000e+00,2.148153479437817370e-01,2.480827920070691306e+00,7.276146539895637089e-01
5.300000000000000000e+01,0.000000000000000000e+00,2.115212082856375853e-01,2.459744573077592644e+00,7.206967474122170092e-01
5.305000000000000426e+01,0.000000000000000000e+00,2.082593486068430588e-01,2.438730976505297132e+00,7.138124184297458541e-01
5.310000000000000142e+01,0.000000000000000000e+00,2.050295750935174355e-01,2.417786640677235255e+00,7.069614477160675037e-01
5.315000000000000568e+01,0.000000000000000000e+00,2.018316953778237499e-01,2.396911077982451399e+00,7.001436171845247802e-01
5.320000000000000284e+01,0.000000000000000000e+00,1.986655185296175297e-01,2.376103802862345127e+00,6.933587099803950604e-01
5.325000000000000000e+01,0.000000000000000000e+00,1.955308550481434648e-01,2.355364331797447530e+00,6.866065104734335733e-01
5.330000000000000426e+01,0.000000000000000000e+00,1.924275168537924741e-01,2.334692183294279744e+00,6.798868042504662146e-01
5.335000000000000142e+01,0.000000000000000000e+00,1.893553172799122830e-01,2.314086877872281178e+00,6.731993781080264361e-01
5.340000000000000568e+01,0.000000000000000000e+00,1.863140710646681852e-01,2.293547938050777280e+00,6.665440200450284403e-01
5.345000000000000284e+01,0.000000000000000000e+00,1.833035943429638659e-01,2.273074888336043209e+00,6.599205192554927768e-01
5.350000000000000000e+01,0.000000000000000000e+00,1.803237046384095210e-01,2.252667255208401276e+00,6.533286661213051350e-01
5.355000000000000426e+01,0.000000000000000000e+00,1.773742208553476807e-01,2.232324567109394753e+00,6.467682522050225424e-01
5.360000000000000142e+01,0.000000000000000000e+00,1.744549632709311848e-01,2.212046354429042960e+00,6.402390702427263047e-01
5.365000000000000568e+01,0.000000000000000000e+00,1.715657535272505918e-01,2.191832149493111004e+00,6.337409141369030330e-01
5.370000000000000284e+01,0.000000000000000000e+00,1.687064146235188467e-01,2.171681486550493645e+00,6.272735789493828484e-01
5.375000000000000000e+01,0.000000000000000000e+00,1.658767709083031339e-01,2.151593901760623151e+00,6.208368608943073408e-01
5.380000000000000426e+01,0.000000000000000000e+00,1.630766480718114364e-01,2.131568933180955305e+00,6.144305573311446000e-01
5.385000000000000142e+01,0.000000000000000000e+00,1.603058731382308866e-01,2.111606120754519367e+00,6.080544667577453266e-01
5.390000000000000568e+01,0.000000000000000000e+00,1.575642744581132737e-01,2.091705006297506220e+00,6.017083888034331363e-01
5.395000000000000284e+01,0.000000000000000000e+00,1.548516817008172564e-01,2.071865133486952892e+00,5.953921242221468235e-01
5.400000000000000000e+01,0.000000000000000000e+00,1.521679258469950946e-01,2.052086047848445727e+00,5.891054748856089374e-01
5.405000000000000426e+01,0.000000000000000000e+00,1.495128391811331170e-01,2.032367296743909257e+00,5.828482437765438728e-01
5.410000000000000142e+01,0.000000000000000000e+00,1.468862552841432856e-01,2.012708429359457707e+00,5.766202349819360418e-01
5.415000000000000568e+01,0.000000000000000000e+00,1.442880090259991699e-01,1.993108996693274459e+00,5.704212536863182414e-01
5.420000000000000284e+01,0.000000000000000000e+00,1.417179365584274597e-01,1.973568551543590788e+00,5.642511061651114268e-01
5.425000000000000000e+01,0.000000000000000000e+00,1.391758753076437205e-01,1.954086648496681677e+00,5.581095997779922380e-01
5.430000000000000426e+01,0.000000000000000000e+00,1.366616639671391353e-01,1.934662843914947805e+00,5.519965429623064912e-01
5.435000000000000142e+01,0.000000000000000000e+00,1.341751424905170686e-01,1.915296695925052139e+00,5.459117452265215276e-01
5.440000000000000568e+01,0.000000000000000000e+00,1.317161520843732336e-01,1.895987764406085185e+00,5.398550171437078715e-01
5.445000000000000284e+01,0.000000000000000000e+00,1.292845352012299276e-01,1.876735610977832813e+00,5.338261703450731810e-01
5.450000000000000000e+01,0.000000000000000000e+00,1.268801355325124836e-01,1.857539798989054081e+00,5.278250175135197342e-01
5.455000000000000426e+01,0.000000000000000000e+00,1.245027980015758207e-01,1.838399893505838323e+00,5.218513723772475466e-01
5.460000000000000142e+01,0.000000000000000000e+00,1.221523687567792060e-01,1.819315461300031744e+00,5.159050497033975669e-01
5.465000000000000568e+01,0.000000000000000000e+00,1.198286951646036769e-01,1.800286070837670893e+00,5.099858652917195201e-01
5.470000000000000284e+01,0.000000000000000000e+00,1.175316258028216848e-01,1.781311292267533597e+00,5.040936359682942625e-01
5.475000000000000000e+01,0.000000000000000000e+00,1.152610104537075686e-01,1.762390697409685680e+00,4.982281795792752321e-01
5.480000000000000426e+01,0.000000000000000000e+00,1.130167000972973346e-01,1.743523859744117166e+00,4.923893149846779727e-01
5.485000000000000142e+01,0.000000000000000000e+00,1.107985469046947752e-01,1.724710354399429324e+00,4.865768620522047394e-01
5.490000000000000568e+01,0.000000000000000000e+00,1.086064042314191791e-01,1.705949758141548367e+00,4.807906416510966952e-01
5.495000000000000284e+01,0.000000000000000000e+00,1.064401266108039035e-01,1.687241649362539508e+00,4.750304756460368427e-01
5.500000000000000000e+01,0.000000000000000000e+00,1.042995697474341094e-01,1.668585608069413695e+00,4.692961868910704992e-01
5.505000000000000426e+01,0.000000000000000000e+00,1.021845905106334579e-01,1.649981215873037144e+00,4.635875992235760079e-01
5.510000000000000142e+01,0.000000000000000000e+00,1.000950469279947158e-01,1.631428055977076408e+00,4.579045374582664807e-01
5.515000000000000568e+01,0.000000000000000000e+00,9.803079817895132830e-02,1.612925713166973196e+00,4.522468273812189632e-01
5.520000000000000284e+01,0.000000000000000000e+00,9.599170458839823006e-02,1.594473773799012672e+00,4.466142957439522831e-01
5.525000000000000000e+01,0.000000000000000000e+00,9.397762762035127837e-02,1.576071825789399528e+00,4.410067702575255488e-01
5.530000000000000426e+01,0.000000000000000000e+00,9.198842987165328777e-02,1.557719458603411100e+00,4.354240795866793912e-01
5.535000000000000142e+01,0.000000000000000000e+00,9.002397506572333563e-02,1.539416263244600236e+00,4.298660533440117337e-01
5.540000000000000568e+01,0.000000000000000000e+00,8.808412804634623006e-02,1.521161832244025458e+00,4.243325220841794865e-01
5.545000000000000284e+01,0.000000000000000000e+00,8.616875477150880147e-02,1.502955759649570622e+00,4.188233172981470354e-01
5.550000000000000000e+01,0.000000000000000000e+00,8.427772230727464953e-02,1.484797641015262570e+00,4.133382714074529396e-01
5.555000000000000426e+01,0.000000000000000000e+00,8.241089882170378467e-02,1.466687073390679386e+00,4.078772177585217595e-01
5.560000000000000142e+01,0.000000000000000000e+00,8.056815357881465245e-02,1.448623655310401714e+00,4.024399906170077479e-01
5.565000000000000568e+01,0.000000000000000000e+00,7.874935693258433567e-02,1.430606986783476753e+00,3.970264251621613560e-01
5.570000000000000284e+01,0.000000000000000000e+00,7.695438032099560788e-02,1.412636669282984814e+00,3.916363574812440351e-01
5.575000000000000000e+01,0.000000000000000000e+00,7.518309626011997204e-02,1.394712305735608560e+00,3.862696245639621329e-01
5.580000000000000426e+01,0.000000000000000000e+00,7.343537833824545502e-02,1.376833500511267072e+00,3.809260642969394817e-01
5.585000000000000142e+01,0.000000000000000000e+00,7.171110121004464766e-02,1.358999859412808098e+00,3.756055154582243483e-01
5.590000000000000568e+01,0.000000000000000000e+00,7.001014059078111695e-02,1.341210989665719611e+00,3.703078177118204750e-01
5.595000000000000284e+01,0.000000000000000000e+00,6.833237325055950551e-02,1.323466499907920202e+00,3.650328116022598102e-01
5.600000000000000000e+01,0.000000000000000000e+00,6.667767700861268465e-02,1.305766000179559239e+00,3.597803385491961659e-01
5.605000000000000426e+01,0.000000000000000000e+00,6.504593072763092954e-02,1.288109101912896959e+00,3.545502408420396767e-01
5.610000000000000142e+01,0.000000000000000000e+00,6.343701430813065978e-02,1.270495417922216985e+00,3.493423616346195693e-01
5.615000000000000568e+01,0.000000000000000000e+00,6.185080868286053218e-02,1.252924562393766150e+00,3.441565449398718002e-01
5.620000000000000284e+01,0.000000000000000000e+00,6.028719581125034643e-02,1.235396150875776033e+00,3.389926356245691608e-01
5.625000000000000000e+01,0.000000000000000000e+00,5.874605867389516567e-02,1.217909800268495157e+00,3.338504794040713652e-01
5.630000000000000426e+01,0.000000000000000000e+00,5.722728126708096635e-02,1.200465128814278470e+00,3.287299228371101112e-01
5.635000000000000142e+01,0.000000000000000000e+00,5.573074859734848674e-02,1.183061756087735228e+00,3.236308133206080573e-01
5.640000000000000568e+01,0.000000000000000000e+00,5.425634667609351841e-02,1.165699302985887087e+00,3.185529990845185067e-01
5.645000000000000284e+01,0.000000000000000000e+00,5.280396251420853282e-02,1.148377391718411689e+00,3.134963291867071677e-01
5.650000000000000000e+01,0.000000000000000000e+00,5.137348411675894677e-02,1.131095645797885130e+00,3.084606535078507350e-01
5.655000000000000426e+01,0.000000000000000000e+00,4.996480047769950167e-02,1.113853690030101928e+00,3.034458227463752156e-01
5.660000000000000142e+01,0.000000000000000000e+00,4.857780157462777970e-02,1.096651150504427630e+00,2.984516884134207904e-01
5.665000000000000568e+01,0.000000000000000000e+00,4.721237836357346229e-02,1.079487654584178724e+00,2.934781028278314330e-01
5.670000000000000284e+01,0.000000000000000000e+00,4.586842277382712635e-02,1.062362830897072286e+00,2.885249191111816103e-01
5.675000000000000000e+01,0.000000000000000000e+00,4.454582770280364479e-02,1.045276309325687381e+00,2.835919911828236883e-01
5.680000000000000426e+01,0.000000000000000000e+00,4.324448701094366770e-02,1.028227720997989314e+00,2.786791737549691450e-01
5.685000000000000142e+01,0.000000000000000000e+00,4.196429551665185192e-02,1.011216698277894954e+00,2.737863223277996472e-01
5.690000000000000568e+01,0.000000000000000000e+00,4.070514899126963237e-02,9.942428747558573754e-01,2.689132931845991670e-01
5.695000000000000284e+01,0.000000000000000000e+00,3.946694415408637940e-02,9.773058852395227758e-01,2.640599433869239010e-01
5.700000000000000000e+01,0.000000000000000000e+00,3.824957866738426526e-02,9.604053657443967218e-01,2.592261307697912853e-01
5.705000000000000426e+01,0.000000000000000000e+00,3.705295113152025366e-02,9.435409534845704549e-01,2.544117139369027614e-01
5.710000000000000142e+01,0.000000000000000000e+00,3.587696108004381074e-02,9.267122868634908306e-01,2.496165522558946026e-01
5.715000000000000568e+01,0.000000000000000000e+00,3.472150897484777704e-02,9.099190054647395831e-01,2.448405058536087808e-01
5.720000000000000284e+01,0.000000000000000000e+00,3.358649620135747971e-02,8.931607500428971891e-01,2.400834356114030510e-01
5.725000000000000000e+01,0.000000000000000000e+00,3.247182506375172195e-02,8.764371625144012912e-01,2.353452031604761907e-01
5.730000000000000426e+01,0.000000000000000000e+00,3.137739878022040296e-02,8.597478859484711800e-01,2.306256708772279895e-01
5.735000000000000142e+01,0.000000000000000000e+00,3.030312147825661023e-02,8.430925645580717998e-01,2.259247018786462446e-01
5.740000000000000568e+01,0.000000000000000000e+00,2.924889818998137672e-02,8.264708436908919653e-01,2.212421600177136849e-01
5.745000000000000284e+01,0.000000000000000000e+00,2.821463484750494355e-02,8.098823698203920785e-01,2.165779098788505053e-01
5.750000000000000000e+01,0.000000000000000000e+00,2.720023827831984098e-02,7.933267905368606154e-01,2.119318167733750813e-01
5.755000000000000426e+01,0.000000000000000000e+00,2.620561620072895184e-02,7.768037545385262366e-01,2.073037467349960472e-01
5.760000000000000142e+01,0.000000000000000000e+00,2.523067721930737778e-02,7.603129116227113071e-01,2.026935665153315191e-01
5.765000000000000568e+01,0.000000000000000000e+00,2.427533082039622786e-02,7.438539126769933008e-01,1.981011435794464426e-01
5.770000000000000284e+01,0.000000000000000000e+00,2.333948736763158741e-02,7.274264096704451399e-01,1.935263461014270769e-01
5.775000000000000000e+01,0.000000000000000000e+00,2.242305809750470835e-02,7.110300556448717613e-01,1.889690429599703014e-01
5.780000000000000426e+01,0.000000000000000000e+00,2.152595511495609959e-02,6.946645047061065226e-01,1.844291037340046735e-01
5.785000000000000142e+01,0.000000000000000000e+00,2.064809138900259786e-02,6.783294120153475770e-01,1.799063986983381880e-01
5.790000000000000568e+01,0.000000000000000000e+00,1.978938074839540345e-02,6.620244337805001322e-01,1.754007988193227452e-01
5.795000000000000284e+01,0.000000000000000000e+00,1.894973787731241144e-02,6.457492272475963135e-01,1.709121757505552841e-01
5.800000000000000000e+01,0.000000000000000000e+00,1.812907831108089354e-02,6.295034506922095874e-01,1.664404018285928488e-01
5.805000000000000426e+01,0.000000000000000000e+00,1.732731843193325780e-02,6.132867634109293586e-01,1.619853500686989634e-01
5.810000000000000142e+01,0.000000000000000000e+00,1.654437546479466462e-02,5.970988257128725385e-01,1.575468941606154583e-01
5.815000000000000568e+01,0.000000000000000000e+00,1.578016747310109075e-02,5.809392989112011074e-01,1.531249084643508118e-01
5.820000000000000284e+01,0.000000000000000000e+00,1.503461335465051257e-02,5.648078453147147293e-01,1.487192680060039351e-01
5.825000000000000000e+01,0.000000000000000000e+00,1.430763283748377745e-02,5.487041282194375924e-01,1.443298484736012799e-01
5.830000000000000426e+01,0.000000000000000000e+00,1.359914647579759349e-02,5.326278119002654243e-01,1.399565262129651433e-01
5.835000000000000142e+01,0.000000000000000000e+00,1.290907564588853092e-02,5.165785616026444815e-01,1.355991782236053989e-01
5.840000000000000568e+01,0.000000000000000000e+00,1.223734254212673067e-02,5.005560435342601977e-01,1.312576821546284078e-01
5.845000000000000284e+01,0.000000000000000000e+00,1.158387017296172265e-02,4.845599248567949990e-01,1.269319163006795981e-01
5.850000000000000000e+01,0.000000000000000000e+00,1.094858235695724859e-02,4.685898736776835105e-01,1.226217595978995045e-01
5.855000000000000426e+01,0.000000000000000000e+00,1.033140371885733766e-02,4.526455590419235508e-01,1.183270916199095635e-01
5.860000000000000142e+01,0.000000000000000000e+00,9.732259685682458777e-03,4.367266509239180472e-01,1.140477925738207360e-01
5.865000000000000568e+01,0.000000000000000000e+00,9.151076482854743344e-03,4.208328202193291068e-01,1.097837432962596449e-01
5.870000000000000284e+01,0.000000000000000000e+00,8.587781130354389669e-03,4.049637387369951491e-01,1.055348252494259786e-01
5.875000000000000000e+01,0.000000000000000000e+00,8.042301438904293082e-03,3.891190791908465396e-01,1.013009205171637866e-01
5.880000000000000426e+01,0.000000000000000000e+00,7.514566006185146446e-03,3.732985151918774003e-01,9.708191180106191809e-02
5.885000000000000142e+01,0.000000000000000000e+00,7.004504213079753433e-03,3.575017212401443989e-01,9.287768241657597124e-02
5.890000000000000568e+01,0.000000000000000000e+00,6.512046219945774768e-03,3.417283727167778062e-01,8.868811628916734024e-02
5.895000000000000284e+01,0.000000000000000000e+00,6.037122962918631784e-03,3.259781458760548922e-01,8.451309795047304285e-02
5.900000000000000000e+01,0.000000000000000000e+00,5.579666150242143866e-03,3.102507178374703800e-01,8.035251253448866260e-02
5.905000000000000426e+01,0.000000000000000000e+00,5.139608258628631035e-03,2.945457665778608569e-01,7.620624577377953235e-02
5.910000000000000142e+01,0.000000000000000000e+00,4.716882529647522387e-03,2.788629709235571075e-01,7.207418399571303980e-02
5.915000000000000568e+01,0.000000000000000000e+00,4.311422966141749587e-03,2.632020105425457168e-01,6.795621411870730877e-02
5.920000000000000284e+01,0.000000000000000000e+00,3.923164328673317547e-03,2.475625659366929021e-01,6.385222364850988430e-02
5.925000000000000000e+01,0.000000000000000000e+00,3.552042131996102897e-03,2.319443184339646247e-01,5.976210067448920610e-02
5.930000000000000426e+01,0.000000000000000000e+00,3.197992641557194284e-03,2.163469501806977169e-01,5.568573386595302571e-02
5.935000000000000142e+01,0.000000000000000000e+00,2.860952870026009075e-03,2.007701441339002912e-01,5.162301246848807756e-02
5.940000000000000568e+01,0.000000000000000000e+00,2.540860573850587528e-03,1.852135840535588107e-01,4.757382630031499471e-02
5.945000000000000284e+01,0.000000000000000000e+00,2.237654249842148217e-03,1.696769544950063879e-01,4.353806574867267326e-02
5.950000000000000000e+01,0.000000000000000000e+00,1.951273131786312228e-03,1.541599408012865047e-01,3.951562176621477990e-02
5.955000000000000426e+01,0.000000000000000000e+00,1.681657187082031537e-03,1.386622290955672465e-01,3.550638586743282837e-02
5.960000000000000142e+01,0.000000000000000000e+00,1.428747113407579945e-03,1.231835062735825853e-01,3.151025012509943435e-02
5.965000000000000568e+01,0.000000000000000000e+00,1.192484335413124307e-03,1.077234599960801703e-01,2.752710716672660332e-02
5.970000000000000284e+01,0.000000000000000000e+00,9.728110014406640693e-04,9.228177868132893258e-02,2.355685017105256518e-02
5.975000000000000000e+01,0.000000000000000000e+00,7.696699802701185023e-04,7.685815149762123544e-02,1.959937286454036670e-02
5.980000000000000426e+01,0.000000000000000000e+00,5.830048578923056196e-04,6.145226835582402736e-02,1.565456951790215878e-02
5.985000000000000142e+01,0.000000000000000000e+00,4.127599343082765889e-04,4.606381990195675125e-02,1.172233494264332543e-02
5.990000000000000568e+01,0.000000000000000000e+00,2.588802203546700185e-04,3.069249750977393748e-02,7.802564487620819271e-03
5.995000000000000284e+01,0.000000000000000000e+00,1.213114345555687797e-04,1.533799327340709152e-02,3.895154035629557095e-03
6.000000000000000000e+01,0.000000000000000000e+00,0.000000000000000000e+00,0.000000000000000000e+00,0.000000000000000000e+00
