time,q500,q750,q1000,v500,v750,v1000,mean_inventory
0.000000000000000000e+00,5.000000000000000000e+02,7.500000000000000000e+02,1.000000000000000000e+03,7.940416028504020574e+01,9.994530613699321009e+01,1.203611183801419884e+02,7.500000000000000000e+02
5.000000000000000278e-02,4.960443269783363007e+02,7.450193558509197373e+02,9.940006402982629652e+02,7.882343951264043369e+01,9.928119731747847254e+01,1.196140622008101246e+02,7.450209197446097278e+02
1.000000000000000056e-01,4.921175883867035736e+02,7.400718067637016020e+02,9.880385147831174208e+02,7.824677846832450712e+01,9.862149877745531512e+01,1.188717458361092980e+02,7.400749291743060212e+02
1.500000000000000222e-01,4.882195819294879584e+02,7.351571329555155216e+02,9.821133872242553480e+02,7.767414955105807906e+01,9.796618130337003549e+01,1.181341389017103864e+02,7.351618087661936443e+02
2.000000000000000111e-01,4.843501066865501343e+02,7.302751160993876738e+02,9.762250229057052593e+02,7.710552534270063063e+01,9.731521587428444775e+01,1.174012112082423727e+02,7.302813404477576569e+02
2.500000000000000000e-01,4.805089631041101939e+02,7.254255393146023607e+02,9.703731886161167495e+02,7.654087860682163580e+01,9.666857366061422852e+01,1.166729327600476296e+02,7.254333075873579446e+02
3.000000000000000444e-01,4.766959529856913491e+02,7.206081871571656166e+02,9.645576526391050720e+02,7.598018228752403047e+01,9.602622602287573272e+01,1.159492737539454339e+02,7.206174949847818425e+02
3.500000000000000333e-01,4.729108794831226419e+02,7.158228456103306598e+02,9.587781847436584712e+02,7.542340950827508550e+01,9.538814451044028431e+01,1.152302045780026702e+02,7.158336888618606508e+02
4.000000000000000222e-01,4.691535470876000886e+02,7.110693020751868971e+02,9.530345561746055409e+02,7.487053357074499615e+01,9.475430086029743393e+01,1.145156958103128630e+02,7.110816768531449270e+02
4.500000000000000111e-01,4.654237616208051236e+02,7.063473453613092943e+02,9.473265396431454519e+02,7.432152795365230702e+01,9.412466699582542162e+01,1.138057182177829674e+02,7.063612479966423052e+02
5.000000000000000000e-01,4.617213302260810792e+02,7.016567656774697070e+02,9.416539093174362733e+02,7.377636631161720970e+01,9.349921502557023700e+01,1.131002427549273222e+02,7.016721927246142059e+02
5.500000000000000444e-01,4.580460613596659414e+02,6.969973546224085794e+02,9.360164408132455947e+02,7.323502247402169019e+01,9.287791724203231070e+01,1.123992405626699451e+02,6.970143028544321169e+02
6.000000000000000888e-01,4.543977647819838239e+02,6.923689051756676918e+02,9.304139111846592414e+02,7.269747044387699475e+01,9.226074612046110701e+01,1.117026829671538621e+02,6.923873715794945838e+02
6.500000000000000222e-01,4.507762515489907287e+02,6.877712116884830493e+02,9.248460989148497902e+02,7.216368439669854240e+01,9.164767431765766048e+01,1.110105414785584657e+02,6.877911934602016117e+02
7.000000000000000666e-01,4.471813340035774900e+02,6.832040698747360921e+02,9.193127839069048832e+02,7.163363867938753060e+01,9.103867467078482889e+01,1.103227877899238791e+02,6.832255644149886393e+02
7.500000000000000000e-01,4.436128257670285961e+02,6.786672768019657269e+02,9.138137474747127271e+02,7.110730780911995907e+01,9.043372019618513491e+01,1.096393937759831658e+02,6.786902817114182653e+02
8.000000000000000444e-01,4.400705417305357514e+02,6.741606308824387952e+02,9.083487723339069362e+02,7.058466647224254586e+01,8.983278408820675054e+01,1.089603314920017993e+02,6.741851439573300695e+02
8.500000000000000888e-01,4.365542980467669167e+02,6.696839318642790886e+02,9.029176425928682193e+02,7.006568952317569199e+01,8.923583971803650172e+01,1.082855731726245381e+02,6.697099510920482999e+02
9.000000000000000222e-01,4.330639121214900911e+02,6.652369808226542318e+02,8.975201437437848426e+02,6.955035198332336677e+01,8.864286063254090209e+01,1.076150912307295471e+02,6.652645043776458351e+02
9.500000000000000666e-01,4.295992026052508095e+02,6.608195801510202045e+02,8.921560626537687995e+02,6.903862903998998490e+01,8.805382055311451950e+01,1.069488582562898245e+02,6.608486063902649903e+02
1.000000000000000000e+00,4.261599893851044953e+02,6.564315335524241846e+02,8.868251875560298458e+02,6.853049604530403371e+01,8.746869337453595961e+01,1.062868470152419178e+02,6.564620610114957344e+02
1.050000000000000044e+00,4.227460935764019609e+02,6.520726460308637797e+02,8.815273080411050159e+02,6.802592851514866368e+01,8.688745316383108275e+01,1.056290304483617746e+02,6.521046734198087051e+02
1.100000000000000089e+00,4.193573375146277158e+02,6.477427238827020801e+02,8.762622150481450944e+02,6.752490212809887282e+01,8.631007415914390890e+01,1.049753816701475984e+02,6.477762500820442710e+02
1.150000000000000133e+00,4.159935447472926739e+02,6.434415746881405767e+02,8.710297008562559995e+02,6.702739272436569706e+01,8.573653076861452860e+01,1.043258739677100664e+02,6.434765987449574141e+02
1.200000000000000178e+00,4.126545400258778500e+02,6.391690073027474455e+02,8.658295590758954177e+02,6.653337630474686648e+01,8.516679756926468770e+01,1.036804807996692972e+02,6.392055284268170681e+02
1.250000000000000000e+00,4.093401492978317719e+02,6.349248318490405154e+02,8.606615846403258274e+02,6.604282902958424017e+01,8.460084930589016494e+01,1.030391757950590943e+02,6.349628494090595723e+02
1.300000000000000044e+00,4.060501996986185418e+02,6.307088597081262833e+02,8.555255737971199324e+02,6.555572721772784917e+01,8.403866088996079498e+01,1.024019327522378404e+02,6.307483732279977175e+02
1.350000000000000089e+00,4.027845195438186465e+02,6.265209035113941809e+02,8.504213240997216872e+02,6.507204734550640524e+01,8.348020739852736938e+01,1.017687256378066820e+02,6.265619126665822023e+02
1.400000000000000133e+00,3.995429383212805874e+02,6.223607771322637063e+02,8.453486343990621208e+02,6.459176604570460256e+01,8.292546407313565737e+01,1.011395285855341655e+02,6.224032817462175444e+02
1.450000000000000178e+00,3.963252866833233270e+02,6.182282956779873757e+02,8.403073048352263186e+02,6.411486010654661527e+01,8.237440631874783037e+01,1.005143158952879503e+02,6.182722957186310850e+02
1.500000000000000000e+00,3.931313964389895546e+02,6.141232754815065391e+02,8.352971368291756562e+02,6.364130647068619595e+01,8.182700970267026719e+01,9.989306203197342882e+01,6.141687710577945154e+02
1.550000000000000044e+00,3.899611005463496554e+02,6.100455340933610842e+02,8.303179330745224433e+02,6.317108223420325430e+01,8.128324995348897630e+01,9.927574162447859862e+01,6.100925254518986094e+02
1.600000000000000089e+00,3.868142331048551910e+02,6.059948902736510945e+02,8.253694975293570906e+02,6.270416464560675252e+01,8.074310296001158349e+01,9.866232946462621101e+01,6.060433777953786603e+02
1.650000000000000133e+00,3.836906293477420604e+02,6.019711639840530779e+02,8.204516354081265490e+02,6.224053110484374685e+01,8.020654477021622597e+01,9.805280050613220055e+01,6.020211481809936913e+02
1.700000000000000178e+00,3.805901256344832859e+02,5.979741763798870124e+02,8.155641531735669787e+02,6.178015916231509408e+01,7.967355159020749511e+01,9.744712986357073703e+01,5.980256578919560297e+02
1.750000000000000000e+00,3.775125594432911385e+02,5.940037498022361433e+02,8.107068585286854159e+02,6.132302651789709813e+01,7.914409978317887351e+01,9.684529281134619794e+01,5.940567293941121534e+02
1.800000000000000044e+00,3.744577693636674098e+02,5.900597077701180524e+02,8.058795604087941911e+02,6.086911101996959417e+01,7.861816586838219223e+01,9.624726478267099594e+01,5.901141863281744691e+02
1.850000000000000089e+00,3.714255950890022291e+02,5.861418749727080240e+02,8.010820689735961651e+02,6.041839066445001549e+01,7.809572652010359661e+01,9.565302136855081017e+01,5.861978535020035679e+02
1.900000000000000133e+00,3.684158774092215936e+02,5.822500772616124323e+02,7.963141955993199872e+02,5.997084359383375585e+01,7.757675856664636171e+01,9.506253831677528865e+01,5.823075568829416397e+02
1.950000000000000178e+00,3.654284582034821369e+02,5.783841416431922653e+02,7.915757528709060580e+02,5.952644809624054290e+01,7.706123898932013105e+01,9.447579153091592730e+01,5.784431235901931814e+02
2.000000000000000000e+00,3.624631804329137026e+02,5.745438962709401949e+02,7.868665545742426275e+02,5.908518260446702897e+01,7.654914492143693394e+01,9.389275706932990317e+01,5.746043818872592510e+02
2.050000000000000266e+00,3.595198881334089833e+02,5.707291704379026669e+02,7.821864156884507793e+02,5.864702569504510166e+01,7.604045364731351242e+01,9.331341114417028848e+01,5.707911611744162883e+02
2.100000000000000089e+00,3.565984264084598863e+02,5.669397945691566747e+02,7.775351523782200047e+02,5.821195608730649695e+01,7.553514260128036995e+01,9.273773012040287256e+01,5.670032919812483669e+02
2.149999999999999911e+00,3.536986414220417601e+02,5.631756002143328033e+02,7.729125819861910713e+02,5.777995264245332407e+01,7.503318936669714390e+01,9.216569051482845509e+01,5.632406059592245811e+02
2.200000000000000178e+00,3.508203803915419030e+02,5.594364200401878406e+02,7.683185230253894815e+02,5.735099436263419648e+01,7.453457167497437297e+01,9.159726899511240106e+01,5.595029358743267949e+02
2.250000000000000000e+00,3.479634915807355355e+02,5.557220878232274117e+02,7.637527951717055430e+02,5.692506039002665830e+01,7.403926740460174472e+01,9.103244237881938261e+01,5.557901155997240039e+02
2.300000000000000266e+00,3.451278242928075315e+02,5.520324384423755646e+02,7.592152192564242341e+02,5.650213000592520984e+01,7.354725458018258166e+01,9.047118763245494222e+01,5.521019801084958090e+02
2.350000000000000089e+00,3.423132288634191127e+02,5.483673078716939244e+02,7.547056172588013396e+02,5.608218262983521640e+01,7.305851137147459440e+01,8.991348187051268326e+01,5.484383654664020469e+02
2.400000000000000355e+00,3.395195566538193930e+02,5.447265331731465494e+02,7.502238122986881308e+02,5.566519781857246585e+01,7.257301609243701535e+01,8.935930235452791237e+01,5.447991088247001699e+02
2.450000000000000178e+00,3.367466600440028515e+02,5.411099524894144679e+02,7.457696286292026571e+02,5.525115526536874455e+01,7.209074720028370109e+01,8.880862649213683824e+01,5.411840484130085542e+02
2.500000000000000000e+00,3.339943924259103483e+02,5.375174050367565997e+02,7.413428916294482178e+02,5.484003479898269973e+01,7.161168329454268644e+01,8.826143183614220789e+01,5.375930235322178987e+02
2.550000000000000266e+00,3.312626081966751599e+02,5.339487310979163794e+02,7.369434277972776499e+02,5.443181638281676982e+01,7.113580311612169282e+01,8.771769608358447101e+01,5.340258745474463922e+02
2.600000000000000089e+00,3.285511627519126705e+02,5.304037720150772657e+02,7.325710647421055910e+02,5.402648011403950790e+01,7.066308554637970474e+01,8.717739707481921130e+01,5.304824428810431982e+02
2.650000000000000355e+00,3.258599124790537189e+02,5.268823701828625872e+02,7.282256311777649671e+02,5.362400622271347572e+01,7.019350960620468527e+01,8.664051279260014837e+01,5.269625710056359367e+02
2.700000000000000178e+00,3.231887147507218288e+02,5.233843690413821150e+02,7.239069569154104329e+02,5.322437507092890030e+01,6.972705445509733124e+01,8.610702136116807992e+01,5.234661024372240945e+02
2.750000000000000000e+00,3.205374279181532415e+02,5.199096130693243367e+02,7.196148728564656949e+02,5.282756715194263109e+01,6.926369939026058375e+01,8.557690104534566444e+01,5.199928817283168883e+02
2.800000000000000266e+00,3.179059113046600373e+02,5.164579477770937501e+02,7.153492109856177876e+02,5.243356308932267495e+01,6.880342384569532044e+01,8.505013024963784574e+01,5.165427544611163739e+02
2.850000000000000089e+00,3.152940251991358309e+02,5.130292196999936323e+02,7.111098043638551189e+02,5.204234363609826630e+01,6.834620739130183154e+01,8.452668751733803276e+01,5.131155672407445536e+02
2.900000000000000355e+00,3.127016308496038164e+02,5.096232763914534303e+02,7.068964871215500807e+02,5.165388967391519515e+01,6.789202973198712243e+01,8.400655152963996386e+01,5.097111676885152178e+02
2.950000000000000178e+00,3.101285904568071032e+02,5.062399664163005468e+02,7.027090944515863384e+02,5.126818221219666327e+01,6.744087070677808526e+01,8.348970110475536899e+01,5.063294044352486480e+02
3.000000000000000000e+00,3.075747671678403776e+02,5.028791393440762363e+02,6.985474626025302314e+02,5.088520238730939127e+01,6.699271028794042593e+01,8.297611519703681893e+01,5.029701271146307704e+02
3.050000000000000266e+00,3.050400250698238551e+02,4.995406457423961797e+02,6.944114288718443504e+02,5.050493146173509729e+01,6.654752858010343175e+01,8.246577289610665673e+01,4.996331863566151696e+02
3.100000000000000089e+00,3.025242291836179334e+02,4.962243371703531807e+02,6.903008315991470454e+02,5.012735082324730485e+01,6.610530581939016770e+01,8.195865342599105929e+01,4.963184337808678492e+02
3.150000000000000355e+00,3.000272454575790562e+02,4.929300661719646541e+02,6.862155101595124052e+02,4.975244198409325946e+01,6.566602237255369801e+01,8.145473614425982589e+01,4.930257219902551924e+02
3.200000000000000178e+00,2.975489407613561639e+02,4.896576862696626904e+02,6.821553049568167353e+02,4.938018658018122409e+01,6.522965873611870791e+01,8.095400054117168054e+01,4.897549045643745558e+02
3.250000000000000000e+00,2.950891828797286394e+02,4.864070519578264680e+02,6.781200574171223252e+02,4.901056637027289042e+01,6.479619553552876710e+01,8.045642623882463340e+01,4.865058360531259609e+02
3.300000000000000266e+00,2.926478405064826802e+02,4.831780186963578672e+02,6.741096099821093048e+02,4.864356323518092040e+01,6.436561352429922067e+01,7.996199299031226815e+01,4.832783719703269298e+02
3.350000000000000089e+00,2.902247832383293940e+02,4.799704429042983520e+02,6.701238061025449042e+02,4.827915917697168169e+01,6.393789358317551574e+01,7.947068067888493204e+01,4.800723687873677363e+02
3.400000000000000355e+00,2.878198815688617742e+02,4.767841819534892807e+02,6.661624902317979604e+02,4.791733631817299965e+01,6.351301671929704895e+01,7.898246931711661034e+01,4.768876839269096308e+02
3.450000000000000178e+00,2.854330068825512399e+02,4.736190941622722335e+02,6.622255078193920781e+02,4.755807690098700391e+01,6.309096406536652069e+01,7.849733904607678880e+01,4.737241757566219462e+02
3.500000000000000000e+00,2.830640314487836235e+02,4.704750387892316894e+02,6.583127053046027868e+02,4.720136328650802682e+01,6.267171687882455444e+01,7.801527013450785830e+01,4.705817035829624615e+02
3.550000000000000266e+00,2.807128284159336999e+02,4.673518760269789709e+02,6.544239301100934654e+02,4.684717795394546158e+01,6.225525654102994366e+01,7.753624297800752174e+01,4.674601276449963052e+02
3.600000000000000089e+00,2.783792718054793340e+02,4.642494669959764337e+02,6.505590306355932171e+02,4.649550349985160125e+01,6.184156455644499317e+01,7.706023809821651582e+01,4.643593091082563546e+02
3.650000000000000355e+00,2.760632365061529185e+02,4.611676737384025273e+02,6.467178562516146485e+02,4.614632263735439466e+01,6.143062255182636022e+01,7.658723614201150554e+01,4.612791100586431412e+02
3.700000000000000178e+00,2.737645982681322039e+02,4.581063592120573276e+02,6.429002572932124622e+02,4.579961819539511225e+01,6.102241227542100432e+01,7.611721788070305195e+01,4.582193934963648303e+02
3.750000000000000000e+00,2.714832336972680764e+02,4.550653872843079171e+02,6.391060850537818396e+02,4.545537311797091462e+01,6.061691559616760827e+01,7.565016420923866747e+01,4.551800233299164802e+02
3.800000000000000266e+00,2.692190202493508764e+02,4.520446227260735554e+02,6.353351917788957053e+02,4.511357046338223142e+01,6.021411450290293033e+01,7.518605614541102966e+01,4.521608643700984089e+02
3.850000000000000089e+00,2.669718362244143464e+02,4.490439312058510382e+02,6.315874306601831449e+02,4.477419340348499333e+01,5.981399110357359916e+01,7.472487482907118306e+01,4.491617823240749203e+02
3.900000000000000355e+00,2.647415607610753341e+02,4.460631792837781404e+02,6.278626558292453410e+02,4.443722522294751087e+01,5.941652762445290392e+01,7.426660152134661530e+01,4.461826437894692390e+02
3.950000000000000178e+00,2.625280738309130584e+02,4.431022344057367945e+02,6.241607223516110707e+02,4.410264931851232717e+01,5.902170640936268597e+01,7.381121760386457709e+01,4.432233162484994864e+02
4.000000000000000000e+00,2.603312562328823674e+02,4.401609648974957167e+02,6.204814862207317674e+02,4.377044919826261804e+01,5.862950991890036789e+01,7.335870457798006328e+01,4.402836680621513779e+02
4.049999999999999822e+00,2.581509895877664462e+02,4.372392399588902663e+02,6.168248043520136434e+02,4.344060848089333859e+01,5.823992072967109124e+01,7.290904406400885307e+01,4.373635684643901413e+02
4.100000000000000533e+00,2.559871563326627211e+02,4.343369296580409014e+02,6.131905345768889219e+02,4.311311089498700966e+01,5.785292153352457234e+01,7.246221780046541028e+01,4.344628875564083614e+02
4.150000000000000355e+00,2.538396397155077580e+02,4.314539049256105727e+02,6.095785356369253805e+02,4.278794027829425772e+01,5.746849513679742216e+01,7.201820764330568636e+01,4.315814963009135568e+02
4.200000000000000178e+00,2.517083237896361538e+02,4.285900375490990655e+02,6.059886671779722747e+02,4.246508057701874606e+01,5.708662445955987863e+01,7.157699556517449935e+01,4.287192665164516256e+02
4.250000000000000000e+00,2.495930934083760064e+02,4.257452001671745734e+02,6.024207897443451429e+02,4.214451584510690907e+01,5.670729253486793908e+01,7.113856365465798604e+01,4.258760708717675243e+02
4.299999999999999822e+00,2.474938342196788312e+02,4.229192662640435287e+02,5.988747647730467634e+02,4.182623024354200680e+01,5.633048250801992651e+01,7.070289411554065850e+01,4.230517828802031772e+02
4.350000000000000533e+00,2.454104326607860003e+02,4.201121101638566415e+02,5.953504545880268779e+02,4.151020803964296135e+01,5.595617763581834936e+01,7.026996926606727811e+01,4.202462768941315403e+02
4.400000000000000355e+00,2.433427759529291450e+02,4.173236070251524552e+02,5.918477223944759089e+02,4.119643360636745655e+01,5.558436128583621638e+01,6.983977153820922013e+01,4.174594280994274413e+02
4.450000000000000178e+00,2.412907520960649492e+02,4.145536328353366002e+02,5.883664322731584662e+02,4.088489142161952117e+01,5.521501693568835378e+01,6.941228347693576950e+01,4.146911125099741184e+02
4.500000000000000000e+00,2.392542498636465211e+02,4.118020644051979389e+02,5.849064491747806187e+02,4.057556606756185857e+01,5.484812817230738347e+01,6.898748773948992152e+01,4.119412069622057402e+02
4.549999999999999822e+00,2.372331587974255456e+02,4.090687793634606919e+02,5.814676389143940014e+02,4.026844222993196354e+01,5.448367869122449747e+01,6.856536709466864465e+01,4.092095891096852256e+02
4.600000000000000533e+00,2.352273692022923797e+02,4.063536561513730021e+02,5.780498681658369833e+02,3.996350469736335498e+01,5.412165229585487936e+01,6.814590442210810295e+01,4.064961374177188418e+02
4.650000000000000355e+00,2.332367721411470711e+02,4.036565740173294330e+02,5.746530044562102830e+02,3.966073836071057457e+01,5.376203289678779385e+01,6.772908271157307070e+01,4.038007311580040550e+02
4.700000000000000178e+00,2.312612594298053921e+02,4.009774130115303592e+02,5.712769161603866905e+02,3.936012821237880388e+01,5.340480451108128790e+01,6.731488506225092294e+01,4.011232504033131931e+02
4.750000000000000000e+00,2.293007236319380411e+02,3.983160539806765428e+02,5.679214724955598967e+02,3.906165934565772346e+01,5.304995126156170215e+01,6.690329468205031560e+01,3.984635760222128056e+02
4.800000000000000711e+00,2.273550580540428427e+02,3.956723785626973040e+02,5.645865435158236778e+02,3.876531695405959255e+01,5.269745737612732484e+01,6.649429488690411461e+01,3.958215896738153106e+02
4.850000000000000533e+00,2.254241567404503712e+02,3.930462691815154130e+02,5.612720001067899602e+02,3.847108633066162753e+01,5.234730718705715447e+01,6.608786910007691517e+01,3.931971738025678178e+02
4.900000000000000355e+00,2.235079144683614629e+02,3.904376090418433023e+02,5.579777139802378088e+02,3.817895286745257977e+01,5.199948513032359898e+01,6.568400085147676748e+01,3.905902116330714762e+02
4.950000000000000178e+00,2.216062267429186647e+02,3.878462821240178187e+02,5.547035576687993625e+02,3.788890205468351269e+01,5.165397574491021260e+01,6.528267377697157769e+01,3.880005871649384517e+02
5.000000000000000000e+00,2.197189897923085482e+02,3.852721731788649322e+02,5.514494045206780584e+02,3.760091948022269293e+01,5.131076367213345435e+01,6.488387161770954492e+01,3.854281851676790893e+02
5.050000000000000711e+00,2.178461005628973624e+02,3.827151677226003130e+02,5.482151286944025514e+02,3.731499082891470920e+01,5.096983365496908647e+01,6.448757821944410296e+01,3.828728911756251136e+02
5.100000000000000533e+00,2.159874567143979505e+02,3.801751520317640711e+02,5.450006051536130371e+02,3.703110188194362706e+01,5.063117053738302076e+01,6.409377753186322479e+01,3.803345914828847754e+02
5.150000000000000355e+00,2.141429566150686412e+02,3.776520131381863052e+02,5.418057096618794048e+02,3.674923851620027904e+01,5.029475926366635719e+01,6.370245360792266354e+01,3.778131731383301712e+02
5.200000000000000178e+00,2.123124993369438300e+02,3.751456388239886337e+02,5.386303187775571359e+02,3.646938670365359769e+01,4.996058487777491308e+01,6.331359060318394683e+01,3.753085239406195797e+02
5.250000000000000000e+00,2.104959846510951422e+02,3.726559176166169323e+02,5.354743098486720783e+02,3.619153251072594202e+01,4.962863252267304404e+01,6.292717277515608743e+01,3.728205324332502641e+02
5.300000000000000711e+00,2.086933130229250537e+02,3.701827387839070411e+02,5.323375610078388718e+02,3.591566209767251650e+01,4.929888743968169251e+01,6.254318448264174890e+01,3.703490878996444735e+02
5.350000000000000533e+00,2.069043856074902976e+02,3.677259923291836685e+02,5.292199511672140488e+02,3.564176171796471948e+01,4.897133496783075657e+01,6.216161018508762481e+01,3.678940803582679564e+02
5.400000000000000355e+00,2.051291042448559949e+02,3.652855689863903308e+02,5.261213600134786930e+02,3.536981771767747773e+01,4.864596054321569341e+01,6.178243444193869038e+01,3.654554005577788303e+02
5.450000000000000178e+00,2.033673714554817593e+02,3.628613602152526596e+02,5.230416680028549763e+02,3.509981653488051734e+01,4.832274969835825829e+01,6.140564191199682398e+01,3.630329399722104995e+02
5.500000000000000000e+00,2.016190904356360249e+02,3.604532581964729161e+02,5.199807563561546431e+02,3.483174469903347159e+01,4.800168806157157775e+01,6.103121735278342186e+01,3.606265907961841322e+02
5.550000000000000711e+00,1.998841650528418370e+02,3.580611558269556554e+02,5.169385070538584159e+02,3.456558883038496077e+01,4.768276135632905977e+01,6.065914561990596354e+01,3.582362459401529122e+02
5.600000000000000533e+00,1.981624998413532239e+02,3.556849467150663031e+02,5.139148028312278029e+02,3.430133563937559416e+01,4.736595540063795085e+01,6.028941166642885463e+01,3.558617990256784083e+02
5.650000000000000355e+00,1.964539999976590821e+02,3.533245251759191206e+02,5.109095271734473727e+02,3.403897192604460997e+01,4.705125610641638900e+01,5.992200054224798578e+01,3.535031443807362166e+02
5.700000000000000178e+00,1.947585713760191197e+02,3.509797862266981383e+02,5.079225643107995438e+02,3.377848457944049443e+01,4.673864947887496868e+01,5.955689739346944833e+01,3.511601770350537208e+02
5.750000000000000000e+00,1.930761204840272569e+02,3.486506255820067395e+02,5.049537992138683080e+02,3.351986057703531685e+01,4.642812161590219944e+01,5.919408746179225744e+01,3.488327927154772397e+02
5.800000000000000711e+00,1.914065544782054928e+02,3.463369396492499845e+02,5.020031175887762629e+02,3.326308698414288756e+01,4.611965870745390106e+01,5.883355608389479130e+01,3.465208878413704383e+02
5.850000000000000533e+00,1.897497811596262522e+02,3.440386255240461537e+02,4.990704058724504080e+02,3.300815095334061056e+01,4.581324703494678374e+01,5.847528869082539416e+01,3.442243595200422419e+02
5.900000000000000355e+00,1.881057089695633238e+02,3.417555809856684732e+02,4.961555512279181244e+02,3.275503972389501683e+01,4.550887297065578707e+01,5.811927080739660312e+01,3.419431055422045915e+02
5.950000000000000178e+00,1.864742469851719875e+02,3.394877044925178780e+02,4.932584415396352711e+02,3.250374062119112750e+01,4.520652297711554723e+01,5.776548805158349609e+01,3.396770243774607252e+02
6.000000000000000000e+00,1.848553049151967969e+02,3.372348951776239687e+02,4.903789654088417365e+02,3.225424105616530568e+01,4.490618360652561591e+01,5.741392613392555688e+01,3.374260151698216532e+02
6.050000000000000711e+00,1.832487930957089475e+02,3.349970528441773467e+02,4.875170121489489929e+02,3.200652852474195242e+01,4.460784150015970795e+01,5.706457085693273967e+01,3.351899777332531585e+02
6.100000000000000533e+00,1.816546224858699361e+02,3.327740779610904269e+02,4.846724717809561866e+02,3.176059060727365235e+01,4.431148338777874329e+01,5.671740811449495823e+01,3.329688125472517299e+02
6.150000000000000355e+00,1.800727046637248918e+02,3.305658716585871275e+02,4.818452350288957291e+02,3.151641496798504249e+01,4.401709608704766197e+01,5.637242389129555420e+01,3.307624207524487474e+02
6.200000000000000178e+00,1.785029518220220552e+02,3.283723357238231984e+02,4.790351933153077084e+02,3.127398935442021255e+01,4.372466650295627488e+01,5.602960426222833945e+01,3.285707041462440543e+02
6.250000000000000000e+00,1.769452767640611910e+02,3.261933725965330950e+02,4.762422387567446549e+02,3.103330159689364010e+01,4.343418162724357501e+01,5.568893539181855346e+01,3.263935651784680090e+02
6.300000000000000711e+00,1.753995928995684608e+02,3.240288853647080600e+02,4.734662641593042736e+02,3.079433960794474245e+01,4.314562853782621943e+01,5.535040353364733789e+01,3.242309069470721852e+02
6.350000000000000533e+00,1.738658142405984393e+02,3.218787777603006930e+02,4.707071630141903711e+02,3.055709138179581785e+01,4.285899439823034385e+01,5.501399502977998424e+01,3.220826331938475278e+02
6.400000000000000355e+00,1.723438553974641820e+02,3.197429541549587384e+02,4.679648294933033981e+02,3.032154499381364232e+01,4.257426645702734902e+01,5.467969631019767718e+01,3.199486483001712713e+02
6.450000000000000178e+00,1.708336315746926175e+02,3.176213195557870677e+02,4.652391584448586173e+02,3.008768859997434575e+01,4.229143204727337491e+01,5.434749389223308214e+01,3.178288572827813141e+02
6.500000000000000000e+00,1.693350585670076214e+02,3.155137796011371734e+02,4.625300453890323524e+02,2.985551043633186907e+01,4.201047858595228490e+01,5.401737438000930780e+01,3.157231657895786157e+02
6.550000000000000711e+00,1.678480527553399497e+02,3.134202405564247442e+02,4.598373865136370569e+02,2.962499881848987471e+01,4.173139357342247990e+01,5.368932446388262036e+01,3.136314800954565953e+02
6.600000000000000533e+00,1.663725311028618137e+02,3.113406093099744112e+02,4.571610786698224160e+02,2.939614214107685441e+01,4.145416459286717981e+01,5.336333091988855415e+01,3.115537070981582701e+02
6.650000000000000355e+00,1.649084111510495632e+02,3.092747933688928015e+02,4.545010193678068049e+02,2.916892887722489291e+01,4.117877930974844958e+01,5.303938060919169573e+01,3.094897543141605070e+02
6.700000000000000178e+00,1.634556110157710691e+02,3.072227008549675134e+02,4.518571067726326191e+02,2.894334757805160407e+01,4.090522547126462172e+01,5.271746047753884312e+01,3.074395298745846503e+02
6.750000000000000000e+00,1.620140493833993673e+02,3.051842405005940009e+02,4.492292396999521884e+02,2.871938687214542085e+01,4.063349090581145617e+01,5.239755755471576748e+01,3.054029425211348894e+02
6.800000000000000711e+00,1.605836455069520525e+02,3.031593216447293457e+02,4.466173176118385868e+02,2.849703546505433494e+01,4.036356352244670376e+01,5.207965895400735690e+01,3.033799016020623185e+02
6.850000000000000533e+00,1.591643192022558537e+02,3.011478542288722338e+02,4.440212406126244105e+02,2.827628213877778407e+01,4.009543131035822938e+01,5.176375187166120639e+01,3.013703170681561687e+02
6.900000000000000355e+00,1.577559908441368179e+02,2.991497487930697048e+02,4.414409094447672146e+02,2.805711575126190027e+01,3.982908233833561695e+01,5.144982358635467534e+01,2.993740994687608463e+02
6.950000000000000178e+00,1.563585813626355048e+02,2.971649164719501641e+02,4.388762254847405870e+02,2.783952523589796968e+01,3.956450475424517776e+01,5.113786145866531996e+01,2.973911599478191192e+02
7.000000000000000000e+00,1.549720122392469648e+02,2.951932689907825988e+02,4.363270907389528475e+02,2.762349960102416446e+01,3.930168678450846187e+01,5.082785293054465114e+01,2.954214102399412241e+02
7.050000000000000711e+00,1.535962055031860984e+02,2.932347186615621695e+02,4.337934078396912696e+02,2.740902792943047928e+01,3.904061673358420848e+01,5.051978552479533136e+01,2.934647626665004054e+02
7.100000000000000533e+00,1.522310837276775430e+02,2.912891783791203579e+02,4.312750800410925081e+02,2.719609937786688292e+01,3.878128298345356484e+01,5.021364684455162575e+01,2.915211301317526704e+02
7.150000000000000355e+00,1.508765700262691496e+02,2.893565616172628552e+02,4.287720112151392868e+02,2.698470317655455375e+01,3.852367399310884366e+01,4.990942457276325683e+01,2.895904261189835438e+02
7.200000000000000178e+00,1.495325880491713519e+02,2.874367824249303567e+02,4.262841058476815306e+02,2.677482862870039426e+01,3.826777829804541398e+01,4.960710647168247789e+01,2.876725646866784132e+02
7.250000000000000000e+00,1.481990619796196427e+02,2.855297554223873817e+02,4.238112690344852922e+02,2.656646511001464006e+01,3.801358450975723002e+01,4.930668038235437223e+01,2.857674604647199317e+02
7.300000000000000711e+00,1.468759165302612644e+02,2.836353957974336026e+02,4.213534064773045884e+02,2.635960206823148866e+01,3.776108131523529465e+01,4.900813422411054177e+01,2.838750286506082716e+02
7.350000000000000533e+00,1.455630769395662298e+02,2.817536193016425727e+02,4.189104244799804633e+02,2.615422902263299321e+01,3.751025747646976072e+01,4.871145599406590776e+01,2.819951850057079810e+02
7.400000000000000355e+00,1.442604689682615344e+02,2.798843422466235893e+02,4.164822299445640965e+02,2.595033556357590143e+01,3.726110182995500963e+01,4.841663376661882268e+01,2.801278458515182024e+02
7.450000000000000178e+00,1.429680188957891858e+02,2.780274815003086246e+02,4.140687303674646387e+02,2.574791135202156056e+01,3.701360328619816897e+01,4.812365569295418055e+01,2.782729280659677897e+02
7.500000000000000000e+00,1.416856535167880509e+02,2.761829544832644956e+02,4.116698338356230806e+02,2.554694611906898771e+01,3.676775082923072802e+01,4.783251000054993796e+01,2.764303490797350378e+02
7.550000000000000711e+00,1.404133001375978722e+02,2.743506791650282253e+02,4.092854490227091446e+02,2.534742966549073273e+01,3.652353351612342891e+01,4.754318499268666187e+01,2.746000268725908882e+02
7.600000000000000533e+00,1.391508865727878117e+02,2.725305740604673588e+02,4.069154851853435844e+02,2.514935186127200950e+01,3.628094047650434106e+01,4.725566904796012579e+01,2.727818799697665213e+02
7.650000000000000355e+00,1.378983411417069931e+02,2.707225582261643808e+02,4.045598521593450414e+02,2.495270264515256287e+01,3.603996091208000507e+01,4.696995061979719566e+01,2.709758274383451635e+02
7.700000000000000178e+00,1.366555926650579522e+02,2.689265512568239274e+02,4.022184603559993548e+02,2.475747202417163706e+01,3.580058409615974568e+01,4.668601823597463607e+01,2.691817888836762904e+02
7.750000000000000000e+00,1.354225704614934784e+02,2.671424732817051790e+02,3.998912207583551321e+02,2.456365007321586802e+01,3.556279937318324613e+01,4.640386049814108560e+01,2.673996844458147280e+02
7.800000000000000711e+00,1.341992043442351132e+02,2.653702449610771623e+02,3.975780449175418312e+02,2.437122693457007472e+01,3.532659615825104282e+01,4.612346608134212289e+01,2.656294347959828315e+02
7.850000000000000533e+00,1.329854246177143295e+02,2.636097874826965608e+02,3.952788449491111464e+02,2.418019281747095306e+01,3.509196393665808245e+01,4.584482373354815365e+01,2.638709611330546636e+02
7.900000000000000355e+00,1.317811620742364767e+02,2.618610225583103670e+02,3.929935335294030665e+02,2.399053799766365813e+01,3.485889226343053338e+01,4.556792227518557326e+01,2.621241851800650693e+02
7.950000000000000178e+00,1.305863479906659848e+02,2.601238724201806463e+02,3.907220238919347821e+02,2.380225281696132456e+01,3.462737076286546056e+01,4.529275059867075015e+01,2.603890291807405220e+02
8.000000000000000000e+00,1.294009141251340793e+02,2.583982598176322085e+02,3.884642298238123885e+02,2.361532768280732597e+01,3.439738912807354865e+01,4.501929766794703625e+01,2.586654158960527639e+02
8.050000000000000711e+00,1.282247927137681245e+02,2.566841080136236428e+02,3.862200656621660073e+02,2.342975306784042644e+01,3.416893712052488752e+01,4.474755251802470468e+01,2.569532686007953544e+02
8.099999999999999645e+00,1.270579164674426949e+02,2.549813407813402080e+02,3.839894462906085550e+02,2.324551950946277046e+01,3.394200456959764267e+01,4.447750425452389322e+01,2.552525110801828987e+02
8.150000000000000355e+00,1.259002185685519350e+02,2.532898824008100860e+02,3.817722871357157146e+02,2.306261760941058725e+01,3.371658137212979511e+01,4.420914205322036850e+01,2.535630676264719625e+02
8.200000000000001066e+00,1.247516326678040173e+02,2.516096576555423212e+02,3.795685041635302355e+02,2.288103803332780828e+01,3.349265749197371633e+01,4.394245515959428161e+01,2.518848630356047238e+02
8.250000000000000000e+00,1.236120928810359487e+02,2.499405918291872410e+02,3.773780138760877207e+02,2.270077151034228891e+01,3.327022295955377018e+01,4.367743288838177307e+01,2.502178226038745379e+02
8.300000000000000711e+00,1.224815337860497806e+02,2.482826107022186193e+02,3.752007333079642422e+02,2.252180883264488642e+01,3.304926787142664324e+01,4.341406462312929193e+01,2.485618721246128189e+02
8.349999999999999645e+00,1.213598904194706165e+02,2.466356405486383778e+02,3.730365800228478861e+02,2.234414085507125236e+01,3.282978238984478025e+01,4.315233981575110533e+01,2.469169378848988003e+02
8.400000000000000355e+00,1.202470982736238341e+02,2.449996081327024626e+02,3.708854721101312180e+02,2.216775849468625026e+01,3.261175674232254806e+01,4.289224798608922384e+01,2.452829466622899872e+02
8.450000000000001066e+00,1.191430932934349300e+02,2.433744407056684622e+02,3.687473281815254040e+02,2.199265273037121204e+01,3.239518122120524168e+01,4.263377872147651715e+01,2.436598257215743217e+02
8.500000000000000000e+00,1.180478118733480670e+02,2.417600660025649688e+02,3.666220673676966726e+02,2.181881460241369552e+01,3.218004618324098232e+01,4.237692167630228113e+01,2.420475028115436658e+02
8.550000000000000711e+00,1.169611908542664622e+02,2.401564122389816589e+02,3.645096093149243757e+02,2.164623521210004142e+01,3.196634204915533317e+01,4.212166657158080341e+01,2.404459061617885141e+02
8.599999999999999645e+00,1.158831675205127141e+02,2.385634081078817985e+02,3.624098741817806513e+02,2.147490572131055231e+01,3.175405930322888537e+01,4.186800319452261476e+01,2.388549644795142513e+02
8.650000000000000355e+00,1.148136795968086830e+02,2.369809827764340469e+02,3.603227826358310608e+02,2.130481735211719396e+01,3.154318849287732363e+01,4.161592139810849744e+01,2.372746069463769345e+02
8.700000000000001066e+00,1.137526652452763187e+02,2.354090658828668552e+02,3.582482558503563723e+02,2.113596138638402167e+01,3.133372022823455438e+01,4.136541110066614380e+01,2.357047632153415861e+02
8.750000000000000000e+00,1.127000630624577866e+02,2.338475875333425336e+02,3.561862155010964557e+02,2.096832916537015379e+01,3.112564518173836703e+01,4.111646228544959314e+01,2.341453634075598416e+02
8.800000000000000711e+00,1.116558120763555593e+02,2.322964782988525769e+02,3.541365837630139026e+02,2.080191208933527847e+01,3.091895408771889109e+01,4.086906500022135447e+01,2.325963381092686291e+02
8.849999999999999645e+00,1.106198517434924469e+02,2.307556692121331707e+02,3.520992833070791335e+02,2.063670161714783546e+01,3.071363774198975349e+01,4.062320935683714396e+01,2.310576183687094840e+02
8.900000000000000355e+00,1.095921219459906411e+02,2.292250917646009896e+02,3.500742372970756264e+02,2.047268926589559968e+01,3.050968700144186485e+01,4.037888553083328702e+01,2.295291356930670759e+02
8.950000000000001066e+00,1.085725629886704837e+02,2.277046779033099710e+02,3.480613693864273728e+02,2.030986661049887587e+01,3.030709278363996972e+01,4.013608376101684172e+01,2.280108220454294496e+02
9.000000000000000000e+00,1.075611155961687331e+02,2.261943600279271607e+02,3.460606037150444081e+02,2.014822528332623364e+01,3.010584606642177974e+01,3.989479434905825173e+01,2.265026098417668550e+02
9.050000000000000711e+00,1.065577209100750906e+02,2.246940709877292193e+02,3.440718649061896599e+02,1.998775697381260130e+01,2.990593788749969306e+01,3.965500765908650749e+01,2.250044319479308115e+02
9.099999999999999645e+00,1.055623204860890638e+02,2.232037440786185982e+02,3.420950780633671684e+02,1.982845342807999245e+01,2.970735934406525303e+01,3.941671411728720642e+01,2.235162216766733536e+02
9.150000000000000355e+00,1.045748562911946493e+02,2.217233130401592405e+02,3.401301687672280423e+02,1.967030644856063759e+01,2.951010159239607589e+01,3.917990421150283709e+01,2.220379127846852896e+02
9.200000000000001066e+00,1.035952707008541438e+02,2.202527120526323756e+02,3.381770630724986404e+02,1.951330789362249263e+01,2.931415584746546443e+01,3.894456849083583450e+01,2.205694394696543839e+02
9.250000000000000000e+00,1.026235064962211680e+02,2.187918757341112155e+02,3.362356875049267160e+02,1.935744967719732657e+01,2.911951338255450494e+01,3.871069756525406547e+01,2.191107363673425539e+02
9.300000000000000711e+00,1.016595068613709429e+02,2.173407391375552322e+02,3.343059690582479107e+02,1.920272376841107587e+01,2.892616552886675763e+01,3.847828210519887193e+01,2.176617385486823366e+02
9.349999999999999645e+00,1.007032153805504322e+02,2.158992377479235358e+02,3.323878351911725417e+02,1.904912219121666794e+01,2.873410367514543040e+01,3.824731284119566510e+01,2.162223815168925398e+02
9.400000000000000355e+00,9.975457603544585083e+01,2.144673074793076637e+02,3.304812138243900108e+02,1.889663702402931023e+01,2.854331926729315327e+01,3.801778056346688572e+01,2.147926012046127937e+02
9.450000000000001066e+00,9.881353320246866190e+01,2.130448846720829863e+02,3.285860333375949267e+02,1.874526039936394994e+01,2.835380380799417210e+01,3.778967612154759337e+01,2.133723339710574010e+02
9.500000000000000000e+00,9.788003165005954997e+01,2.116319060900787008e+02,3.267022225665299402e+02,1.859498450347532739e+01,2.816554885633901151e+01,3.756299042390341469e+01,2.119615165991867229e+02
9.550000000000000711e+00,9.695401653601037140e+01,2.102283089177672082e+02,3.248297108000487583e+02,1.844580157600012882e+01,2.797854602745167085e+01,3.733771443755085073e+01,2.105600862928984043e+02
9.600000000000001421e+00,9.603543340480409540e+01,2.088340307574716519e+02,3.229684277771988263e+02,1.829770390960170801e+01,2.779278699211924319e+01,3.711383918768030554e+01,2.091679806742365599e+02
9.650000000000000355e+00,9.512422818497238097e+01,2.074490096265919021e+02,3.211183036843214609e+02,1.815068384961693582e+01,2.760826347642395717e+01,3.689135575728116834e+01,2.077851377806194080e+02
9.700000000000001066e+00,9.422034718647012141e+01,2.060731839548487869e+02,3.192792691521709685e+02,1.800473379370538396e+01,2.742496726137756369e+01,3.667025528676951751e+01,2.064114960620846659e+02
9.750000000000000000e+00,9.332373709806871886e+01,2.047064925815471668e+02,3.174512552530533185e+02,1.785984619150087838e+01,2.724289018255833739e+01,3.645052897361816235e+01,2.050469943785540750e+02
9.800000000000000711e+00,9.243434498476567285e+01,2.033488747528560054e+02,3.156341934979816983e+02,1.771601354426522690e+01,2.706202412975019200e+01,3.623216807198899403e+01,2.036915719971148633e+02
9.850000000000001421e+00,9.155211828521191819e+01,2.020002701191077676e+02,3.138280158338520209e+02,1.757322840454423840e+01,2.688236104658438563e+01,3.601516389236776661e+01,2.023451685893198828e+02
9.900000000000000355e+00,9.067700480915598860e+01,2.006606187321143295e+02,3.120326546406349166e+02,1.743148337582595531e+01,2.670389293018345001e+01,3.579950780120113762e+01,2.010077242285049124e+02
9.950000000000001066e+00,8.980895273490568798e+01,1.993298610425016761e+02,3.102480427285875066e+02,1.729077111220115270e+01,2.652661183080750718e+01,3.558519122053610317e+01,1.996791793871241225e+02
1.000000000000000000e+01,8.894791060680616113e+01,1.980079378970614812e+02,3.084741133354820022e+02,1.715108431802600819e+01,2.635050985150290970e+01,3.537220562766167120e+01,1.983594749341027637e+02
1.005000000000000071e+01,8.809382733273504584e+01,1.966947905361210189e+02,3.067108001238522661e+02,1.701241574758698150e+01,2.617557914775319361e+01,3.516054255475283696e+01,1.970485521322073339e+02
1.010000000000000142e+01,8.724665218161443647e+01,1.953903605909294754e+02,3.049580371782589623e+02,1.687475820476788968e+01,2.600181192713231937e+01,3.495019358851694591e+01,1.957463526354330838e+02
1.015000000000000036e+01,8.640633478093927522e+01,1.940945900810622504e+02,3.032157590025711329e+02,1.673810454271914949e+01,2.582920044896014744e+01,3.474115036984213134e+01,1.944528184864087166e+02
1.020000000000000107e+01,8.557282511432191541e+01,1.928074214118422560e+02,3.014839005172664201e+02,1.660244766352911938e+01,2.565773702396027645e+01,3.453340459344813240e+01,1.931678921138181977e+02
1.025000000000000000e+01,8.474607351905389407e+01,1.915287973717783530e+02,2.997623970567477727e+02,1.646778051789768327e+01,2.548741401392003070e+01,3.432694800753935027e+01,1.918915163298395896e+02
1.030000000000000071e+01,8.392603068368300967e+01,1.902586611300204140e+02,2.980511843666780010e+02,1.633409610481184515e+01,2.531822383135276411e+01,3.412177241346002177e+01,1.906236343276004561e+02
1.035000000000000142e+01,8.311264764560753804e+01,1.889969562338313267e+02,2.963501986013313854e+02,1.620138747122356904e+01,2.515015893916230283e+01,3.391786966535172354e+01,1.893641896786504049e+02
1.040000000000000036e+01,8.230587578868544085e+01,1.877436266060761625e+02,2.946593763209622807e+02,1.606964771172957640e+01,2.498321185030965452e+01,3.371523166981297948e+01,1.881131263304500294e+02
1.045000000000000107e+01,8.150566684086037128e+01,1.864986165427273761e+02,2.929786544891907170e+02,1.593886996825333924e+01,2.481737512748192032e+01,3.351385038556104234e+01,1.868703886038764495e+02
1.050000000000000000e+01,8.071197287180346791e+01,1.852618707103867450e+02,2.913079704704049959e+02,1.580904742972913724e+01,2.465264138276329220e+01,3.331371782309599894e+01,1.856359211907454778e+02
1.055000000000000071e+01,7.992474629057018376e+01,1.840333341438237653e+02,2.896472620271806022e+02,1.568017333178806538e+01,2.448900327730831705e+01,3.311482604436669419e+01,1.844096691513495898e+02
1.060000000000000142e+01,7.914393984327361409e+01,1.828129522435300487e+02,2.879964673177164514e+02,1.555224095644625493e+01,2.432645352101725678e+01,3.291716716243919905e+01,1.831915779120125478e+02
1.065000000000000036e+01,7.836950661077283087e+01,1.816006707732906307e+02,2.863555248932871109e+02,1.542524363179498437e+01,2.416498487221361202e+01,3.272073334116710441e+01,1.819815932626602830e+02
1.070000000000000107e+01,7.760140000637690605e+01,1.803964358577700295e+02,2.847243736957115061e+02,1.529917473169291497e+01,2.400459013732368874e+01,3.252551679486401781e+01,1.807796613544071249e+02
1.075000000000000000e+01,7.683957377356414042e+01,1.792001939801158699e+02,2.831029530548380535e+02,1.517402767546026077e+01,2.384526217055840291e+01,3.233150978797816322e+01,1.795857286971584870e+02
1.080000000000000071e+01,7.608398198371662602e+01,1.780118919795769727e+02,2.814912026860465062e+02,1.504979592757499596e+01,2.368699387359705355e+01,3.213870463476912676e+01,1.783997421572292694e+02
1.085000000000000142e+01,7.533457903386998566e+01,1.768314770491382149e+02,2.798890626877647492e+02,1.492647299737104660e+01,2.352977819527324499e+01,3.194709369898653506e+01,1.772216489549778089e+02
1.090000000000000036e+01,7.459131964447794871e+01,1.756588967331703088e+02,2.782964735390025908e+02,1.480405243873842025e+01,2.337360813126287340e+01,3.175666939355086171e+01,1.760513966624552893e+02
1.095000000000000107e+01,7.385415885719194762e+01,1.744940989250955568e+02,2.767133760969012428e+02,1.468252784982530912e+01,2.321847672377409921e+01,3.156742418023630847e+01,1.748889332010710689e+02
1.100000000000000000e+01,7.312305203265587750e+01,1.733370318650691502e+02,2.751397115942984897e+02,1.456189287274216859e+01,2.306437706123948317e+01,3.137935056935573286e+01,1.737342068392731562e+02
1.105000000000000071e+01,7.239795484831500971e+01,1.721876441376752211e+02,2.735754216373094323e+02,1.444214119326766976e+01,2.291130227801000174e+01,3.119244111944743025e+01,1.725871661902437211e+02
1.110000000000000142e+01,7.167882329624023896e+01,1.710458846696387809e+02,2.720204482029231485e+02,1.432326654055663262e+01,2.275924555405118710e+01,3.100668843696416133e+01,1.714477602096102373e+02
1.115000000000000036e+01,7.096561368096638489e+01,1.699117027275526652e+02,2.704747336366146442e+02,1.420526268684983862e+01,2.260820011464122814e+01,3.082208517596398423e+01,1.703159381931715757e+02
1.120000000000000107e+01,7.025828261734490354e+01,1.687850479156188896e+02,2.689382206499722088e+02,1.408812344718570486e+01,2.245815923007101489e+01,3.063862403780313315e+01,1.691916497746387336e+02
1.125000000000000000e+01,6.955678702841142069e+01,1.676658701734061196e+02,2.674108523183405168e+02,1.397184267911390521e+01,2.230911621534625411e+01,3.045629777083091128e+01,1.680748449233910264e+02
1.130000000000000071e+01,6.886108414326731975e+01,1.665541197736209256e+02,2.658925720784776559e+02,1.385641428241084583e+01,2.216106442989143943e+01,3.027509917008642404e+01,1.669654739422467173e+02
1.135000000000000142e+01,6.817113149497534152e+01,1.654497473198943283e+02,2.643833237262297189e+02,1.374183219879696694e+01,2.201399727725585365e+01,3.009502107699742268e+01,1.658634874652484257e+02
1.140000000000000036e+01,6.748688691846939491e+01,1.643527037445828398e+02,2.628830514142172774e+02,1.362809041165591317e+01,2.186790820482144682e+01,2.991605637908086379e+01,1.647688364554630880e+02
1.145000000000000107e+01,6.680830854847856415e+01,1.632629403065840847e+02,2.613916996495389640e+02,1.351518294575557810e+01,2.172279070351265773e+01,2.973819800964556848e+01,1.636814722027964422e+02
1.150000000000000000e+01,6.613535481746460221e+01,1.621804085891670013e+02,2.599092132914897206e+02,1.340310386697088951e+01,2.157863830750818579e+01,2.956143894749675383e+01,1.626013463218220636e+02
1.155000000000000071e+01,6.546798445357360663e+01,1.611050604978161402e+02,2.584355375492926896e+02,1.329184728200849186e+01,2.143544459395456769e+01,2.938577221664233363e+01,1.615284107496246406e+02
1.160000000000000142e+01,6.480615647860133777e+01,1.600368482580904868e+02,2.569706179798466792e+02,1.318140733813318910e+01,2.129320318268172230e+01,2.921119088600124769e+01,1.604626177436572334e+02
1.165000000000000036e+01,6.414983020597189523e+01,1.589757244134961525e+02,2.555144004854879540e+02,1.307177822289615676e+01,2.115190773592032869e+01,2.903768806911363853e+01,1.594039198796130563e+02
1.170000000000000107e+01,6.349896523873037069e+01,1.579216418233740171e+02,2.540668313117658954e+02,1.296295416386498545e+01,2.101155195802111209e+01,2.886525692385276898e+01,1.583522700493110733e+02
1.175000000000000000e+01,6.285352146754867420e+01,1.568745536607996485e+02,2.526278570452345491e+02,1.285492942835545982e+01,2.087212959517585276e+01,2.869389065213898249e+01,1.573076214585956336e+02
1.180000000000000071e+01,6.221345906874460496e+01,1.558344134104991952e+02,2.511974246112557694e+02,1.274769832316507134e+01,2.073363443514042359e+01,2.852358249965523740e+01,1.562699276252496929e+02
1.185000000000000142e+01,6.157873850231488433e+01,1.548011748667773873e+02,2.497754812718197854e+02,1.264125519430835531e+01,2.059606030695947609e+01,2.835432575556476920e+01,1.552391423769223593e+02
1.190000000000000036e+01,6.094932050998028927e+01,1.537747921314606288e+02,2.483619746233772787e+02,1.253559442675384616e+01,2.045940108069304131e+01,2.818611375223033377e+01,1.542152198490697117e+02
1.195000000000000107e+01,6.032516611324478362e+01,1.527552196118519703e+02,2.469568525946864099e+02,1.243071044416283577e+01,2.032365066714486801e+01,2.801893986493525901e+01,1.531981144829087782e+02
1.200000000000000000e+01,5.970623661146755268e+01,1.517424120187018559e+02,2.455600634446743982e+02,1.232659770862986193e+01,2.018880301759261897e+01,2.785279751160652495e+01,1.521877810233864068e+02
1.205000000000000071e+01,5.909249357994740848e+01,1.507363243641902955e+02,2.441715557603114632e+02,1.222325072042479910e+01,2.005485212351977609e+01,2.768768015253927217e+01,1.511841745171598745e+02
1.210000000000000142e+01,5.848389886802069526e+01,1.497369119599235034e+02,2.427912784544995475e+02,1.212066401773672908e+01,1.992179201634935382e+01,2.752358129012334587e+01,1.501872503105918213e+02
1.215000000000000036e+01,5.788041459717167925e+01,1.487441304149438679e+02,2.414191807639745093e+02,1.201883217641946722e+01,1.978961676717936768e+01,2.736049446857147416e+01,1.491969640477584846e+02
1.220000000000000107e+01,5.728200315915547236e+01,1.477579356337521688e+02,2.400552122472215331e+02,1.191774980973871934e+01,1.965832048651997965e+01,2.719841327364921568e+01,1.482132716684703269e+02
1.225000000000000000e+01,5.668862721413392336e+01,1.467782838143440074e+02,2.386993227824043515e+02,1.181741156812094218e+01,1.952789732403249801e+01,2.703733133240664088e+01,1.472361294063065884e+02
1.230000000000000071e+01,5.610024968882374452e+01,1.458051314462582582e+02,2.373514625653077132e+02,1.171781213890383810e+01,1.939834146826992978e+01,2.687724231291173282e+01,1.462654937866619775e+02
1.235000000000000142e+01,5.551683377465704439e+01,1.448384353086397027e+02,2.360115821072928952e+02,1.161894624608845383e+01,1.926964714641944809e+01,2.671813992398551818e+01,1.453013216248073149e+02
1.240000000000000036e+01,5.493834292595464319e+01,1.438781524683129760e+02,2.346796322332668581e+02,1.152080865009298272e+01,1.914180862404636940e+01,2.656001791493883601e+01,1.443435700239618598e+02
1.245000000000000107e+01,5.436474085811087775e+01,1.429242402778700409e+02,2.333555640796642194e+02,1.142339414750806093e+01,1.901482020483986446e+01,2.640287007531086871e+01,1.433921963733787948e+02
1.250000000000000000e+01,5.379599154579149456e+01,1.419766563737711351e+02,2.320393290924424150e+02,1.132669757085379381e+01,1.888867623036048471e+01,2.624669023460931427e+01,1.424471583464440414e+02
1.255000000000000071e+01,5.323205922114289734e+01,1.410353586744562904e+02,2.307308790250895072e+02,1.123071378833828682e+01,1.876337107978910623e+01,2.609147226205224257e+01,1.415084138987862445e+02
1.260000000000000142e+01,5.267290837201395703e+01,1.401003053784718020e+02,2.294301659366453237e+02,1.113543770361781959e+01,1.863889916967777438e+01,2.593721006631156456e+01,1.405759212664007123e+02
1.265000000000000036e+01,5.211850374018951726e+01,1.391714549626067594e+02,2.281371421897351297e+02,1.104086425555856188e+01,1.851525495370199792e+01,2.578389759525823521e+01,1.396496389637845255e+02
1.270000000000000107e+01,5.156881031963573037e+01,1.382487661800437593e+02,2.268517604486159769e+02,1.094698841799984557e+01,1.839243292241478755e+01,2.563152883570898410e+01,1.387295257820848065e+02
1.275000000000000000e+01,5.102379335475741584e+01,1.373321980585209019e+02,2.255739736772353012e+02,1.085380519951902301e+01,1.827042760300228252e+01,2.548009781317476907e+01,1.378155407872586125e+02
1.280000000000000071e+01,5.048341833866687978e+01,1.364217098985061227e+02,2.243037351373035051e+02,1.076130964319783700e+01,1.814923355904097590e+01,2.532959859161076466e+01,1.369076433182456469e+02
1.285000000000000142e+01,4.994765101146463593e+01,1.355172612713838021e+02,2.230409983863766286e+02,1.066949682639036290e+01,1.802884539025654931e+01,2.518002527316803452e+01,1.360057929851522260e+02
1.290000000000000036e+01,4.941645735853148125e+01,1.346188120176534255e+02,2.217857172759539424e+02,1.057836186049243743e+01,1.790925773228431694e+01,2.503137199794672796e+01,1.351099496674480633e+02
1.295000000000000107e+01,4.888980360883208220e+01,1.337263222451397553e+02,2.205378459495857442e+02,1.048789989071260287e+01,1.779046525643119736e+01,2.488363294375088941e+01,1.342200735121743378e+02
1.300000000000000000e+01,4.836765623323020691e+01,1.328397523272154501e+02,2.192973388409947404e+02,1.039810609584460899e+01,1.767246266943932298e+01,2.473680232584486305e+01,1.333361249321639548e+02
1.305000000000000071e+01,4.784998194281493511e+01,1.319590629010351961e+02,2.180641506722089105e+02,1.030897568804132192e+01,1.755524471325115954e+01,2.459087439671124287e+01,1.324580646042735737e+02
1.310000000000000142e+01,4.733674768723849269e+01,1.310842148657810924e+02,2.168382364517067344e+02,1.022050391259022106e+01,1.743880616477614964e+01,2.444584344581034330e+01,1.315858534676268619e+02
1.315000000000000036e+01,4.682792065306491480e+01,1.302151693809207984e+02,2.156195514725742157e+02,1.013268604769026737e+01,1.732314183565899768e+01,2.430170379934130054e+01,1.307194527218701694e+02
1.320000000000000107e+01,4.632346826213015589e+01,1.293518878644757990e+02,2.144080513106738408e+02,1.004551740423031703e+01,1.720824657204935093e+01,2.415844982000460917e+01,1.298588238254388898e+02
1.325000000000000000e+01,4.582335816991316335e+01,1.284943319913025448e+02,2.132036918228256184e+02,9.958993325568977539e+00,1.709411525437312562e+01,2.401607590676629655e+01,1.290039284938359572e+02
1.330000000000000071e+01,4.532755826391758092e+01,1.276424636913838242e+02,2.120064291449989469e+02,9.873109187315856516e+00,1.698074279710520074e+01,2.387457649462342957e+01,1.281547286979210298e+02
1.335000000000000142e+01,4.483603666206504101e+01,1.267962451481322290e+02,2.108162196905181247e+02,9.787860397114339861e+00,1.686812414854377451e+01,2.373394605437138694e+01,1.273111866622118953e+02
1.340000000000000036e+01,4.434876171109853260e+01,1.259556387967046334e+02,2.096330201482772964e+02,9.703242394425720008e+00,1.675625429058606031e+01,2.359417909237241062e+01,1.264732648631962775e+02
1.345000000000000107e+01,4.386570198499694584e+01,1.251206073223274302e+02,2.084567874809677903e+02,9.619250650314761231e+00,1.664512823850553502e+01,2.345527015032570262e+01,1.256409260276548991e+02
1.350000000000000000e+01,4.338682628340048808e+01,1.242911136586339040e+02,2.072874789233180479e+02,9.535880667236748209e+00,1.653474104073068673e+01,2.331721380503910268e+01,1.248141331309965949e+02
1.355000000000000071e+01,4.291210363004604744e+01,1.234671209860113663e+02,2.061250519803423344e+02,9.453127978825808242e+00,1.642508777862512304e+01,2.318000466820202732e+01,1.239928493956027751e+02
1.360000000000000142e+01,4.244150327121380428e+01,1.226485927299602992e+02,2.049694644256036611e+02,9.370988149684738033e+00,1.631616356626922837e+01,2.304363738616011403e+01,1.231770382891845088e+02
1.365000000000000036e+01,4.197499467418400343e+01,1.218354925594635603e+02,2.038206742994857734e+02,9.289456775176168080e+00,1.620796355024318913e+01,2.290810663969109484e+01,1.223666635231492137e+02
1.370000000000000107e+01,4.151254752570392981e+01,1.210277843853671698e+02,2.026786399074774181e+02,9.208529481215082413e+00,1.610048290941150739e+01,2.277340714378226139e+01,1.215616890509789272e+02
1.375000000000000000e+01,4.105413173046573405e+01,1.202254323587712861e+02,2.015433198184674666e+02,9.128201924062757655e+00,1.599371685470890014e+01,2.263953364740928720e+01,1.207620790666189379e+02
1.380000000000000071e+01,4.059971740959408493e+01,1.194284008694318686e+02,2.004146728630504697e+02,9.048469790122016576e+00,1.588766062892760367e+01,2.250648093331645327e+01,1.199677980028770605e+02
1.385000000000000142e+01,4.014927489914418146e+01,1.186366545441733393e+02,1.992926581318446324e+02,8.969328795733835236e+00,1.578230950650612208e+01,2.237424381779839422e+01,1.191788105298338678e+02
1.390000000000000036e+01,3.970277474860996847e+01,1.178501582453113912e+02,1.981772349738189689e+02,8.890774686975317920e+00,1.567765879331933299e+01,2.224281715048315178e+01,1.183950815532629406e+02
1.395000000000000107e+01,3.926018771944226415e+01,1.170688770690863549e+02,1.970683629946321105e+02,8.812803239458959936e+00,1.557370382646998053e+01,2.211219581411659618e+01,1.176165762130617622e+02
1.400000000000000000e+01,3.882148478357709109e+01,1.162927763441071392e+02,1.959660020549821979e+02,8.735410258133283534e+00,1.547043997408157878e+01,2.198237472434836448e+01,1.168432598816933847e+02
1.405000000000000071e+01,3.838663712197371325e+01,1.155218216298052027e+02,1.948701122689663805e+02,8.658591577084736812e+00,1.536786263509262795e+01,2.185334882951903168e+01,1.160750981626376301e+02
1.410000000000000142e+01,3.795561612316282663e+01,1.147559787148989443e+02,1.937806540024522235e+02,8.582343059340955094e+00,1.526596723905223030e+01,2.172511311044877402e+01,1.153120568888532489e+02
1.415000000000000036e+01,3.752839338180418594e+01,1.139952136158683658e+02,1.926975878714585804e+02,8.506660596675247987e+00,1.516474924591705076e+01,2.159766258022730767e+01,1.145541021212498833e+02
1.420000000000000107e+01,3.710494069725433519e+01,1.132394925754394421e+02,1.916208747405471513e+02,8.431540109412447137e+00,1.506420414584957079e+01,2.147099228400517745e+01,1.138012001471700927e+02
1.425000000000000000e+01,3.668523007214383114e+01,1.124887820610793625e+02,1.905504757212255527e+02,8.356977546235997423e+00,1.496432745901776507e+01,2.134509729878649864e+01,1.130533174788820219e+02
1.430000000000000071e+01,3.626923371096400217e+01,1.117430487635006671e+02,1.894863521703585150e+02,8.282968883996302267e+00,1.486511473539599670e+01,2.121997273322284627e+01,1.123104208520809664e+02
1.435000000000000142e+01,3.585692401866356249e+01,1.110022595951761986e+02,1.884284656885914160e+02,8.209510127520402989e+00,1.476656155456729103e+01,2.109561372740865437e+01,1.115724772244018510e+02
1.440000000000000036e+01,3.544827359925431409e+01,1.102663816888636745e+02,1.873767781187835055e+02,8.136597309422823443e+00,1.466866352552692909e+01,2.097201545267785505e+01,1.108394537739413011e+02
1.445000000000000107e+01,3.504325525442663292e+01,1.095353823961396245e+02,1.863312515444498558e+02,8.064226489917745155e+00,1.457141628648724563e+01,2.084917311140173624e+01,1.101113178977889362e+02
1.450000000000000000e+01,3.464184198217400734e+01,1.088092292859436867e+02,1.852918482882159310e+02,7.992393756632348634e+00,1.447481550468383737e+01,2.072708193678830924e+01,1.093880372105693368e+02
1.455000000000000071e+01,3.424400697542717609e+01,1.080878901431320998e+02,1.842585309102794611e+02,7.921095224421459413e+00,1.437885687618294739e+01,2.060573719268275283e+01,1.086695795429927074e+02
1.460000000000000142e+01,3.384972362069725449e+01,1.073713329670410275e+02,1.832312622068845656e+02,7.850327035183363833e+00,1.428353612569019582e+01,2.048513417336929621e+01,1.079559129404159705e+02
1.465000000000000036e+01,3.345896549672814047e+01,1.066595259700594198e+02,1.822100052088039490e+02,7.780085357676850499e+00,1.418884900636052571e+01,2.036526820337427068e+01,1.072470056614127429e+02
1.470000000000000107e+01,3.307170637315813622e+01,1.059524375762109543e+02,1.811947231798321809e+02,7.710366387339499639e+00,1.409479129960939936e+01,2.024613463727050444e+01,1.065428261763530600e+02
1.475000000000000000e+01,3.268792020919040198e+01,1.052500364197461948e+02,1.801853796152880989e+02,7.641166346107114649e+00,1.400135881492531453e+01,2.012772885948297130e+01,1.058433431659927209e+02
1.480000000000000071e+01,3.230758115227261840e+01,1.045522913437430930e+02,1.791819382405269039e+02,7.572481482234384664e+00,1.390854738968343973e+01,2.001004628409560482e+01,1.051485255200714306e+02
1.485000000000000142e+01,3.193066353678545966e+01,1.038591713987177769e+02,1.781843630094622597e+02,7.504308070116723073e+00,1.381635288896060842e+01,1.989308235465947661e+01,1.044583423359208183e+02
1.490000000000000036e+01,3.155714188274003007e+01,1.031706458412436547e+02,1.771926181030975158e+02,7.436642410113289081e+00,1.372477120535143058e+01,1.977683254400214352e+01,1.037727629170812236e+02
1.495000000000000107e+01,3.118699089448402262e+01,1.024866841325803506e+02,1.762066679280665937e+02,7.369480828371155035e+00,1.363379825878566898e+01,1.966129235403819919e+01,1.030917567719278338e+02
1.500000000000000000e+01,3.082018545941669174e+01,1.018072559373113251e+02,1.752264771151845082e+02,7.302819676650668335e+00,1.354342999634681632e+01,1.954645731558111876e+01,1.024152936123059590e+02
1.505000000000000071e+01,3.045670064671261201e+01,1.011323311219908163e+02,1.742520105180071255e+02,7.236655332151952891e+00,1.345366239209186610e+01,1.943232298815626891e+01,1.017433433521753443e+02
1.510000000000000142e+01,3.009651170605393489e+01,1.004618797537996500e+02,1.732832332113998746e+02,7.170984197342556321e+00,1.336449144687228241e+01,1.931888495981510090e+01,1.010758761062632800e+02
1.515000000000000036e+01,2.973959406637133895e+01,9.979587209920987334e+01,1.723201104901167184e+02,7.105802699786242904e+00,1.327591318815612809e+01,1.920613884695064755e+01,1.004128621887269617e+02
1.520000000000000107e+01,2.938592333459336814e+01,9.913427862265845647e+01,1.713626078673865720e+02,7.041107291972897642e+00,1.318792366985140241e+01,1.909408029411400065e+01,9.975427211182420706e+01
1.525000000000000000e+01,2.903547529440454511e+01,9.847706998522949107e+01,1.704106910735114297e+02,6.976894451149607157e+00,1.310051897213049799e+01,1.898270497383224509e+01,9.910007658459373658e+01
1.530000000000000071e+01,2.868822590501151026e+01,9.782421704334569768e+01,1.694643260544707459e+02,6.913160679152796639e+00,1.301369520125588863e+01,1.887200858642732726e+01,9.845024651154341200e+01
1.535000000000000142e+01,2.834415129991795368e+01,9.717569084746780561e+01,1.685234789705369849e+02,6.849902502241526747e+00,1.292744848940689018e+01,1.876198685983622028e+01,9.780475299134764100e+01
1.540000000000000036e+01,2.800322778570740567e+01,9.653146264080341155e+01,1.675881161948991576e+02,6.787116470931866097e+00,1.284177499450762738e+01,1.865263554943222601e+01,9.716356731555333681e+01
1.545000000000000107e+01,2.766543184083456808e+01,9.589150385802368248e+01,1.666582043122951973e+02,6.724799159832349993e+00,1.275667090005607918e+01,1.854395043784738561e+01,9.652666096729427636e+01
1.550000000000000000e+01,2.733074011442489493e+01,9.525578612398929579e+01,1.657337101176538283e+02,6.662947167480581356e+00,1.267213241495433707e+01,1.843592733479610857e+01,9.589400562001432604e+01
1.555000000000000071e+01,2.699912942508209923e+01,9.462428125248405308e+01,1.648146006147445348e+02,6.601557116180861939e+00,1.258815577333989211e+01,1.832856207689984984e+01,9.526557313619868239e+01
1.560000000000000142e+01,2.667057675970382036e+01,9.399696124495758909e+01,1.639008430148367665e+02,6.540625651842904453e+00,1.250473723441809426e+01,1.822185052751301626e+01,9.464133556611393772e+01
1.565000000000000036e+01,2.634505927230545907e+01,9.337379828927598169e+01,1.629924047353675292e+02,6.480149443821646926e+00,1.242187308229570064e+01,1.811578857654989250e+01,9.402126514655623168e+01
1.570000000000000107e+01,2.602255428285188543e+01,9.275476475848097380e+01,1.620892533986175579e+02,6.420125184758104453e+00,1.233955962581554111e+01,1.801037214031278211e+01,9.340533429960785838e+01
1.575000000000000000e+01,2.570303927609697325e+01,9.213983320955708223e+01,1.611913568303965860e+02,6.360549590421252120e+00,1.225779319839223369e+01,1.790559716132118595e+01,9.279351563140193093e+01
1.580000000000000071e+01,2.538649190043130233e+01,9.152897638220720467e+01,1.602986830587362306e+02,6.301419399551018152e+00,1.217657015784904040e+01,1.780145960814208550e+01,9.218578193089548733e+01
1.585000000000000142e+01,2.507288996673740300e+01,9.092216719763634103e+01,1.594112003125923138e+02,6.242731373702257613e+00,1.209588688625576580e+01,1.769795547522140566e+01,9.158210616865059706e+01
1.590000000000000036e+01,2.476221144725296597e+01,9.031937875734317345e+01,1.585288770205547166e+02,6.184482297089805236e+00,1.201573978976774804e+01,1.759508078271642972e+01,9.098246149562351093e+01
1.595000000000000107e+01,2.445443447444156959e+01,8.972058434191967535e+01,1.576516818095661563e+02,6.126668976434500813e+00,1.193612529846585701e+01,1.749283157632938668e+01,9.038682124196176915e+01
1.600000000000000000e+01,2.414953733987134399e+01,8.912575740985914763e+01,1.567795835036492065e+02,6.069288240810305268e+00,1.185703986619767214e+01,1.739120392714213637e+01,8.979515891580970788e+01
1.605000000000000071e+01,2.384749849310102476e+01,8.853487159637144543e+01,1.559125511226409060e+02,6.012336941492375075e+00,1.177847997041955530e+01,1.729019393145179251e+01,8.920744820212121340e+01
1.610000000000000142e+01,2.354829654057372679e+01,8.794790071220683103e+01,1.550505538809370591e+02,5.955811951806179394e+00,1.170044211203990869e+01,1.718979771060759276e+01,8.862366296148110223e+01
1.615000000000000213e+01,2.325191024451818933e+01,8.736481874248693202e+01,1.541935611862424480e+02,5.899710166977599535e+00,1.162292281526335636e+01,1.709001141084860720e+01,8.804377722893363512e+01
1.619999999999999929e+01,2.295831852185741795e+01,8.678559984554414086e+01,1.533415426383316174e+02,5.844028503984021405e+00,1.154591862743605368e+01,1.699083120314271511e+01,8.746776521281933015e+01
1.625000000000000000e+01,2.266750044312479417e+01,8.621021835176800607e+01,1.524944680278152873e+02,5.788763901406421830e+00,1.146942611889191355e+01,1.689225328302641671e+01,8.689560129361902341e+01
1.630000000000000071e+01,2.237943523138772406e+01,8.563864876245999369e+01,1.516523073349168556e+02,5.733913319282462062e+00,1.139344188279996573e+01,1.679427387044583853e+01,8.632726002280614352e+01
1.635000000000000142e+01,2.209410226117826781e+01,8.507086574869539675e+01,1.508150307282552092e+02,5.679473738960495233e+00,1.131796253501263294e+01,1.669688920959867673e+01,8.576271612170606318e+01
1.640000000000000213e+01,2.181148105743139709e+01,8.450684415019293283e+01,1.499826085636364610e+02,5.625442162954622738e+00,1.124298471391505672e+01,1.660009556877717429e+01,8.520194448036343715e+01
1.644999999999999929e+01,2.153155129443020854e+01,8.394655897419197288e+01,1.491550113828531323e+02,5.571815614800640581e+00,1.116850508027540556e+01,1.650388924021215686e+01,8.464492015641681633e+01
1.650000000000000000e+01,2.125429279475842392e+01,8.338998539433670487e+01,1.483322099124906117e+02,5.518591138912981364e+00,1.109452031709615838e+01,1.640826653991797812e+01,8.409161837398060868e+01
1.655000000000000071e+01,2.097968552826007382e+01,8.283709874956872454e+01,1.475141750627424528e+02,5.465765800442606626e+00,1.102102712946641994e+01,1.631322380753860557e+01,8.354201452253499838e+01
1.660000000000000142e+01,2.070770961100612695e+01,8.228787454302586468e+01,1.467008779262324651e+02,5.413336685135822890e+00,1.094802224441514227e+01,1.621875740619456252e+01,8.299608415582258658e+01
1.665000000000000213e+01,2.043834530426834561e+01,8.174228844094919566e+01,1.458922897768445068e+02,5.361300899194076486e+00,1.087550241076539770e+01,1.612486372233094301e+01,8.245380299075281982e+01
1.669999999999999929e+01,2.017157301349989496e+01,8.120031627159673349e+01,1.450883820685605201e+02,5.309655569134617004e+00,1.080346439898955069e+01,1.603153916556641079e+01,8.191514690631346696e+01
1.675000000000000000e+01,1.990737328732306466e+01,8.066193402416459435e+01,1.442891264343048761e+02,5.258397841652145743e+00,1.073190500106539069e+01,1.593878016854307766e+01,8.138009194248928679e+01
1.680000000000000071e+01,1.964572681652386521e+01,8.012711784771543932e+01,1.434944946847977860e+02,5.207524883481362998e+00,1.066082103033327222e+01,1.584658318677749023e+01,8.084861429918814224e+01
1.685000000000000142e+01,1.938661443305341336e+01,7.959584405011371189e+01,1.427044588074146532e+02,5.157033881260417729e+00,1.059020932135415372e+01,1.575494469851249413e+01,8.032069033517387879e+01
1.690000000000000213e+01,1.913001710903614594e+01,7.906808909696842136e+01,1.419189909650536379e+02,5.106922041395280942e+00,1.052006672976858503e+01,1.566386120457003805e+01,7.979629656700666374e+01
1.694999999999999929e+01,1.887591595578482284e+01,7.854382961058222179e+01,1.411380634950104991e+02,5.057186589925019682e+00,1.045039013215660795e+01,1.557332922820499732e+01,7.927540966798994759e+01
1.700000000000000000e+01,1.862429222282219143e+01,7.802304236890833522e+01,1.403616489078601148e+02,5.007824772387956536e+00,1.038117642589863365e+01,1.548334531495988209e+01,7.875800646712474418e+01
1.705000000000000071e+01,1.837512729690940816e+01,7.750570430451385562e+01,1.395897198863465860e+02,4.958833853688736859e+00,1.031242252903720313e+01,1.539390603252054390e+01,7.824406394807093079e+01
1.710000000000000142e+01,1.812840270108097940e+01,7.699179250354988824e+01,1.388222492842786551e+02,4.910211117966267302e+00,1.024412538013965346e+01,1.530500797057274198e+01,7.773355924811485806e+01
1.715000000000000213e+01,1.788410009368632103e+01,7.648128420472912126e+01,1.380592101254340776e+02,4.861953868462533634e+00,1.017628193816174509e+01,1.521664774065970249e+01,7.722646965714466205e+01
1.719999999999999929e+01,1.764220126743795802e+01,7.597415679830942281e+01,1.373005756024697916e+02,4.814059427392315627e+00,1.010888918231212052e+01,1.512882197604055001e+01,7.672277261663165859e+01
1.725000000000000000e+01,1.740268814846597678e+01,7.547038782508474242e+01,1.365463190758398753e+02,4.766525135813717284e+00,1.004194411191771330e+01,1.504152733154968047e+01,7.622244571861884310e+01
1.730000000000000071e+01,1.716554279537917438e+01,7.496995497538254938e+01,1.357964140727201254e+02,4.719348353499618121e+00,9.975443746290023839e+00,1.495476048345704001e+01,7.572546670471609787e+01
1.735000000000000142e+01,1.693074739833252451e+01,7.447283608806787925e+01,1.350508342859397715e+02,4.672526458809946881e+00,9.909385124592303029e+00,1.486851812932929739e+01,7.523181346510202161e+01
1.740000000000000213e+01,1.669828427810094951e+01,7.397900914955397411e+01,1.343095535729205494e+02,4.626056848564814139e+00,9.843765305707563584e+00,1.478279698789194541e+01,7.474146403753235290e+01
1.744999999999999929e+01,1.646813588515951565e+01,7.348845229281985780e+01,1.335725459546216030e+02,4.579936937918499318e+00,9.778581368107548855e+00,1.469759379889224959e+01,7.425439660635521477e+01
1.750000000000000000e+01,1.624028479876978537e+01,7.300114379643372331e+01,1.328397856144917171e+02,4.534164160234244179e+00,9.713830409722461923e+00,1.461290532296306743e+01,7.377058950153224259e+01
1.755000000000000071e+01,1.601471372607257138e+01,7.251706208358369565e+01,1.321112468974291687e+02,4.488735966959939816e+00,9.649509547811666366e+00,1.452872834148765868e+01,7.329002119766728640e+01
1.760000000000000142e+01,1.579140550118672515e+01,7.203618572111429330e+01,1.313869043087467787e+02,4.443649827504580152e+00,9.585615918835170390e+00,1.444505965646523471e+01,7.281267031304051329e+01
1.765000000000000213e+01,1.557034308431418168e+01,7.155849341856959711e+01,1.306667325131450639e+02,4.398903229115578739e+00,9.522146678325963620e+00,1.436189609037746351e+01,7.233851560864960106e+01
1.769999999999999929e+01,1.535150956085111318e+01,7.108396402724302732e+01,1.299507063336908459e+02,4.354493676756900022e+00,9.459099000763259824e+00,1.427923448605580248e+01,7.186753598725699987e+01
1.775000000000000000e+01,1.513488814050504772e+01,7.061257653923289013e+01,1.292388007508036765e+02,4.310418692987972200e+00,9.396470079446496371e+00,1.419707170654970518e+01,7.139971049244363144e+01
1.780000000000000071e+01,1.492046215641819629e+01,7.014431008650464605e+01,1.285309909012477760e+02,4.266675817843456286e+00,9.334257126370234303e+00,1.411540463499567188e+01,7.093501830766881255e+01
1.785000000000000142e+01,1.470821506429667558e+01,6.967914393995933153e+01,1.278272520771310212e+02,4.223262608713787003e+00,9.272457372099857764e+00,1.403423017448714738e+01,7.047343875533658775e+01
1.790000000000000213e+01,1.449813044154561581e+01,6.921705750850786387e+01,1.271275597249105260e+02,4.180176640226504148e+00,9.211068065648079894e+00,1.395354524794526796e+01,7.001495129586797361e+01
1.794999999999999929e+01,1.429019198641033661e+01,6.875803033815205367e+01,1.264318894444043337e+02,4.137415504128402866e+00,9.150086474352322696e+00,1.387334679799044324e+01,6.955953552677969753e+01
1.800000000000000000e+01,1.408438351712320369e+01,6.830204211107108847e+01,1.257402169878093474e+02,4.094976809168438869e+00,9.089509883752819874e+00,1.379363178681472490e+01,6.910717118176867757e+01
1.805000000000000071e+01,1.388068897105658550e+01,6.784907264471478072e+01,1.250525182587265647e+02,4.052858180981457004e+00,9.029335597471636277e+00,1.371439719605511698e+01,6.865783812980316725e+01
1.810000000000000142e+01,1.367909240388133618e+01,6.739910189090211645e+01,1.243687693111915564e+02,4.011057261972654331e+00,8.969560937092392550e+00,1.363564002666757524e+01,6.821151637421928626e+01
1.815000000000000213e+01,1.347957798873118485e+01,6.695210993492656826e+01,1.236889463487116956e+02,3.969571711202836362e+00,8.910183242040844220e+00,1.355735729880188778e+01,6.776818605182400290e+01
1.819999999999999929e+01,1.328213001537282878e+01,6.650807699466653844e+01,1.230130257233095961e+02,3.928399204274442447e+00,8.851199869466219283e+00,1.347954605167736908e+01,6.732782743200388609e+01
1.825000000000000000e+01,1.308673288938162216e+01,6.606698341970248123e+01,1.223409839345726766e+02,3.887537433218311467e+00,8.792608194123364029e+00,1.340220334345931441e+01,6.689042091583982597e+01
1.830000000000000071e+01,1.289337113132302193e+01,6.562880969043928303e+01,1.216727976287091053e+02,3.846984106381234891e+00,8.734405608255659814e+00,1.332532625113633173e+01,6.645594703522766622e+01
1.835000000000000142e+01,1.270202937593959724e+01,6.519353641723495230e+01,1.210084435976095989e+02,3.806736948314239477e+00,8.676589521478707212e+00,1.324891187039838236e+01,6.602438645200477652e+01
1.840000000000000213e+01,1.251269237134355272e+01,6.476114433953486582e+01,1.203478987779152618e+02,3.766793699661620032e+00,8.619157360664813083e+00,1.317295731551566718e+01,6.559571995708213876e+01
1.844999999999999929e+01,1.232534497821488273e+01,6.433161432501169941e+01,1.196911402500918200e+02,3.727152117050728464e+00,8.562106569828189961e+00,1.309745971921827135e+01,6.516992846958251562e+01
1.850000000000000000e+01,1.213997216900486187e+01,6.390492736871115653e+01,1.190381452375093119e+02,3.687809972982466267e+00,8.505434610010953023e+00,1.302241623257659953e+01,6.474699303598411859e+01
1.855000000000000071e+01,1.195655902714519492e+01,6.348106459220363718e+01,1.183888911055283728e+02,3.648765055722554163e+00,8.449138959169873786e+00,1.294782402488258199e+01,6.432689482927021629e+01
1.860000000000000142e+01,1.177509074626240881e+01,6.306000724274121438e+01,1.177433553605920054e+02,3.610015169193490525e+00,8.393217112063888763e+00,1.287368028353166949e+01,6.390961514808421384e+01
1.865000000000000213e+01,1.159555262939771403e+01,6.264173669242001097e+01,1.171015156493231189e+02,3.571558132867254098e+00,8.337666580142281347e+00,1.279998221390553148e+01,6.349513541589021060e+01
1.869999999999999929e+01,1.141793008823224476e+01,6.222623443734922688e+01,1.164633497576284213e+02,3.533391781658723918e+00,8.282484891433751883e+00,1.272672703925559290e+01,6.308343718013978219e+01
1.875000000000000000e+01,1.124220864231748251e+01,6.181348209682393957e+01,1.158288356098076690e+02,3.495513965819794677e+00,8.227669590436036628e+00,1.265391200058726895e+01,6.267450211144326033e+01
1.880000000000000071e+01,1.106837391831110651e+01,6.140346141250515899e+01,1.151979512676689836e+02,3.457922550834227948e+00,8.173218238006421998e+00,1.258153435654498864e+01,6.226831200274760647e+01
1.885000000000000142e+01,1.089641164921799188e+01,6.099615424760430216e+01,1.145706749296495701e+02,3.420615417313183748e+00,8.119128411252900079e+00,1.250959138329792708e+01,6.186484876851903891e+01
1.890000000000000213e+01,1.072630767363641979e+01,6.059154258607335208e+01,1.139469849299425022e+02,3.383590460891460427e+00,8.065397703426055998e+00,1.243808037442649805e+01,6.146409444393140120e+01
1.894999999999999929e+01,1.055804793500951355e+01,6.018960853180037418e+01,1.133268597376289364e+02,3.346845592124439772e+00,8.012023723811674714e+00,1.236699864080959621e+01,6.106603118405979558e+01
1.900000000000000000e+01,1.039161848088169293e+01,5.979033430781049674e+01,1.127102779558157408e+02,3.310378736385689802e+00,7.959004097624069907e+00,1.229634351051250718e+01,6.067064126307960947e+01
1.905000000000000071e+01,1.022700546216040784e+01,5.939370225547230575e+01,1.120972183207794046e+02,3.274187833765304756e+00,7.906336465900126065e+00,1.222611232867565079e+01,6.027790707347110555e+01
1.910000000000000142e+01,1.006419513238281382e+01,5.899969483370885115e+01,1.114876597011147652e+02,3.238270838968883236e+00,7.854018485393991611e+00,1.215630245740395310e+01,5.988781112522882211e+01
1.915000000000000213e+01,9.903173846987444406e+00,5.860829461821507635e+01,1.108815810968895335e+02,3.202625721217190691e+00,7.802047828472561619e+00,1.208691127565695211e+01,5.950033604507677865e+01
1.920000000000000284e+01,9.743928062591026062e+00,5.821948430067917712e+01,1.102789616388044607e+02,3.167250464146515565e+00,7.750422183011542288e+00,1.201793617913967083e+01,5.911546457568846336e+01
1.925000000000000000e+01,9.586444336270133704e+00,5.783324668801006396e+01,1.096797805873585787e+02,3.132143065709667606e+00,7.699139252292307667e+00,1.194937458019411203e+01,5.873317957491221364e+01
1.930000000000000071e+01,9.430709324847837749e+00,5.744956470156963491e+01,1.090840173320201529e+02,3.097301538077658734e+00,7.648196754899371008e+00,1.188122390769153647e+01,5.835346401500181912e+01
1.935000000000000142e+01,9.276709784185227292e+00,5.706842137640997237e+01,1.084916513904029358e+02,3.062723907542028279e+00,7.597592424618555107e+00,1.181348160692538940e+01,5.797630098185202741e+01
1.940000000000000213e+01,9.124432568477843120e+00,5.668979986051612485e+01,1.079026624074475507e+02,3.028408214417841471e+00,7.547324010335868749e+00,1.174614513950493766e+01,5.760167367423940732e+01
1.945000000000000284e+01,8.973864629556894457e+00,5.631368341405325140e+01,1.073170301546085739e+02,2.994352512947322520e+00,7.497389275936990671e+00,1.167921198324960130e+01,5.722956540306799411e+01
1.950000000000000000e+01,8.824993016195289641e+00,5.594005540861950720e+01,1.067347345290466620e+02,2.960554871204135186e+00,7.447786000207490709e+00,1.161267963208397269e+01,5.685995959062024241e+01
1.955000000000000071e+01,8.677804873418439868e+00,5.556889932650312147e+01,1.061557555528254113e+02,2.927013370998317487e+00,7.398511976733637141e+00,1.154654559593346264e+01,5.649283976981251953e+01
1.960000000000000142e+01,8.532287441819816465e+00,5.520019875994519509e+01,1.055800733721147253e+02,2.893726107781840806e+00,7.349565013803939451e+00,1.148080740062074945e+01,5.612818958345623344e+01
1.965000000000000213e+01,8.388428056881231498e+00,5.483393741040683267e+01,1.050076682563978494e+02,2.860691190554820906e+00,7.300942934311288823e+00,1.141546258776273781e+01,5.576599278352318834e+01
1.970000000000000284e+01,8.246214148297685398e+00,5.447009908784143306e+01,1.044385205976843594e+02,2.827906741772328925e+00,7.252643575655763897e+00,1.135050871466831346e+01,5.540623323041622683e+01
1.975000000000000000e+01,8.105633239307007187e+00,5.410866770997173347e+01,1.038726109097285644e+02,2.795370897251860498e+00,7.204664789648094647e+00,1.128594335423672490e+01,5.504889489224476051e+01
1.980000000000000071e+01,7.966672946023990676e+00,5.374962730157162127e+01,1.033099198272517611e+02,2.763081806081404412e+00,7.157004442413730239e+00,1.122176409485655668e+01,5.469396184410474859e+01
1.985000000000000142e+01,7.829320976779182928e+00,5.339296199375292673e+01,1.027504281051709256e+02,2.731037630528140081e+00,7.109660414297596098e+00,1.115796854030548602e+01,5.434141826736399139e+01
1.990000000000000213e+01,7.693565131462180240e+00,5.303865602325651452e+01,1.021941166178313267e+02,2.699236545947743426e+00,7.062630599769421202e+00,1.109455430965056344e+01,5.399124844895163733e+01
1.995000000000000284e+01,7.559393300869460042e+00,5.268669373174886772e+01,1.016409663582449951e+02,2.667676740694303827e+00,7.015912907329767023e+00,1.103151903714925197e+01,5.364343678065304744e+01
2.000000000000000000e+01,7.426793466056716753e+00,5.233705956512249458e+01,1.010909584373330858e+02,2.636356416030844585e+00,6.969505259416600929e+00,1.096886037215099918e+01,5.329796775840870282e+01
2.005000000000000071e+01,7.295753697695575468e+00,5.198973807280142267e+01,1.005440740831740669e+02,2.605273786040439354e+00,6.923405592312525947e+00,1.090657597899952158e+01,5.295482598161812149e+01
2.010000000000000142e+01,7.166262155434894865e+00,5.164471390705142539e+01,1.000002946402565698e+02,2.574427077537949415e+00,6.877611856052655348e+00,1.084466353693573026e+01,5.261399615244857841e+01
2.015000000000000213e+01,7.038307087266304940e+00,5.130197182229463948e+01,9.945960156873651670e+01,2.543814529982320938e+00,6.832122014333050330e+00,1.078312074000120724e+01,5.227546307514802493e+01
2.020000000000000284e+01,6.911876828894199853e+00,5.096149667442882247e+01,9.892197644369994691e+01,2.513434395389498199e+00,6.786934044419798084e+00,1.072194529694242426e+01,5.193921165536294637e+01
2.025000000000000000e+01,6.786959803110079292e+00,5.062327342015089471e+01,9.838740095442982181e+01,2.483284938245915452e+00,6.742045937058643190e+00,1.066113493111546617e+01,5.160522689946041908e+01
2.030000000000000071e+01,6.663544519171115788e+00,5.028728711628554748e+01,9.785585690367805967e+01,2.453364435422553669e+00,6.697455696385301138e+00,1.060068738039145053e+01,5.127349391385506294e+01
2.035000000000000142e+01,6.541619572183106079e+00,4.995352291911766685e+01,9.732732620694204684e+01,2.423671176089602142e+00,6.653161339836283439e+00,1.054060039706253527e+01,5.094399790434012232e+01
2.040000000000000213e+01,6.421173642487639555e+00,4.962196608372966011e+01,9.680179089174608009e+01,2.394203461631686292e+00,6.609160898060370215e+00,1.048087174774854091e+01,5.061672417542325775e+01
2.045000000000000284e+01,6.302195495053457996e+00,4.929260196334308120e+01,9.627923309692720011e+01,2.364959605563648815e+00,6.565452414830645012e+00,1.042149921330417328e+01,5.029165812966670046e+01
2.050000000000000000e+01,6.184673978872067934e+00,4.896541600866451205e+01,9.575963507192570034e+01,2.335937933446926351e+00,6.522033946957122019e+00,1.036248058872685718e+01,4.996878526703169854e+01
2.055000000000000071e+01,6.068598026357434172e+00,4.864039376723592767e+01,9.524297917608035391e+01,2.307136782806452846e+00,6.478903564199944398e+00,1.030381368306514567e+01,4.964809118422741108e+01
2.060000000000000142e+01,5.953956652749939238e+00,4.831752088278924617e+01,9.472924787792815948e+01,2.278554503048168201e+00,6.436059349183159917e+00,1.024549631932777061e+01,4.932956157406414377e+01
2.065000000000000213e+01,5.840738955524344078e+00,4.799678309460561820e+01,9.421842375450852103e+01,2.250189455377039849e+00,6.393499397309104104e+00,1.018752633439323496e+01,4.901318222481102538e+01
2.070000000000000284e+01,5.728934113801874339e+00,4.767816623687806299e+01,9.371048949067207445e+01,2.222040012715659429e+00,6.351221816673261245e+00,1.012990157892001264e+01,4.869893901955751403e+01
2.075000000000000000e+01,5.618531387766383389e+00,4.736165623807954717e+01,9.320542787839393384e+01,2.194104559623385686e+00,6.309224727979816372e+00,1.007261991725735228e+01,4.838681793557985600e+01
2.080000000000000071e+01,5.509520118084497931e+00,4.704723912033415445e+01,9.270322181609117251e+01,2.166381492216024274e+00,6.267506264457646026e+00,1.001567922735660154e+01,4.807680504371099062e+01
2.085000000000000142e+01,5.401889725329818148e+00,4.673490099879328596e+01,9.220385430794523529e+01,2.138869218086058233e+00,6.226064571776959156e+00,9.959077400683193915e+00,4.776888650771540767e+01
2.090000000000000213e+01,5.295629709411048935e+00,4.642462808101544169e+01,9.170730846322824448e+01,2.111566156223410040e+00,6.184897807966430072e+00,9.902812342129120537e+00,4.746304858366754331e+01
2.095000000000000284e+01,5.190729649004113710e+00,4.611640666635047126e+01,9.121356749563382493e+01,2.084470736936741453e+00,6.144004143330916712e+00,9.846881969926021938e+00,4.715927761933471629e+01
2.100000000000000000e+01,5.087179200988166450e+00,4.581022314532784634e+01,9.072261472261237714e+01,2.057581401775280483e+00,6.103381760369718911e+00,9.791284215558837545e+00,4.685756005356405751e+01
2.105000000000000071e+01,4.984968099885463744e+00,4.550606399904875587e+01,9.023443356471041454e+01,2.030896603451165294e+00,6.063028853695342946e+00,9.736017023679996996e+00,4.655788241567334751e+01
2.110000000000000142e+01,4.884086157305238096e+00,4.520391579858274156e+01,8.974900754491456212e+01,2.004414805762351204e+00,6.022943629952872691e+00,9.681078352024195866e+00,4.626023132484631617e+01
2.115000000000000213e+01,4.784523261391258941e+00,4.490376520436789320e+01,8.926632028799924967e+01,1.978134483515986197e+00,5.983124307739821290e+00,9.626466171323702525e+00,4.596459348953157331e+01
2.120000000000000284e+01,4.686269376273290099e+00,4.460559896561529314e+01,8.878635551987927954e+01,1.952054122452336227e+00,5.943569117526532608e+00,9.572178465224236987e+00,4.567095570684578831e+01
2.125000000000000000e+01,4.589314541522344193e+00,4.430940391971736148e+01,8.830909706696597539e+01,1.926172219169218991e+00,5.904276301577119135e+00,9.518213230201364894e+00,4.537930486198075641e+01
2.130000000000000071e+01,4.493648871609639883e+00,4.401516699166000279e+01,8.783452885552789269e+01,1.900487281046930210e+00,5.865244113870900833e+00,9.464568475477468823e+00,4.508962792761438720e+01
2.135000000000000142e+01,4.399262555369408467e+00,4.372287519343907292e+01,8.736263491105545143e+01,1.874997826173710802e+00,5.826470820024405306e+00,9.411242222939229407e+00,4.480191196332575032e+01
2.140000000000000213e+01,4.306145855465286054e+00,4.343251562348001471e+01,8.689339935763001677e+01,1.849702383271677020e+00,5.787954697213824495e+00,9.358232507055692651e+00,4.451614411501383017e+01
2.145000000000000284e+01,4.214289107860503591e+00,4.314407546606241084e+01,8.642680641729634772e+01,1.824599491623282832e+00,5.749694034098081552e+00,9.305537374796772454e+00,4.423231161432042313e+01
2.150000000000000000e+01,4.123682721291690001e+00,4.285754199074719395e+01,8.596284040944026117e+01,1.799687700998265916e+00,5.711687130742293839e+00,9.253154885552433484e+00,4.395040177805658743e+01
2.155000000000000071e+01,4.034317176746289313e+00,4.257290255180850380e+01,8.550148575016888230e+01,1.774965571581076373e+00,5.673932298541827457e+00,9.201083111052215102e+00,4.367040200763304370e+01
2.160000000000000142e+01,3.946183026943697936e+00,4.229014458766911844e+01,8.504272695169620988e+01,1.750431673898827922e+00,5.636427860146834945e+00,9.149320135285440969e+00,4.339229978849454028e+01
2.165000000000000213e+01,3.859270895819852942e+00,4.200925562033941674e+01,8.458654862173199263e+01,1.726084588749694060e+00,5.599172149387272590e+00,9.097864054421870961e+00,4.311608268955767187e+01
2.170000000000000284e+01,3.773571478015503189e+00,4.173022325486034845e+01,8.413293546287448521e+01,1.701922907131823814e+00,5.562163511198442656e+00,9.046712976732854017e+00,4.284173836265266999e+01
2.175000000000000000e+01,3.689075538367953655e+00,4.145303517875002086e+01,8.368187227200752432e+01,1.677945230172715796e+00,5.525400301547016113e+00,8.995865022513042319e+00,4.256925454196888126e+01
2.180000000000000071e+01,3.605773911406361165e+00,4.117767916145400164e+01,8.323334393970129952e+01,1.654150169059079634e+00,5.488880887357552751e+00,8.945318324002590415e+00,4.229861904350391910e+01
2.185000000000000142e+01,3.523657500850525537e+00,4.090414305379907489e+01,8.278733544961684743e+01,1.630536344967170814e+00,5.452603646439494689e+00,8.895071025309842838e+00,4.202981976451638246e+01
2.190000000000000213e+01,3.442717279113141959e+00,4.063241478745110413e+01,8.234383187791485170e+01,1.607102388993596920e+00,5.416566967414680356e+00,8.845121282334567070e+00,4.176284468298254637e+01
2.195000000000000284e+01,3.362944286805489291e+00,4.036248237437593644e+01,8.190281839266762631e+01,1.583846942086584164e+00,5.380769249645290131e+00,8.795467262691641253e+00,4.149768185705625001e+01
2.200000000000000000e+01,3.284329632246583586e+00,4.009433390630437088e+01,8.146428025327570310e+01,1.560768654977724434e+00,5.345208903162315117e+00,8.746107145635287239e+00,4.123431942453275667e+01
2.205000000000000071e+01,3.206864490975662285e+00,3.982795755420035277e+01,8.102820280988710522e+01,1.537866188114159316e+00,5.309884348594470005e+00,8.697039121983708654e+00,4.097274560231586804e+01
2.210000000000000142e+01,3.130540105268144302e+00,3.956334156773289834e+01,8.059457150282175064e+01,1.515138211591255946e+00,5.274794017097593546e+00,8.648261394044359562e+00,4.071294868588891802e+01
2.215000000000000213e+01,3.055347783654860372e+00,3.930047427475160760e+01,8.016337186199839948e+01,1.492583405085710302e+00,5.239936350284520650e+00,8.599772175539566632e+00,4.045491704878912032e+01
2.220000000000000284e+01,2.981278900444666924e+00,3.903934408076540308e+01,7.973458950636573661e+01,1.470200457789120563e+00,5.205309800155417221e+00,8.551569691532678874e+00,4.019863914208529820e+01
2.225000000000000000e+01,2.908324895250338660e+00,3.877993946842504869e+01,7.930821014333753283e+01,1.447988068341998558e+00,5.170912829028566193e+00,8.503652178354750291e+00,3.994410349385949388e+01
2.230000000000000071e+01,2.836477272517757608e+00,3.852224899700873095e+01,7.888421956823053449e+01,1.425944944768232414e+00,5.136743909471617187e+00,8.456017883531604440e+00,3.969129870869143417e+01
2.235000000000000142e+01,2.765727601058399099e+00,3.826626130191154118e+01,7.846260366370712802e+01,1.404069804409999733e+00,5.102801524233318453e+00,8.408665065711472764e+00,3.944021346714715293e+01
2.240000000000000213e+01,2.696067513585008069e+00,3.801196509413797742e+01,7.804334839922051970e+01,1.382361373863110865e+00,5.069084166175663597e+00,8.361591994593011279e+00,3.919083652527037032e+01
2.245000000000000284e+01,2.627488706250545203e+00,3.775934915979801332e+01,7.762643983046419294e+01,1.360818388912799604e+00,5.035590338206515248e+00,8.314796950853850177e+00,3.894315671407768775e+01
2.250000000000000000e+01,2.559982938190306534e+00,3.750840235960657765e+01,7.721186409882504620e+01,1.339439594469942429e+00,5.002318553212678154e+00,8.268278226079619486e+00,3.869716293905712234e+01
2.255000000000000071e+01,2.493542031067209841e+00,3.725911362838598961e+01,7.679960743083908881e+01,1.318223744507708739e+00,4.969267333993379943e+00,8.222034122693321123e+00,3.845284417966956880e+01
2.260000000000000142e+01,2.428157868620278936e+00,3.701147197457233062e+01,7.638965613765201113e+01,1.297169601998649391e+00,4.936435213194257265e+00,8.176062953885343987e+00,3.821018948885424038e+01
2.265000000000000213e+01,2.363822396216229027e+00,3.676546647972451609e+01,7.598199661448201425e+01,1.276275938852206915e+00,4.903820733241714969e+00,8.130363043543754387e+00,3.796918799253681698e+01
2.270000000000000284e+01,2.300527620404174911e+00,3.652108629803705497e+01,7.557661534008711612e+01,1.255541535852643609e+00,4.871422446277778207e+00,8.084932726185176222e+00,3.772982888914134492e+01
2.275000000000000000e+01,2.238265608473426482e+00,3.627832065585571542e+01,7.517349887623505822e+01,1.234965182597398181e+00,4.839238914095317590e+00,8.039770346886029984e+00,3.749210144910497888e+01
2.280000000000000071e+01,2.177028488014366658e+00,3.603715885119678575e+01,7.477263386717719129e+01,1.214545677435857840e+00,4.807268708073772601e+00,7.994874261214265587e+00,3.725599501439628369e+01
2.285000000000000142e+01,2.116808446482393080e+00,3.579759025326920607e+01,7.437400703912570066e+01,1.194281827408552266e+00,4.775510409115245380e+00,7.950242835161545507e+00,3.702149899803662692e+01
2.290000000000000213e+01,2.057597730764846755e+00,3.555960430200008204e+01,7.397760519973397209e+01,1.174172448186743933e+00,4.743962607581049262e+00,7.905874445075832035e+00,3.678860288362474762e+01
2.295000000000000284e+01,1.999388646750987375e+00,3.532319050756325396e+01,7.358341523758036828e+01,1.154216364012444984e+00,4.712623903228672972e+00,7.861767477594442610e+00,3.655729622486446573e+01
2.300000000000000000e+01,1.942173558904954245e+00,3.508833844991114148e+01,7.319142412165575706e+01,1.134412407638833997e+00,4.681492905149155170e+00,7.817920329577539462e+00,3.632756864509575223e+01
2.305000000000000071e+01,1.885944889841673078e+00,3.485503777830955130e+01,7.280161890085355481e+01,1.114759420271075108e+00,4.650568231704890643e+00,7.774331408042019831e+00,3.609940983682858473e+01
2.310000000000000142e+01,1.830695119905741297e+00,3.462327821087560409e+01,7.241398670346391953e+01,1.095256251507544576e+00,4.619848510467828184e+00,7.730999130095902672e+00,3.587280956128022069e+01
2.315000000000000213e+01,1.776416786753225008e+00,3.439304953411901522e+01,7.202851473667077187e+01,1.075901759281453263e+00,4.589332378158118786e+00,7.687921922873070635e+00,3.564775764791551182e+01
2.320000000000000284e+01,1.723102484936368528e+00,3.416434160248589791e+01,7.164519028605181461e+01,1.056694809802867230e+00,4.559018480583106658e+00,7.645098223468479226e+00,3.542424399398998958e+01
2.325000000000000000e+01,1.670744865491194053e+00,3.393714433790621854e+01,7.126400071508255962e+01,1.037634277501119362e+00,4.528905472576810531e+00,7.602526478873784299e+00,3.520225856409654597e+01
2.330000000000000071e+01,1.619336635527957702e+00,3.371144772934366785e+01,7.088493346464262856e+01,1.018719044967610676e+00,4.498992017939706045e+00,7.560205145913363900e+00,3.498179138971448054e+01
2.335000000000000142e+01,1.568870557824484591e+00,3.348724183234919849e+01,7.050797605252616052e+01,9.999480028990105351e-01,4.469276789379028614e+00,7.518132691180800187e+00,3.476283256876226346e+01
2.340000000000000213e+01,1.519339450422321436e+00,3.326451676861681506e+01,7.013311607295449335e+01,9.813200500408352234e-01,4.439758468449351625e+00,7.476307590975721951e+00,3.454537226515260784e+01
2.345000000000000284e+01,1.470736186225666486e+00,3.304326272554289545e+01,6.976034119609269624e+01,9.628340931314010032e-01,4.410435745493647808e+00,7.434728331241105437e+00,3.432940070835103796e+01
2.350000000000000000e+01,1.423053692603157172e+00,3.282346995578815552e+01,6.938963916756911487e+01,9.444890468461805133e-01,4.381307319584696991e+00,7.393393407500972181e+00,3.411490819293715049e+01
2.355000000000000071e+01,1.376284950992371581e+00,3.260512877684267607e+01,6.902099780799724726e+01,9.262838337425167712e-01,4.352371898466910416e+00,7.352301324798444782e+00,3.390188507816874619e+01
2.360000000000000142e+01,1.330422996507124589e+00,3.238822957059373664e+01,6.865440501250215277e+01,9.082173842047254197e-01,4.323628198498520092e+00,7.311450597634300053e+00,3.369032178754918760e+01
2.365000000000000213e+01,1.285460917547475157e+00,3.217276278289648417e+01,6.828984875024842438e+01,8.902886363895643473e-01,4.295074944594157174e+00,7.270839749905824156e+00,3.348020880839722224e+01
2.370000000000000284e+01,1.241391855412463663e+00,3.195871892314768559e+01,6.792731706397221103e+01,8.724965361720774526e-01,4.266710870167830016e+00,7.230467314846139359e+00,3.327153669142001036e+01
2.375000000000000000e+01,1.198209003915545967e+00,3.174608856386211642e+01,6.756679806951596845e+01,8.548400370918058933e-01,4.238534717076261060e+00,7.190331834963883395e+00,3.306429605028893803e+01
2.380000000000000071e+01,1.155905609002688461e+00,3.153486234025174895e+01,6.720827995536593846e+01,8.373181002993594912e-01,4.210545235562599409e+00,7.150431861983291171e+00,3.285847756121803087e+01
2.385000000000000142e+01,1.114474968373170727e+00,3.132503094980791758e+01,6.685175098219302470e+01,8.199296945033682782e-01,4.182741184200522433e+00,7.110765956784689479e+00,3.265407196254550826e+01
2.390000000000000213e+01,1.073910431102984564e+00,3.111658515188624818e+01,6.649719948239645362e+01,8.026737959177763226e-01,4.155121329838718403e+00,7.071332689345339872e+00,3.245107005431798086e+01
2.395000000000000284e+01,1.034205397270878901e+00,3.090951576729409922e+01,6.614461385965053353e+01,7.855493882095024860e-01,4.127684447545687085e+00,7.032130638680719414e+00,3.224946269787740505e+01
2.400000000000000000e+01,9.953533175870281635e-01,3.070381367788113636e+01,6.579398258845387204e+01,7.685554624464661089e-01,4.100429320554978219e+00,6.993158392786109623e+00,3.204924081545079417e+01
2.405000000000000071e+01,9.573476930242487137e-01,3.049946982613232294e+01,6.544529421368206101e+01,7.516910170459446539e-01,4.073354740210736402e+00,6.954414548578645494e+00,3.185039538974273654e+01
2.410000000000000142e+01,9.201820744518298678e-01,3.029647521476374905e+01,6.509853735014310416e+01,7.349550577233048276e-01,4.046459505913635013e+00,6.915897711839696704e+00,3.165291746353060631e+01
2.415000000000000213e+01,8.838500622719083211e-01,3.009482090632118201e+01,6.475370068213530317e+01,7.183465974410768728e-01,4.019742425067168945e+00,6.877606497157615628e+00,3.145679813926239632e+01
2.420000000000000284e+01,8.483453060583659999e-01,2.989449802278133816e+01,6.441077296300888122e+01,7.018646563583680331e-01,3.993202313024305283e+00,6.839539527870917013e+00,3.126202857865747831e+01
2.425000000000000000e+01,8.136615041982651064e-01,2.969549774515557417e+01,6.406974301472924083e+01,6.855082617806307343e-01,3.966837993034475485e+00,6.801695436011739204e+00,3.106860000230966534e+01
2.430000000000000071e+01,7.797924035357709505e-01,2.949781131309645588e+01,6.373059972744420065e+01,6.692764481097642770e-01,3.940648296190927713e+00,6.764072862249757456e+00,3.087650368929322298e+01
2.435000000000000142e+01,7.467317990185807774e-01,2.930143002450692791e+01,6.339333205905321478e+01,6.531682567945664708e-01,3.914632061378441996e+00,6.726670455836412543e+00,3.068573097677141348e+01
2.440000000000000213e+01,7.144735333468064109e-01,2.910634523515195227e+01,6.305792903477981781e+01,6.371827362815163376e-01,3.888788135221371345e+00,6.689486874549521289e+00,3.049627325960763358e+01
2.445000000000000284e+01,6.830114966243064911e-01,2.891254835827290748e+01,6.272437974674667771e+01,6.213189419658909918e-01,3.863115372032049244e+00,6.652520784638247697e+00,3.030812198997919893e+01
2.450000000000000000e+01,6.523396260124754154e-01,2.872003086420436446e+01,6.239267335355327759e+01,6.055759361432238030e-01,3.837612633759518665e+00,6.615770860768420469e+00,3.012126867699362265e+01
2.455000000000000071e+01,6.224519053864226992e-01,2.852878427999361932e+01,6.206279907985666000e+01,5.899527879610845238e-01,3.812278789938621681e+00,6.579235785968231554e+00,2.993570488630757964e+01
2.460000000000000142e+01,5.933423649935821720e-01,2.833880018902262421e+01,6.173474621595426726e+01,5.744485733711977016e-01,3.787112717639420367e+00,6.542914251574248219e+00,2.975142223974827260e+01
2.465000000000000213e+01,5.650050811146848373e-01,2.815007023063251523e+01,6.140850411737046244e+01,5.590623750818771720e-01,3.762113301416952993e+00,6.506804957177842574e+00,2.956841241493754424e+01
2.470000000000000284e+01,5.374341757271227094e-01,2.796258609975055620e+01,6.108406220444448564e+01,5.437932825107980594e-01,3.737279433261320616e+00,6.470906610571882212e+00,2.938666714491817800e+01
2.475000000000000000e+01,5.106238161706438961e-01,2.777633954651977177e+01,6.076140996192225430e+01,5.286403917380780859e-01,3.712610012548126281e+00,6.435217927697864937e+00,2.920617821778311196e+01
2.480000000000000071e+01,4.845682148153947488e-01,2.759132237593060211e+01,6.044053693854971954e+01,5.136028054596831760e-01,3.688103945989198440e+00,6.399737632593297754e+00,2.902693747630657839e+01
2.485000000000000142e+01,4.592616287323009749e-01,2.740752644745561994e+01,6.012143274666981796e+01,4.986796329411629092e-01,3.663760147583697613e+00,6.364464457339510162e+00,2.884893681757834116e+01
2.490000000000000213e+01,4.346983593657258171e-01,2.722494367468634380e+01,5.980408706182141998e+01,4.838699899716836228e-01,3.639577538569529924e+00,6.329397142009764110e+00,2.867216819263995831e+01
2.495000000000000284e+01,4.108727522084356654e-01,2.704356602497230355e+01,5.948848962234096405e+01,4.691729988183878097e-01,3.615555047375045739e+00,6.294534434617684582e+00,2.849662360612349943e+01
2.500000000000000000e+01,3.877791964788368517e-01,2.686338551906295535e+01,5.917463022896669145e+01,4.545877881810613252e-01,3.591691609571121102e+00,6.259875091066062325e+00,2.832229511589286020e+01
2.505000000000000071e+01,3.654121248004646438e-01,2.668439423075152206e+01,5.886249874444564512e+01,4.401134931471070155e-01,3.567986167823503418e+00,6.225417875095977216e+00,2.814917483268728660e+01
2.510000000000000142e+01,3.437660128837311535e-01,2.650658428652167942e+01,5.855208509314290666e+01,4.257492551468362030e-01,3.544437671845523052e+00,6.191161558236258244e+00,2.797725491976749979e+01
2.515000000000000213e+01,3.228353792098814234e-01,2.632994786519608255e+01,5.824337926065334869e+01,4.114942219090522157e-01,3.521045078351069613e+00,6.157104919753240146e+00,2.780652759256384954e+01
2.520000000000000284e+01,3.026147847171809513e-01,2.615447719758786249e+01,5.793637129341627201e+01,3.973475474169502197e-01,3.497807351007945265e+00,6.123246746600907287e+00,2.763698511832729565e+01
2.525000000000000000e+01,2.830988324892886876e-01,2.598016456615367886e+01,5.763105129833210327e+01,3.833083918643097610e-01,3.474723460391443641e+00,6.089585833371321755e+00,2.746861981578218703e+01
2.530000000000000071e+01,2.642821674458128434e-01,2.580700230464978873e+01,5.732740944238160097e+01,3.693759216119878452e-01,3.451792383938316000e+00,6.056120982245354334e+00,2.730142405478174794e+01
2.535000000000000142e+01,2.461594760350489242e-01,2.563498279779000910e+01,5.702543595224796036e+01,3.555493091447185505e-01,3.429013105901004277e+00,6.022851002943810705e+00,2.713539025596575627e+01
2.540000000000000213e+01,2.287254859288493924e-01,2.546409848090609174e+01,5.672512111394075873e+01,3.418277330281938586e-01,3.406384617302183671e+00,5.989774712678802793e+00,2.697051089042044936e+01
2.545000000000000284e+01,2.119749657196481341e-01,2.529434183961040361e+01,5.642645527242266468e+01,3.282103778664494653e-01,3.383905915889624083e+00,5.956890936105463830e+00,2.680677847934077818e+01
2.550000000000000000e+01,1.959027246195996774e-01,2.512570540946060760e+01,5.612942883123860582e+01,3.146964342595357511e-01,3.361576006091312241e+00,5.924198505273999160e+00,2.664418559369485706e+01
2.555000000000000071e+01,1.805036121618319167e-01,2.495818177562696860e+01,5.583403225214699717e+01,3.012850987614818510e-01,3.339393898970925978e+00,5.891696259582004380e+00,2.648272485389069075e+01
2.560000000000000142e+01,1.657725179037939089e-01,2.479176357256158880e+01,5.554025605475379024e+01,2.879755738385479935e-01,3.317358612183565647e+00,5.859383045727149408e+00,2.632238892944518938e+01
2.565000000000000213e+01,1.517043711326795663e-01,2.462644348366995573e+01,5.524809081614851891e+01,2.747670678277595591e-01,3.295469169931796394e+00,5.827257717660129899e+00,2.616317053865527953e+01
2.570000000000000284e+01,1.382941405729208040e-01,2.446221424098462549e+01,5.495752717054266157e+01,2.616587948957285747e-01,3.273724602921977755e+00,5.795319136537915305e+00,2.600506244827121094e+01
2.575000000000000000e+01,1.255368340957334350e-01,2.429906862484119756e+01,5.466855580891095912e+01,2.486499749977567342e-01,3.252123948320889912e+00,5.763566170677376199e+00,2.584805747317227187e+01
2.580000000000000071e+01,1.134274984306933992e-01,2.413699946355621506e+01,5.438116747863402622e+01,2.357398338372129198e-01,3.230666249712628613e+00,5.731997695509107871e+00,2.569214847604428797e+01
2.585000000000000142e+01,1.019612188793515839e-01,2.397599963310756266e+01,5.409535298314410312e+01,2.229276028252012709e-01,3.209350557055828723e+00,5.700612593531642069e+00,2.553732836705964360e+01
2.590000000000000213e+01,9.113311903084378440e-02,2.381606205681675803e+01,5.381110318157286088e+01,2.102125190404932342e-01,3.188175926641134250e+00,5.669409754265921642e+00,2.538359010355930678e+01
2.595000000000000284e+01,8.093836047950665746e-02,2.365717970503322576e+01,5.352840898840118911e+01,1.975938251897416675e-01,3.167141421048951688e+00,5.638388074210063827e+00,2.523092668973678698e+01
2.600000000000000000e+01,7.137214254446981598e-02,2.349934559482111851e+01,5.324726137311167662e+01,1.850707695679624787e-01,3.146246109107523115e+00,5.607546456794448630e+00,2.507933117632459386e+01
2.605000000000000071e+01,6.242970199122009622e-02,2.334255278964780800e+01,5.296765135984291106e+01,1.726426060192887690e-01,3.125489065851231096e+00,5.576883812337052326e+00,2.492879666028243690e+01
2.610000000000000142e+01,5.410631275512441801e-02,2.318679439907467099e+01,5.268957002704642179e+01,1.603085938979997571e-01,3.104869372479216239e+00,5.546399057999137128e+00,2.477931628448772017e+01
2.615000000000000213e+01,4.639728566688710448e-02,2.303206357844983287e+01,5.241300850714544879e+01,1.480679980298054699e-01,3.084386116314243864e+00,5.516091117741169114e+00,2.463088323742800156e+01
2.620000000000000284e+01,3.929796817994411773e-02,2.287835352860305349e+01,5.213795798619607780e+01,1.359200886734088787e-01,3.064038390761871788e+00,5.485958922279053240e+00,2.448349075289553411e+01
2.625000000000000000e+01,3.280374409976725969e-02,2.272565749554263803e+01,5.186440970355084090e+01,1.238641414823233450e-01,3.043825295269869891e+00,5.456001409040672989e+00,2.433713210968397078e+01
2.630000000000000071e+01,2.691003331507184348e-02,2.257396877015421666e+01,5.159235495152371698e+01,1.118994374669529390e-01,3.023745935287909692e+00,5.426217522122649406e+00,2.419180063128680302e+01
2.635000000000000142e+01,2.161229153091684743e-02,2.242328068790176943e+01,5.132178507505817322e+01,1.000252629569387125e-01,3.003799422227539928e+00,5.396606212247453627e+00,2.404748968559815836e+01
2.640000000000000213e+01,1.690601000367764756e-02,2.227358662853047022e+01,5.105269147139675567e+01,8.824090956375628403e-02,2.983984873422408590e+00,5.367166436720763656e+00,2.390419268461534585e+01
2.645000000000000284e+01,1.278671527788452500e-02,2.212488001577158414e+01,5.078506558975313823e+01,7.654567414357435484e-02,2.964301412088765630e+00,5.337897159389108914e+00,2.376190308414354746e+01
2.650000000000000000e+01,9.249968924910532617e-03,2.197715431704932243e+01,5.051889893098580586e+01,6.493885876036466220e-02,2.944748167286215246e+00,5.308797350597753706e+00,2.362061438350234255e+01
2.655000000000000071e+01,6.291367283498756555e-03,2.183040304318958391e+01,5.025418304727455165e+01,5.341977064926799190e-02,2.925324273878735948e+00,5.279865987148933293e+00,2.348032012523430367e+01
2.660000000000000142e+01,3.906541202115312687e-03,2.168461974813086357e+01,4.999090954179843749e+01,4.198772218021475794e-02,2.906028872495971083e+00,5.251102052260292474e+00,2.334101389481556765e+01
2.665000000000000213e+01,2.091155783112779408e-03,2.153979802863679183e+01,4.972907006841616351e+01,3.064203082178554652e-02,2.886861109494756494e+00,5.222504535523626146e+00,2.320268932036821496e+01
2.670000000000000284e+01,8.409101286966657891e-04,2.139593152401074150e+01,4.946865633134827078e+01,1.938201910532897157e-02,2.867820136920912866e+00,5.194072432863880096e+00,2.306534007237461026e+01
2.675000000000000000e+01,1.515370886788819556e-04,2.125301391581239940e+01,4.920966008486167453e+01,8.207014589322847789e-03,2.848905112471305845e+00,5.165804746498427136e+00,2.292895986339378567e+01
2.680000000000000071e+01,0.000000000000000000e+00,2.111103892757613565e+01,4.895207313295586005e+01,-0.000000000000000000e+00,2.830115199456137542e+00,5.137700484896599917e+00,2.279353774702703106e+01
2.685000000000000142e+01,0.000000000000000000e+00,2.097000032453119900e+01,4.869588732905134520e+01,-0.000000000000000000e+00,2.811449566761499153e+00,5.109758662739486645e+00,2.265897199452843580e+01
2.690000000000000213e+01,0.000000000000000000e+00,2.082989191332394086e+01,4.844109457568033861e+01,-0.000000000000000000e+00,2.792907388812177150e+00,5.081978300880015453e+00,2.252521960058205508e+01
2.695000000000000284e+01,0.000000000000000000e+00,2.069070754174182269e+01,4.818768682417869798e+01,-0.000000000000000000e+00,2.774487845534706398e+00,5.054358426303251939e+00,2.239227547691558584e+01
2.700000000000000000e+01,0.000000000000000000e+00,2.055244109843910749e+01,4.793565607438070231e+01,-0.000000000000000000e+00,2.756190122320652858e+00,5.026898072086999569e+00,2.226013456781473110e+01
2.705000000000000071e+01,0.000000000000000000e+00,2.041508651266467211e+01,4.768499437431514565e+01,-0.000000000000000000e+00,2.738013409990167180e+00,4.999596277362630126e+00,2.212879184991112425e+01
2.710000000000000142e+01,0.000000000000000000e+00,2.027863775399145752e+01,4.743569381990378275e+01,-0.000000000000000000e+00,2.719956904755767901e+00,4.972452087276185928e+00,2.199824233197167445e+01
2.715000000000000213e+01,0.000000000000000000e+00,2.014308883204766332e+01,4.718774655466150136e+01,-0.000000000000000000e+00,2.702019808186354677e+00,4.945464552949724535e+00,2.186848105468920522e+01
2.720000000000000284e+01,0.000000000000000000e+00,2.000843379624985374e+01,4.694114476939844138e+01,-0.000000000000000000e+00,2.684201327171479079e+00,4.918632731442916572e+00,2.173950309047453544e+01
2.725000000000000000e+01,0.000000000000000000e+00,1.987466673553793939e+01,4.669588070192413909e+01,-0.000000000000000000e+00,2.666500673885856987e+00,4.891955685714908242e+00,2.161130354325000269e+01
2.730000000000000071e+01,0.000000000000000000e+00,1.974178177811161916e+01,4.645194663675353297e+01,-0.000000000000000000e+00,2.648917065754091027e+00,4.865432484586416528e+00,2.148387754824419460e+01
2.735000000000000142e+01,0.000000000000000000e+00,1.960977309116885081e+01,4.620933490481463934e+01,-0.000000000000000000e+00,2.631449725415651475e+00,4.839062202702065996e+00,2.135722027178808702e+01
2.740000000000000213e+01,0.000000000000000000e+00,1.947863488064600546e+01,4.596803788315855854e+01,-0.000000000000000000e+00,2.614097880690089415e+00,4.812843920493005356e+00,2.123132691111264236e+01
2.745000000000000284e+01,0.000000000000000000e+00,1.934836139095969543e+01,4.572804799467091641e+01,-0.000000000000000000e+00,2.596860764542471056e+00,4.786776724139730099e+00,2.110619269414757682e+01
2.750000000000000000e+01,0.000000000000000000e+00,1.921894690475036427e+01,4.548935770778530951e+01,-0.000000000000000000e+00,2.579737615049047417e+00,4.760859705535161801e+00,2.098181287932150951e+01
2.755000000000000071e+01,0.000000000000000000e+00,1.909038574262748611e+01,4.525195953619857647e+01,-0.000000000000000000e+00,2.562727675363144275e+00,4.735091962247964581e+00,2.085818275536338717e+01
2.760000000000000142e+01,0.000000000000000000e+00,1.896267226291676522e+01,4.501584603858818667e+01,-0.000000000000000000e+00,2.545830193681307030e+00,4.709472597486130674e+00,2.073529764110542928e+01
2.765000000000000213e+01,0.000000000000000000e+00,1.883580086140860388e+01,4.478100981833078720e+01,-0.000000000000000000e+00,2.529044423209634296e+00,4.684000720060746303e+00,2.061315288528700052e+01
2.770000000000000284e+01,0.000000000000000000e+00,1.870976597110865569e+01,4.454744352322325796e+01,-0.000000000000000000e+00,2.512369622130368185e+00,4.658675444350050654e+00,2.049174386636014233e+01
2.775000000000000000e+01,0.000000000000000000e+00,1.858456206198967919e+01,4.431513984520508842e+01,-0.000000000000000000e+00,2.495805053568679099e+00,4.633495890263689354e+00,2.037106599229610993e+01
2.780000000000000071e+01,0.000000000000000000e+00,1.846018364074529572e+01,4.408409152008277943e+01,-0.000000000000000000e+00,2.479349985559692104e+00,4.608461183207222867e+00,2.025111470039334449e+01
2.785000000000000142e+01,0.000000000000000000e+00,1.833662525054532111e+01,4.385429132725580814e+01,-0.000000000000000000e+00,2.463003691015727359e+00,4.583570454046856035e+00,2.013188545708661081e+01
2.790000000000000213e+01,0.000000000000000000e+00,1.821388147079269615e+01,4.362573208944461101e+01,-0.000000000000000000e+00,2.446765447693755924e+00,4.558822839074407440e+00,2.001337375775749905e+01
2.795000000000000284e+01,0.000000000000000000e+00,1.809194691688206547e+01,4.339840667242014405e+01,-0.000000000000000000e+00,2.430634538163076286e+00,4.534217479972499021e+00,1.989557512654607052e+01
2.800000000000000000e+01,0.000000000000000000e+00,1.797081623996001198e+01,4.317230798473516273e+01,-0.000000000000000000e+00,2.414610249773205375e+00,4.509753523779976625e+00,1.977848511616379668e+01
2.805000000000000071e+01,0.000000000000000000e+00,1.785048412668671602e+01,4.294742897745727817e+01,-0.000000000000000000e+00,2.398691874621974307e+00,4.485430122857549051e+00,1.966209930770767755e+01
2.810000000000000142e+01,0.000000000000000000e+00,1.773094529899952576e+01,4.272376264390366174e+01,-0.000000000000000000e+00,2.382878709523861271e+00,4.461246434853657128e+00,1.954641331047567832e+01
2.815000000000000213e+01,0.000000000000000000e+00,1.761219451387771784e+01,4.250130201937778907e+01,-0.000000000000000000e+00,2.367170055978505161e+00,4.437201622670586154e+00,1.943142276178330619e+01
2.820000000000000284e+01,0.000000000000000000e+00,1.749422656310914448e+01,4.228004018090712890e+01,-0.000000000000000000e+00,2.351565220139447465e+00,4.413294854430743541e+00,1.931712332678135624e+01
2.825000000000000000e+01,0.000000000000000000e+00,1.737703627305829102e+01,4.205997024698337583e+01,-0.000000000000000000e+00,2.336063512783083329e+00,4.389525303443219784e+00,1.920351069827498947e+01
2.830000000000000071e+01,0.000000000000000000e+00,1.726061850443584689e+01,4.184108537730374167e+01,-0.000000000000000000e+00,2.320664249277808899e+00,4.365892148170527065e+00,1.909058059654385886e+01
2.835000000000000142e+01,0.000000000000000000e+00,1.714496815207000324e+01,4.162337877251418661e+01,-0.000000000000000000e+00,2.305366749553388050e+00,4.342394572195569680e+00,1.897832876916354650e+01
2.840000000000000213e+01,0.000000000000000000e+00,1.703008014467897624e+01,4.140684367395416388e+01,-0.000000000000000000e+00,2.290170338070502964e+00,4.319031764188825839e+00,1.886675099082803087e+01
2.845000000000000284e+01,0.000000000000000000e+00,1.691594944464538131e+01,4.119147336340316912e+01,-0.000000000000000000e+00,2.275074343790536524e+00,4.295802917875753302e+00,1.875584306317348293e+01
2.850000000000000000e+01,0.000000000000000000e+00,1.680257104779181887e+01,4.097726116282868958e+01,-0.000000000000000000e+00,2.260078100145524349e+00,4.272707232004387734e+00,1.864560081460308183e+01
2.855000000000000071e+01,0.000000000000000000e+00,1.668993998315815475e+01,4.076420043413584438e+01,-0.000000000000000000e+00,2.245180945008332429e+00,4.249743910313162232e+00,1.853602010011303847e+01
2.860000000000000142e+01,0.000000000000000000e+00,1.657805131278021449e+01,4.055228457891880822e+01,-0.000000000000000000e+00,2.230382220663021720e+00,4.226912161498955101e+00,1.842709680111980930e+01
2.865000000000000213e+01,0.000000000000000000e+00,1.646690013146996634e+01,4.034150703821364914e+01,-0.000000000000000000e+00,2.215681273775412574e+00,4.204211199185318826e+00,1.831882682528839723e+01
2.870000000000000284e+01,0.000000000000000000e+00,1.635648156659714658e+01,4.013186129225265830e+01,-0.000000000000000000e+00,2.201077455363846802e+00,4.181640241890922205e+00,1.821120610636173609e+01
2.875000000000000000e+01,0.000000000000000000e+00,1.624679077787235215e+01,3.992334086022054151e+01,-0.000000000000000000e+00,2.186570120770138459e+00,4.159198512998216302e+00,1.810423060399131145e+01
2.880000000000000071e+01,0.000000000000000000e+00,1.613782295713160408e+01,3.971593930001189676e+01,-0.000000000000000000e+00,2.172158629630728033e+00,4.136885240722277146e+00,1.799789630356877623e+01
2.885000000000000142e+01,0.000000000000000000e+00,1.602957332812235336e+01,3.950965020799041127e+01,-0.000000000000000000e+00,2.157842345848024923e+00,4.114699658079877587e+00,1.789219921605877772e+01
2.890000000000000213e+01,0.000000000000000000e+00,1.592203714629085454e+01,3.930446721874951521e+01,-0.000000000000000000e+00,2.143620637561933329e+00,4.092641002858742993e+00,1.778713537783280429e+01
2.895000000000000284e+01,0.000000000000000000e+00,1.581520969857103864e+01,3.910038400487465537e+01,-0.000000000000000000e+00,2.129492877121585970e+00,4.070708517587018349e+00,1.768270085050418317e+01
2.900000000000000000e+01,0.000000000000000000e+00,1.570908630317473964e+01,3.889739427670696870e+01,-0.000000000000000000e+00,2.115458441057247452e+00,4.048901449502927186e+00,1.757889172076411199e+01
2.905000000000000071e+01,0.000000000000000000e+00,1.560366230938327980e+01,3.869549178210853313e+01,-0.000000000000000000e+00,2.101516710052408143e+00,4.027219050524625921e+00,1.747570410021877407e+01
2.910000000000000142e+01,0.000000000000000000e+00,1.549893309734063074e+01,3.849467030622914621e+01,-0.000000000000000000e+00,2.087667068916086333e+00,4.005660577220270469e+00,1.737313412522760103e+01
2.915000000000000213e+01,0.000000000000000000e+00,1.539489407784767394e+01,3.829492367127468100e+01,-0.000000000000000000e+00,2.073908906555275600e+00,3.984225290778268036e+00,1.727117795674250544e+01
2.920000000000000284e+01,0.000000000000000000e+00,1.529154069215813472e+01,3.809624573627650079e+01,-0.000000000000000000e+00,2.060241615947618232e+00,3.962912456977705222e+00,1.716983178014819345e+01
2.925000000000000000e+01,0.000000000000000000e+00,1.518886841177558544e+01,3.789863039686306934e+01,-0.000000000000000000e+00,2.046664594114223856e+00,3.941721346159012818e+00,1.706909180510356094e+01
2.930000000000000071e+01,0.000000000000000000e+00,1.508687273825207242e+01,3.770207158503220768e+01,-0.000000000000000000e+00,2.033177242092698123e+00,3.920651233194765606e+00,1.696895426538408813e+01
2.935000000000000142e+01,0.000000000000000000e+00,1.498554920298786364e+01,3.750656326892554659e+01,-0.000000000000000000e+00,2.019778964910331265e+00,3.899701397460731300e+00,1.686941541872531758e+01
2.940000000000000213e+01,0.000000000000000000e+00,1.488489336703272770e+01,3.731209945260395244e+01,-0.000000000000000000e+00,2.006469171557482056e+00,3.878871122807064697e+00,1.677047154666735196e+01
2.945000000000000284e+01,0.000000000000000000e+00,1.478490082088834257e+01,3.711867417582436701e+01,-0.000000000000000000e+00,1.993247274961119420e+00,3.858159697529692345e+00,1.667211895440026126e+01
2.950000000000000000e+01,0.000000000000000000e+00,1.468556718431220709e+01,3.692628151381857293e+01,-0.000000000000000000e+00,1.980112691958565208e+00,3.837566414341928134e+00,1.657435397061074767e+01
2.955000000000000071e+01,0.000000000000000000e+00,1.458688810612271780e+01,3.673491557707273358e+01,-0.000000000000000000e+00,1.967064843271385088e+00,3.817090570346208800e+00,1.647717294732954230e+01
2.960000000000000142e+01,0.000000000000000000e+00,1.448885926400560464e+01,3.654457051110876620e+01,-0.000000000000000000e+00,1.954103153479473720e+00,3.796731467006064786e+00,1.638057225977999565e+01
2.965000000000000213e+01,0.000000000000000000e+00,1.439147636432174515e+01,3.635524049626698684e+01,-0.000000000000000000e+00,1.941227050995312897e+00,3.776488410118253647e+00,1.628454830622762017e+01
2.970000000000000284e+01,0.000000000000000000e+00,1.429473514191604444e+01,3.616691974749005567e+01,-0.000000000000000000e+00,1.928435968038381132e+00,3.756360709785067975e+00,1.618909750783053525e+01
2.975000000000000000e+01,0.000000000000000000e+00,1.419863135992786241e+01,3.597960251410859200e+01,-0.000000000000000000e+00,1.915729340609761300e+00,3.736347680386850723e+00,1.609421630849107743e+01
2.980000000000000071e+01,0.000000000000000000e+00,1.410316080960239127e+01,3.579328307962764200e+01,-0.000000000000000000e+00,1.903106608466888838e+00,3.716448640554646410e+00,1.599990117470810702e+01
2.985000000000000142e+01,0.000000000000000000e+00,1.400831931010366027e+01,3.560795576151510033e+01,-0.000000000000000000e+00,1.890567215098499343e+00,3.696662913143081486e+00,1.590614859543060433e+01
2.990000000000000213e+01,0.000000000000000000e+00,1.391410270832842855e+01,3.542361491099111959e+01,-0.000000000000000000e+00,1.878110607699714940e+00,3.676989825203383688e+00,1.581295508191199417e+01
2.995000000000000284e+01,0.000000000000000000e+00,1.382050687872160388e+01,3.524025491281884825e+01,-0.000000000000000000e+00,1.865736237147319398e+00,3.657428707956583480e+00,1.572031716756551489e+01
3.000000000000000000e+01,0.000000000000000000e+00,1.372752772309271130e+01,3.505787018509678177e+01,-0.000000000000000000e+00,1.853443557975181566e+00,3.637978896766915771e+00,1.562823140782055020e+01
3.005000000000000071e+01,0.000000000000000000e+00,1.363516117043365838e+01,3.487645517905212245e+01,-0.000000000000000000e+00,1.841232028349850003e+00,3.618639731115355751e+00,1.553669437997985980e+01
3.010000000000000142e+01,0.000000000000000000e+00,1.354340317673767480e+01,3.469600437883568134e+01,-0.000000000000000000e+00,1.829101110046309042e+00,3.599410554573359899e+00,1.544570268307775862e+01
3.015000000000000213e+01,0.000000000000000000e+00,1.345224972481963732e+01,3.451651230131794534e+01,-0.000000000000000000e+00,1.817050268423908044e+00,3.580290714776758865e+00,1.535525293773930500e+01
3.020000000000000284e+01,0.000000000000000000e+00,1.336169682413723336e+01,3.433797349588657966e+01,-0.000000000000000000e+00,1.805078972402422099e+00,3.561279563399833314e+00,1.526534178604026160e+01
3.025000000000000000e+01,0.000000000000000000e+00,1.327174051061373028e+01,3.416038254424507414e+01,-0.000000000000000000e+00,1.793186694438309692e+00,3.542376456129542550e+00,1.517596589136813279e+01
3.030000000000000071e+01,0.000000000000000000e+00,1.318237684646156715e+01,3.398373406021282506e+01,-0.000000000000000000e+00,1.781372910501090701e+00,3.523580752639942304e+00,1.508712193828398895e+01
3.035000000000000142e+01,0.000000000000000000e+00,1.309360192000744050e+01,3.380802268952632517e+01,-0.000000000000000000e+00,1.769637100049920919e+00,3.504891816566747753e+00,1.499880663238530154e+01
3.040000000000000213e+01,0.000000000000000000e+00,1.300541184551830654e+01,3.363324310964182473e+01,-0.000000000000000000e+00,1.757978746010291360e+00,3.486309015482083051e+00,1.491101670016960945e+01
3.045000000000000284e+01,0.000000000000000000e+00,1.291780276302864650e+01,3.345939002953906538e+01,-0.000000000000000000e+00,1.746397334750894093e+00,3.467831720869379186e+00,1.482374888889908959e+01
3.050000000000000000e+01,0.000000000000000000e+00,1.283077083816895403e+01,3.328645818952634983e+01,-0.000000000000000000e+00,1.734892356060653507e+00,3.449459308098438814e+00,1.473699996646606536e+01
3.055000000000000071e+01,0.000000000000000000e+00,1.274431226199520317e+01,3.311444236104681238e+01,-0.000000000000000000e+00,1.723463303125887913e+00,3.431191156400664521e+00,1.465076672125930557e+01
3.060000000000000142e+01,0.000000000000000000e+00,1.265842325081961306e+01,3.294333734648604661e+01,-0.000000000000000000e+00,1.712109672507645675e+00,3.413026648844461164e+00,1.456504596203131818e+01
3.065000000000000213e+01,0.000000000000000000e+00,1.257310004604245002e+01,3.277313797898075620e+01,-0.000000000000000000e+00,1.700830964119179889e+00,3.394965172310774992e+00,1.447983451776641317e+01
3.070000000000000284e+01,0.000000000000000000e+00,1.248833891398497542e+01,3.260383912222885527e+01,-0.000000000000000000e+00,1.689626681203575620e+00,3.377006117468811741e+00,1.439512923754970153e+01
3.075000000000000000e+01,0.000000000000000000e+00,1.240413614572353929e+01,3.243543567030056352e+01,-0.000000000000000000e+00,1.678496330311532558e+00,3.359148878751903933e+00,1.431092699043691141e+01
3.080000000000000071e+01,0.000000000000000000e+00,1.232048805692464910e+01,3.226792254745077315e+01,-0.000000000000000000e+00,1.667439421279276024e+00,3.341392854333527840e+00,1.422722466532501784e+01
3.085000000000000142e+01,0.000000000000000000e+00,1.223739098768140821e+01,3.210129470793277306e+01,-0.000000000000000000e+00,1.656455467206652932e+00,3.323737446103500304e+00,1.414401917082389737e+01
3.090000000000000213e+01,0.000000000000000000e+00,1.215484130235073934e+01,3.193554713581293925e+01,-0.000000000000000000e+00,1.645543984435332119e+00,3.306182059644311888e+00,1.406130743512860448e+01
3.095000000000000284e+01,0.000000000000000000e+00,1.207283538939193157e+01,3.177067484478662962e+01,-0.000000000000000000e+00,1.634704492527182307e+00,3.288726104207607026e+00,1.397908640589262319e+01
3.100000000000000000e+01,0.000000000000000000e+00,1.199136966120606296e+01,3.160667287799552483e+01,-0.000000000000000000e+00,1.623936514242767304e+00,3.271368992690851574e+00,1.389735305010191269e+01
3.105000000000000071e+01,0.000000000000000000e+00,1.191044055397672707e+01,3.144353630784558362e+01,-0.000000000000000000e+00,1.613239575520015290e+00,3.254110141614100282e+00,1.381610435394975944e+01
3.110000000000000142e+01,0.000000000000000000e+00,1.183004452751154822e+01,3.128126023582677817e+01,-0.000000000000000000e+00,1.602613205452994904e+00,3.236948971096967220e+00,1.373533732271246777e+01
3.115000000000000213e+01,0.000000000000000000e+00,1.175017806508506446e+01,3.111983979233358966e+01,-0.000000000000000000e+00,1.592056936270872747e+00,3.219884904835716988e+00,1.365504898062592964e+01
3.120000000000000284e+01,0.000000000000000000e+00,1.167083767328237265e+01,3.095927013648672599e+01,-0.000000000000000000e+00,1.581570303316974346e+00,3.202917370080510473e+00,1.357523637076286782e+01
3.125000000000000000e+01,0.000000000000000000e+00,1.159201988184399568e+01,3.079954645595602258e+01,-0.000000000000000000e+00,1.571152845028009226e+00,3.186045797612805153e+00,1.349589655491100260e+01
3.130000000000000071e+01,0.000000000000000000e+00,1.151372124351169646e+01,3.064066396678441251e+01,-0.000000000000000000e+00,1.560804102913421199e+00,3.169269621722886399e+00,1.341702661345195224e+01
3.135000000000000142e+01,0.000000000000000000e+00,1.143593833387539149e+01,3.048261791321307257e+01,-0.000000000000000000e+00,1.550523621534886765e+00,3.152588280187568426e+00,1.333862364524096478e+01
3.140000000000000213e+01,0.000000000000000000e+00,1.135866775122106276e+01,3.032540356750764232e+01,-0.000000000000000000e+00,1.540310948485946074e+00,3.136001214248025803e+00,1.326068476748744196e+01
3.145000000000000284e+01,0.000000000000000000e+00,1.128190611637955421e+01,3.016901622978551956e+01,-0.000000000000000000e+00,1.530165634371756678e+00,3.119507868587761301e+00,1.318320711563615788e+01
3.150000000000000000e+01,0.000000000000000000e+00,1.120565007257667034e+01,3.001345122784437436e+01,-0.000000000000000000e+00,1.520087232789014697e+00,3.103107691310745153e+00,1.310618784324942965e+01
3.155000000000000071e+01,0.000000000000000000e+00,1.112989628528396935e+01,2.985870391699154069e+01,-0.000000000000000000e+00,1.510075300305975698e+00,3.086800133919659572e+00,1.302962412188987074e+01
3.160000000000000142e+01,0.000000000000000000e+00,1.105464144207070554e+01,2.970476967987483263e+01,-0.000000000000000000e+00,1.500129396442625218e+00,3.070584651294327116e+00,1.295351314100406093e+01
3.165000000000000213e+01,0.000000000000000000e+00,1.097988225245678784e+01,2.955164392631393966e+01,-0.000000000000000000e+00,1.490249083650986295e+00,3.054460701670233203e+00,1.287785210780687883e+01
3.170000000000000284e+01,0.000000000000000000e+00,1.090561544776659986e+01,2.939932209313345624e+01,-0.000000000000000000e+00,1.480433927295544683e+00,3.038427746617230696e+00,1.280263824716666399e+01
3.175000000000000000e+01,0.000000000000000000e+00,1.083183778098393368e+01,2.924779964399649757e+01,-0.000000000000000000e+00,1.470683495633818616e+00,3.022485251018353747e+00,1.272786880149109123e+01
3.180000000000000071e+01,0.000000000000000000e+00,1.075854602660773551e+01,2.909707206923961209e+01,-0.000000000000000000e+00,1.460997359797044037e+00,3.006632683048780841e+00,1.265354103061376989e+01
3.185000000000000142e+01,0.000000000000000000e+00,1.068573698050895793e+01,2.894713488570882021e+01,-0.000000000000000000e+00,1.451375093771001934e+00,2.990869514154942621e+00,1.257965221168168313e+01
3.190000000000000213e+01,0.000000000000000000e+00,1.061340745978832167e+01,2.879798363659638127e+01,-0.000000000000000000e+00,1.441816274376968465e+00,2.975195219033747840e+00,1.250619963904325616e+01
3.195000000000000284e+01,0.000000000000000000e+00,1.054155430263498516e+01,2.864961389127892133e+01,-0.000000000000000000e+00,1.432320481252790323e+00,2.959609275611956747e+00,1.243318062413722203e+01
3.200000000000000000e+01,0.000000000000000000e+00,1.047017436818617320e+01,2.850202124515637436e+01,-0.000000000000000000e+00,1.422887296834086657e+00,2.944111165025686816e+00,1.236059249538218019e+01
3.205000000000000426e+01,0.000000000000000000e+00,1.039926453638776849e+01,2.835520131949208533e+01,-0.000000000000000000e+00,1.413516306335576900e+00,2.928700371600049479e+00,1.228843259806690469e+01
3.210000000000000142e+01,0.000000000000000000e+00,1.032882170785587839e+01,2.820914976125387241e+01,-0.000000000000000000e+00,1.404207097732544263e+00,2.913376382828926303e+00,1.221669829424140730e+01
3.214999999999999858e+01,0.000000000000000000e+00,1.025884280373915658e+01,2.806386224295600584e+01,-0.000000000000000000e+00,1.394959261742396928e+00,2.898138689354859743e+00,1.214538696260857975e+01
3.220000000000000284e+01,0.000000000000000000e+00,1.018932476558223854e+01,2.791933446250230588e+01,-0.000000000000000000e+00,1.385772391806380233e+00,2.882986784949091330e+00,1.207449599841669574e+01
3.225000000000000000e+01,0.000000000000000000e+00,1.012026455518999413e+01,2.777556214303033499e+01,-0.000000000000000000e+00,1.376646084071397436e+00,2.867920166491735756e+00,1.200402281335258081e+01
3.230000000000000426e+01,0.000000000000000000e+00,1.005165915449264880e+01,2.763254103275618334e+01,-0.000000000000000000e+00,1.367579937371947274e+00,2.852938333952045991e+00,1.193396483543537023e+01
3.235000000000000142e+01,0.000000000000000000e+00,9.983505565411945781e+00,2.749026690482087432e+01,-0.000000000000000000e+00,1.358573553212199636e+00,2.838040790368871580e+00,1.186431950891119058e+01
3.239999999999999858e+01,0.000000000000000000e+00,9.915800809727981502e+00,2.734873555713694060e+01,-0.000000000000000000e+00,1.349626535748164491e+00,2.823227041831162243e+00,1.179508429414822501e+01
3.245000000000000284e+01,0.000000000000000000e+00,9.848541928947151192e+00,2.720794281223667355e+01,-0.000000000000000000e+00,1.340738491770006924e+00,2.808496597458671307e+00,1.172625666753274487e+01
3.250000000000000000e+01,0.000000000000000000e+00,9.781725984170877908e+00,2.706788451712110799e+01,-0.000000000000000000e+00,1.331909030684466755e+00,2.793848969382753733e+00,1.165783412136571684e+01
3.255000000000000426e+01,0.000000000000000000e+00,9.715350055965151554e+00,2.692855654310969626e+01,-0.000000000000000000e+00,1.323137764497389623e+00,2.779283672727272503e+00,1.158981416375999984e+01
3.260000000000000142e+01,0.000000000000000000e+00,9.649411244231126616e+00,2.678995478569140332e+01,-0.000000000000000000e+00,1.314424307796396407e+00,2.764800225589673310e+00,1.152219431853841414e+01
3.264999999999999858e+01,0.000000000000000000e+00,9.583906668076295432e+00,2.665207516437619972e+01,-0.000000000000000000e+00,1.305768277733634131e+00,2.750398149022121874e+00,1.145497212513219765e+01
3.270000000000000284e+01,0.000000000000000000e+00,9.518833465686871165e+00,2.651491362254816764e+01,-0.000000000000000000e+00,1.297169294008681861e+00,2.736076967012834871e+00,1.138814513848047838e+01
3.275000000000000000e+01,0.000000000000000000e+00,9.454188794200698354e+00,2.637846612731882345e+01,-0.000000000000000000e+00,1.288626978851536986e+00,2.721836206467469044e+00,1.132171092893005593e+01
3.280000000000000426e+01,0.000000000000000000e+00,9.389969829581245264e+00,2.624272866938185089e+01,-0.000000000000000000e+00,1.280140957005736491e+00,2.707675397190662192e+00,1.125566708213608536e+01
3.285000000000000142e+01,0.000000000000000000e+00,9.326173766492310335e+00,2.610769726286876846e+01,-0.000000000000000000e+00,1.271710855711582377e+00,2.693594071867709161e+00,1.119001119896334728e+01
3.289999999999999858e+01,0.000000000000000000e+00,9.262797818173590159e+00,2.597336794520500192e+01,-0.000000000000000000e+00,1.263336304689476330e+00,2.679591766046307111e+00,1.112474089538804556e+01
3.295000000000000284e+01,0.000000000000000000e+00,9.199839216317121426e+00,2.583973677696747373e+01,-0.000000000000000000e+00,1.255016936123375171e+00,2.665668018118468652e+00,1.105985380240042915e+01
3.300000000000000000e+01,0.000000000000000000e+00,9.137295210944477830e+00,2.570679984174283916e+01,-0.000000000000000000e+00,1.246752384644344680e+00,2.651822369302534010e+00,1.099534756590794871e+01
3.305000000000000426e+01,0.000000000000000000e+00,9.075163070284876454e+00,2.557455324598646129e+01,-0.000000000000000000e+00,1.238542287314239321e+00,2.638054363625291110e+00,1.093121984663905266e+01
3.310000000000000142e+01,0.000000000000000000e+00,9.013440080653975173e+00,2.544299311888257620e+01,-0.000000000000000000e+00,1.230386283609470555e+00,2.624363547904224436e+00,1.086746832004763164e+01
3.314999999999999858e+01,0.000000000000000000e+00,8.952123546333588422e+00,2.531211561220512962e+01,-0.000000000000000000e+00,1.222284015404899060e+00,2.610749471729876703e+00,1.080409067621807750e+01
3.320000000000000284e+01,0.000000000000000000e+00,8.891210789452175689e+00,2.518191690017957285e+01,-0.000000000000000000e+00,1.214235126957832867e+00,2.597211687448319761e+00,1.074108461977098017e+01
3.325000000000000000e+01,0.000000000000000000e+00,8.830699149866083175e+00,2.505239317934552545e+01,-0.000000000000000000e+00,1.206239264892124075e+00,2.583749750143747193e+00,1.067844786976942295e+01
3.330000000000000426e+01,0.000000000000000000e+00,8.770585985041659427e+00,2.492354066842033689e+01,-0.000000000000000000e+00,1.198296078182382374e+00,2.570363217621173035e+00,1.061617815962591393e+01
3.335000000000000142e+01,0.000000000000000000e+00,8.710868669938033548e+00,2.479535560816337281e+01,-0.000000000000000000e+00,1.190405218138280929e+00,2.557051650389243758e+00,1.055427323700985909e+01
3.339999999999999858e+01,0.000000000000000000e+00,8.651544596890863303e+00,2.466783426124145606e+01,-0.000000000000000000e+00,1.182566338388985949e+00,2.543814611643175905e+00,1.049273086375579567e+01
3.345000000000000284e+01,0.000000000000000000e+00,8.592611175496612574e+00,2.454097291209471265e+01,-0.000000000000000000e+00,1.174779094867664631e+00,2.530651667247773240e+00,1.043154881577198445e+01
3.350000000000000000e+01,0.000000000000000000e+00,8.534065832497859105e+00,2.441476786680366828e+01,-0.000000000000000000e+00,1.167043145796125447e+00,2.517562385720586438e+00,1.037072488294984751e+01
3.355000000000000426e+01,0.000000000000000000e+00,8.475906011669176010e+00,2.428921545295703766e+01,-0.000000000000000000e+00,1.159358151669537262e+00,2.504546338215169143e+00,1.031025686907384653e+01
3.360000000000000142e+01,0.000000000000000000e+00,8.418129173703846391e+00,2.416431201952034513e+01,-0.000000000000000000e+00,1.151723775241261460e+00,2.491603098504442393e+00,1.025014259173200948e+01
3.364999999999999858e+01,0.000000000000000000e+00,8.360732796101375541e+00,2.404005393670522750e+01,-0.000000000000000000e+00,1.144139681507787776e+00,2.478732242964159838e+00,1.019037988222699553e+01
3.370000000000000284e+01,0.000000000000000000e+00,8.303714373055640863e+00,2.391643759583980611e+01,-0.000000000000000000e+00,1.136605537693759826e+00,2.465933350556487991e+00,1.013096658548777285e+01
3.375000000000000000e+01,0.000000000000000000e+00,8.247071415343935286e+00,2.379345940923990810e+01,-0.000000000000000000e+00,1.129121013237115667e+00,2.453206002813714814e+00,1.007190055998194467e+01
3.380000000000000426e+01,0.000000000000000000e+00,8.190801450216582680e+00,2.367111581008066423e+01,-0.000000000000000000e+00,1.121685779774310499e+00,2.440549783822006713e+00,1.001317967762845740e+01
3.385000000000000142e+01,0.000000000000000000e+00,8.134902021287468088e+00,2.354940325226953846e+01,-0.000000000000000000e+00,1.114299511125655062e+00,2.427964280205340497e+00,9.954801823711118658e+00
3.389999999999999858e+01,0.000000000000000000e+00,8.079370688425152380e+00,2.342831821031952089e+01,-0.000000000000000000e+00,1.106961883280739523e+00,2.415449081109476648e+00,9.896764896792456412e+00
3.395000000000000284e+01,0.000000000000000000e+00,8.024205027644773836e+00,2.330785717922372768e+01,-0.000000000000000000e+00,1.099672574383956825e+00,2.403003778186088457e+00,9.839066808628318839e+00
3.400000000000000000e+01,0.000000000000000000e+00,7.969402631000722437e+00,2.318801667433038816e+01,-0.000000000000000000e+00,1.092431264720135298e+00,2.390627965576962222e+00,9.781705484082959146e+00
3.405000000000000426e+01,0.000000000000000000e+00,7.914961106479870168e+00,2.306879323121857084e+01,-0.000000000000000000e+00,1.085237636700240094e+00,2.378321239898298689e+00,9.724678861044576905e+00
3.410000000000000142e+01,0.000000000000000000e+00,7.860878077895745442e+00,2.295018340557515302e+01,-0.000000000000000000e+00,1.078091374847205630e+00,2.366083200225147731e+00,9.667984890341660531e+00
3.414999999999999858e+01,0.000000000000000000e+00,7.807151184783189812e+00,2.283218377307202829e+01,-0.000000000000000000e+00,1.070992165781829319e+00,2.353913448075903858e+00,9.611621535659601534e+00
3.420000000000000284e+01,0.000000000000000000e+00,7.753778082293837137e+00,2.271479092924439769e+01,-0.000000000000000000e+00,1.063939698208779205e+00,2.341811587396927852e+00,9.555586773458017547e+00
3.425000000000000000e+01,0.000000000000000000e+00,7.700756441092334370e+00,2.259800148936983888e+01,-0.000000000000000000e+00,1.056933662902696414e+00,2.329777224547269210e+00,9.499878592888627793e+00
3.430000000000000426e+01,0.000000000000000000e+00,7.648083947253073056e+00,2.248181208834788691e+01,-0.000000000000000000e+00,1.049973752694370654e+00,2.317809968283465416e+00,9.444494995713508700e+00
3.435000000000000142e+01,0.000000000000000000e+00,7.595758302157840092e+00,2.236621938058072701e+01,-0.000000000000000000e+00,1.043059662457035852e+00,2.305909429744471328e+00,9.389433996224102685e+00
3.439999999999999858e+01,0.000000000000000000e+00,7.543777222393941884e+00,2.225122003985423902e+01,-0.000000000000000000e+00,1.036191089092730611e+00,2.294075222436649852e+00,9.334693621160530697e+00
3.445000000000000284e+01,0.000000000000000000e+00,7.492138439653167836e+00,2.213681075922018238e+01,-0.000000000000000000e+00,1.029367731518771034e+00,2.282306962218894952e+00,9.280271909631629512e+00
3.450000000000000000e+01,0.000000000000000000e+00,7.440839700631350695e+00,2.202298825087888190e+01,-0.000000000000000000e+00,1.022589290654301930e+00,2.270604267287834155e+00,9.226166913035395822e+00
3.455000000000000426e+01,0.000000000000000000e+00,7.389878766928550391e+00,2.190974924606256380e+01,-0.000000000000000000e+00,1.015855469406935052e+00,2.258966758163110988e+00,9.172376694979917033e+00
3.460000000000000142e+01,0.000000000000000000e+00,7.339253414950080767e+00,2.179709049491991735e+01,-0.000000000000000000e+00,1.009165972659496813e+00,2.247394057672813528e+00,9.118899331205019720e+00
3.464999999999999858e+01,0.000000000000000000e+00,7.288961435807943978e+00,2.168500876640061747e+01,-0.000000000000000000e+00,1.002520507256832172e+00,2.235885790938927808e+00,9.065732909504125914e+00
3.470000000000000284e+01,0.000000000000000000e+00,7.239000635223157509e+00,2.157350084814131463e+01,-0.000000000000000000e+00,9.959187819927292074e-01,2.224441585362945784e+00,9.012875529646906969e+00
3.475000000000000000e+01,0.000000000000000000e+00,7.189368833428596339e+00,2.146256354635182362e+01,-0.000000000000000000e+00,9.893605075969105211e-01,2.213061070611532344e+00,8.960325303302253630e+00
3.480000000000000426e+01,0.000000000000000000e+00,7.140063865072504790e+00,2.135219368570236753e+01,-0.000000000000000000e+00,9.828453967221154608e-01,2.201743878602302473e+00,8.908080353961844722e+00
3.485000000000000142e+01,0.000000000000000000e+00,7.091083579122711811e+00,2.124238810921123388e+01,-0.000000000000000000e+00,9.763731639312777100e-01,2.190489643489673899e+00,8.856138816864163488e+00
3.489999999999999858e+01,0.000000000000000000e+00,7.042425838771364965e+00,2.113314367813340056e+01,-0.000000000000000000e+00,9.699435256847704911e-01,2.179298001650828542e+00,8.804498838919032622e+00
3.495000000000000284e+01,0.000000000000000000e+00,6.994088521340443343e+00,2.102445727184970892e+01,-0.000000000000000000e+00,9.635562003277582388e-01,2.168168591671756129e+00,8.753158578632648457e+00
3.500000000000000000e+01,0.000000000000000000e+00,6.946069518187834468e+00,2.091632578775675455e+01,-0.000000000000000000e+00,9.572109080776205481e-01,2.157101054333385282e+00,8.702116206033105428e+00
3.505000000000000426e+01,0.000000000000000000e+00,6.898366734613974316e+00,2.080874614115750987e+01,-0.000000000000000000e+00,9.509073710114565037e-01,2.146095032597815866e+00,8.651369902596364625e+00
3.510000000000000142e+01,0.000000000000000000e+00,6.850978089769228951e+00,2.070171526515263238e+01,-0.000000000000000000e+00,9.446453130536837106e-01,2.135150171594629498e+00,8.600917861172773016e+00
3.514999999999999858e+01,0.000000000000000000e+00,6.803901516561832175e+00,2.059523011053232722e+01,-0.000000000000000000e+00,9.384244599637148188e-01,2.124266118607286202e+00,8.550758285913998336e+00
3.520000000000000284e+01,0.000000000000000000e+00,6.757134961566372944e+00,2.048928764566909422e+01,-0.000000000000000000e+00,9.322445393237072109e-01,2.113442523059624989e+00,8.500889392200459582e+00
3.525000000000000000e+01,0.000000000000000000e+00,6.710676384933075056e+00,2.038388485641102221e+01,-0.000000000000000000e+00,9.261052805264170518e-01,2.102679036502439480e+00,8.451309406569293969e+00
3.530000000000000426e+01,0.000000000000000000e+00,6.664523760297485389e+00,2.027901874597576182e+01,-0.000000000000000000e+00,9.200064147631110689e-01,2.091975312600140580e+00,8.402016566642682704e+00
3.535000000000000142e+01,0.000000000000000000e+00,6.618675074690882454e+00,2.017468633484518037e+01,-0.000000000000000000e+00,9.139476750115722581e-01,2.081331007117510179e+00,8.353009121056736319e+00
3.539999999999999858e+01,0.000000000000000000e+00,6.573128328451244506e+00,2.007088466066063859e+01,-0.000000000000000000e+00,9.079287960241827493e-01,2.070745777906536134e+00,8.304285329390781456e+00
3.545000000000000284e+01,0.000000000000000000e+00,6.527881535134781643e+00,1.996761077811903462e+01,-0.000000000000000000e+00,9.019495143160809469e-01,2.060219284893339609e+00,8.255843462097150365e+00
3.550000000000000000e+01,0.000000000000000000e+00,6.482932721428176670e+00,1.986486175886935612e+01,-0.000000000000000000e+00,8.960095681534130385e-01,2.049751190065177475e+00,8.207681800431426922e+00
3.555000000000000426e+01,0.000000000000000000e+00,6.438279927061225649e+00,1.976263469140997486e+01,-0.000000000000000000e+00,8.901086975416407920e-01,2.039341157457535303e+00,8.159798636383106540e+00
3.560000000000000142e+01,0.000000000000000000e+00,6.393921204720228069e+00,1.966092668098653817e+01,-0.000000000000000000e+00,8.842466442139470528e-01,2.028988853141301618e+00,8.112192272606748134e+00
3.564999999999999858e+01,0.000000000000000000e+00,6.349854619961893931e+00,1.955973484949053898e+01,-0.000000000000000000e+00,8.784231516197114065e-01,2.018693945210026985e+00,8.064861022353582598e+00
3.570000000000000284e+01,0.000000000000000000e+00,6.306078251127736678e+00,1.945905633535849688e+01,-0.000000000000000000e+00,8.726379649130522331e-01,2.008456103767263023e+00,8.017803209403492559e+00
3.575000000000000000e+01,0.000000000000000000e+00,6.262590189259262807e+00,1.935888829347176454e+01,-0.000000000000000000e+00,8.668908309414735669e-01,1.998275000913985133e+00,7.971017167997572983e+00
3.580000000000000426e+01,0.000000000000000000e+00,6.219388538013435941e+00,1.925922789505693444e+01,-0.000000000000000000e+00,8.611814982345500358e-01,1.988150310736090942e+00,7.924501242770951137e+00
3.585000000000000142e+01,0.000000000000000000e+00,6.176471413578979330e+00,1.916007232758701662e+01,-0.000000000000000000e+00,8.555097169927240452e-01,1.978081709291997781e+00,7.878253788686244263e+00
3.589999999999999858e+01,0.000000000000000000e+00,6.133836944593005214e+00,1.906141879468296452e+01,-0.000000000000000000e+00,8.498752390761467046e-01,1.968068874600289453e+00,7.832273170967243736e+00
3.595000000000000284e+01,0.000000000000000000e+00,6.091483272058373366e+00,1.896326451601607488e+01,-0.000000000000000000e+00,8.442778179936158978e-01,1.958111486627469811e+00,7.786557765033204959e+00
3.600000000000000000e+01,0.000000000000000000e+00,6.049408549261542589e+00,1.886560672721092402e+01,-0.000000000000000000e+00,8.387172088915819668e-01,1.948209227275794042e+00,7.741105956433502300e+00
3.605000000000000426e+01,0.000000000000000000e+00,6.007610941690881390e+00,1.876844267974876956e+01,-0.000000000000000000e+00,8.331931685432126811e-01,1.938361780371151699e+00,7.695916140782633086e+00
3.610000000000000142e+01,0.000000000000000000e+00,5.966088626955722951e+00,1.867176964087179769e+01,-0.000000000000000000e+00,8.277054553375607915e-01,1.928568831651065851e+00,7.650986723695810454e+00
3.614999999999999858e+01,0.000000000000000000e+00,5.924839794705740736e+00,1.857558489348770792e+01,-0.000000000000000000e+00,8.222538292687714412e-01,1.918830068752737317e+00,7.606316120724796903e+00
3.620000000000000284e+01,0.000000000000000000e+00,5.883862646550972464e+00,1.847988573607510077e+01,-0.000000000000000000e+00,8.168380519253796157e-01,1.909145181201183927e+00,7.561902757294260979e+00
3.625000000000000000e+01,0.000000000000000000e+00,5.843155395982442712e+00,1.838466948258948364e+01,-0.000000000000000000e+00,8.114578864796863078e-01,1.899513860397464837e+00,7.517745068638592265e+00
3.630000000000000426e+01,0.000000000000000000e+00,5.802716268293147017e+00,1.828993346236948625e+01,-0.000000000000000000e+00,8.061130976771812007e-01,1.889935799606941913e+00,7.473841499738945515e+00
3.635000000000000142e+01,0.000000000000000000e+00,5.762543500499732296e+00,1.819567502004429471e+01,-0.000000000000000000e+00,8.008034518260638279e-01,1.880410693947675238e+00,7.430190505260940270e+00
3.639999999999999858e+01,0.000000000000000000e+00,5.722635341264535214e+00,1.810189151544091501e+01,-0.000000000000000000e+00,7.955287167868076992e-01,1.870938240378829942e+00,7.386790549492496361e+00
3.645000000000000284e+01,0.000000000000000000e+00,5.682990050818323091e+00,1.800858032349275817e+01,-0.000000000000000000e+00,7.902886619618207931e-01,1.861518137689216257e+00,7.343640106282350644e+00
3.650000000000000000e+01,0.000000000000000000e+00,5.643605900883397197e+00,1.791573883414822532e+01,-0.000000000000000000e+00,7.850830582851542339e-01,1.852150086485862213e+00,7.300737658978754929e+00
3.655000000000000426e+01,0.000000000000000000e+00,5.604481174597249371e+00,1.782336445228015975e+01,-0.000000000000000000e+00,7.799116782122869074e-01,1.842833789182678705e+00,7.258081700368665068e+00
3.660000000000000142e+01,0.000000000000000000e+00,5.565614166436829713e+00,1.773145459759578557e+01,-0.000000000000000000e+00,7.747742957099879035e-01,1.833568949989197394e+00,7.215670732617361693e+00
3.664999999999999858e+01,0.000000000000000000e+00,5.527003182143107374e+00,1.764000670454716868e+01,-0.000000000000000000e+00,7.696706862462231458e-01,1.824355274899371215e+00,7.173503267208346301e+00
3.670000000000000284e+01,0.000000000000000000e+00,5.488646538646398731e+00,1.754901822224230656e+01,-0.000000000000000000e+00,7.646006267801613854e-01,1.815192471680459718e+00,7.131577824883775563e+00
3.675000000000000000e+01,0.000000000000000000e+00,5.450542563991942480e+00,1.745848661435674387e+01,-0.000000000000000000e+00,7.595638957522147239e-01,1.806080249861978348e+00,7.089892935585156764e+00
3.680000000000000426e+01,0.000000000000000000e+00,5.412689597266153285e+00,1.736840935904572092e+01,-0.000000000000000000e+00,7.545602730741692854e-01,1.797018320724721896e+00,7.048447138394506872e+00
3.685000000000000142e+01,0.000000000000000000e+00,5.375085988523276903e+00,1.727878394885688706e+01,-0.000000000000000000e+00,7.495895401193717333e-01,1.788006397289856109e+00,7.007238981475859774e+00
3.689999999999999858e+01,0.000000000000000000e+00,5.337730098712545335e+00,1.718960789064347949e+01,-0.000000000000000000e+00,7.446514797129801799e-01,1.779044194308078142e+00,6.966267022017142097e+00
3.695000000000000284e+01,0.000000000000000000e+00,5.300620299605847130e+00,1.710087870547830491e+01,-0.000000000000000000e+00,7.397458761222857060e-01,1.770131428248863381e+00,6.925529826172500236e+00
3.700000000000000000e+01,0.000000000000000000e+00,5.263754973725847996e+00,1.701259392856786334e+01,-0.000000000000000000e+00,7.348725150470944989e-01,1.761267817289753346e+00,6.885025969004889390e+00
3.705000000000000426e+01,0.000000000000000000e+00,5.227132514274619446e+00,1.692475110916734238e+01,-0.000000000000000000e+00,7.300311836101766039e-01,1.752453081305737737e+00,6.844754034429145761e+00
3.710000000000000142e+01,0.000000000000000000e+00,5.190751325062699095e+00,1.683734781049594531e+01,-0.000000000000000000e+00,7.252216703477745163e-01,1.743686941858689332e+00,6.804712615155335875e+00
3.714999999999999858e+01,0.000000000000000000e+00,5.154609820438701639e+00,1.675038160965282330e+01,-0.000000000000000000e+00,7.204437652001838277e-01,1.734969122186877488e+00,6.764900312632557089e+00
3.720000000000000284e+01,0.000000000000000000e+00,5.118706425219292200e+00,1.666385009753350488e+01,-0.000000000000000000e+00,7.156972595023840533e-01,1.726299347194538703e+00,6.725315736993022320e+00
3.725000000000000000e+01,0.000000000000000000e+00,5.083039574619721890e+00,1.657775087874695075e+01,-0.000000000000000000e+00,7.109819459747431791e-01,1.717677343441529336e+00,6.685957506996598632e+00
3.730000000000000426e+01,0.000000000000000000e+00,5.047607714184795924e+00,1.649208157153285015e+01,-0.000000000000000000e+00,7.062976187137817163e-01,1.709102839133024743e+00,6.646824249975610499e+00
3.735000000000000142e+01,0.000000000000000000e+00,5.012409299720268052e+00,1.640683980767980898e+01,-0.000000000000000000e+00,7.016440731829929334e-01,1.700575564109308990e+00,6.607914601780086272e+00
3.739999999999999858e+01,0.000000000000000000e+00,4.977442797224725268e+00,1.632202323244366937e+01,-0.000000000000000000e+00,6.970211062037292571e-01,1.692095249835601889e+00,6.569227206723279977e+00
3.745000000000000284e+01,0.000000000000000000e+00,4.942706682821937925e+00,1.623762950446662501e+01,-0.000000000000000000e+00,6.924285159461516237e-01,1.683661629391978609e+00,6.530760717527625658e+00
3.750000000000000000e+01,0.000000000000000000e+00,4.908199442693655712e+00,1.615365629569676642e+01,-0.000000000000000000e+00,6.878661019202368943e-01,1.675274437463346366e+00,6.492513795271019461e+00
3.755000000000000426e+01,0.000000000000000000e+00,4.873919573012773121e+00,1.607010129130793530e+01,-0.000000000000000000e+00,6.833336649668365625e-01,1.666933410329463738e+00,6.454485109333370829e+00
3.760000000000000142e+01,0.000000000000000000e+00,4.839865579877112189e+00,1.598696218962036752e+01,-0.000000000000000000e+00,6.788310072488170643e-01,1.658638285855062344e+00,6.416673337343647532e+00
3.764999999999999858e+01,0.000000000000000000e+00,4.806035979243435285e+00,1.590423670202165063e+01,-0.000000000000000000e+00,6.743579322422330602e-01,1.650388803480002942e+00,6.379077165127130300e+00
3.770000000000000284e+01,0.000000000000000000e+00,4.772429296862066295e+00,1.582192255288815375e+01,-0.000000000000000000e+00,6.699142447275782120e-01,1.642184704209501245e+00,6.341695286653071584e+00
3.775000000000000000e+01,0.000000000000000000e+00,4.739044068211921257e+00,1.574001747950713792e+01,-0.000000000000000000e+00,6.654997507810951340e-01,1.634025730604433235e+00,6.304526403982745109e+00
3.780000000000000426e+01,0.000000000000000000e+00,4.705878838435810785e+00,1.565851923199902984e+01,-0.000000000000000000e+00,6.611142577661199837e-01,1.625911626771668672e+00,6.267569227217663297e+00
3.785000000000000142e+01,0.000000000000000000e+00,4.672932162276452139e+00,1.557742557324054999e+01,-0.000000000000000000e+00,6.567575743245207542e-01,1.617842138354510961e+00,6.230822474448363124e+00
3.789999999999999858e+01,0.000000000000000000e+00,4.640202604012650944e+00,1.549673427878801135e+01,-0.000000000000000000e+00,6.524295103681614361e-01,1.609817012523158564e+00,6.194284871703327866e+00
3.795000000000000284e+01,0.000000000000000000e+00,4.607688737396021139e+00,1.541644313680118827e+01,-0.000000000000000000e+00,6.481298770704360113e-01,1.601835997965246117e+00,6.157955152898307638e+00
3.800000000000000000e+01,0.000000000000000000e+00,4.575389145588204087e+00,1.533654994796783022e+01,-0.000000000000000000e+00,6.438584868578698384e-01,1.593898844876456611e+00,6.121832059786060043e+00
3.805000000000000426e+01,0.000000000000000000e+00,4.543302421098315946e+00,1.525705252542830159e+01,-0.000000000000000000e+00,6.396151534017522344e-01,1.586005304951165984e+00,6.085914341906233815e+00
3.810000000000000142e+01,0.000000000000000000e+00,4.511427165720976795e+00,1.517794869470107422e+01,-0.000000000000000000e+00,6.353996916098468839e-01,1.578155131373180309e+00,6.050200756535756952e+00
3.814999999999999858e+01,0.000000000000000000e+00,4.479761990474670164e+00,1.509923629360828912e+01,-0.000000000000000000e+00,6.312119176181454350e-01,1.570348078806500958e+00,6.014690068639406917e+00
3.820000000000000284e+01,0.000000000000000000e+00,4.448305515540566191e+00,1.502091317220211941e+01,-0.000000000000000000e+00,6.270516487826854890e-01,1.562583903386174589e+00,5.979381050820812504e+00
3.825000000000000000e+01,0.000000000000000000e+00,4.417056370201673410e+00,1.494297719269141922e+01,-0.000000000000000000e+00,6.229187036714106673e-01,1.554862362709191537e+00,5.944272483273691066e+00
3.830000000000000426e+01,0.000000000000000000e+00,4.386013192782480807e+00,1.486542622936877933e+01,-0.000000000000000000e+00,6.188129020560970694e-01,1.547183215825435498e+00,5.909363153733435681e+00
3.835000000000000142e+01,0.000000000000000000e+00,4.355174630588993345e+00,1.478825816853822595e+01,-0.000000000000000000e+00,6.147340649043325778e-01,1.539546223228711597e+00,5.874651857429053159e+00
3.840000000000000568e+01,0.000000000000000000e+00,4.324539339849055253e+00,1.471147090844310057e+01,-0.000000000000000000e+00,6.106820143715351312e-01,1.531951146847802869e+00,5.840137397035302769e+00
3.845000000000000284e+01,0.000000000000000000e+00,4.294105985653253299e+00,1.463506235919471088e+01,-0.000000000000000000e+00,6.066565737930479374e-01,1.524397750037620458e+00,5.805818582625304813e+00
3.850000000000000000e+01,0.000000000000000000e+00,4.263873241896041222e+00,1.455903044270108282e+01,-0.000000000000000000e+00,6.026575676762649936e-01,1.516885797570375338e+00,5.771694231623291316e+00
3.855000000000000426e+01,0.000000000000000000e+00,4.233839791217375748e+00,1.448337309259639660e+01,-0.000000000000000000e+00,5.986848216928248867e-01,1.509415055626829760e+00,5.737763168757787469e+00
3.860000000000000142e+01,0.000000000000000000e+00,4.204004324944706994e+00,1.440808825417077088e+01,-0.000000000000000000e+00,5.947381626708517777e-01,1.501985291787596877e+00,5.704024226015046217e+00
3.865000000000000568e+01,0.000000000000000000e+00,4.174365543035285953e+00,1.433317388430046968e+01,-0.000000000000000000e+00,5.908174185872404616e-01,1.494596275024496768e+00,5.670476242592760840e+00
3.870000000000000284e+01,0.000000000000000000e+00,4.144922154019005767e+00,1.425862795137857120e+01,-0.000000000000000000e+00,5.869224185600107058e-01,1.487247775691970197e+00,5.637118064854146127e+00
3.875000000000000000e+01,0.000000000000000000e+00,4.115672874941448178e+00,1.418444843524603627e+01,-0.000000000000000000e+00,5.830529928406907869e-01,1.479939565518542111e+00,5.603948546282232712e+00
3.880000000000000426e+01,0.000000000000000000e+00,4.086616431307464659e+00,1.411063332712324581e+01,-0.000000000000000000e+00,5.792089728067725263e-01,1.472671417598349075e+00,5.570966547434544225e+00
3.885000000000000142e+01,0.000000000000000000e+00,4.057751557025031985e+00,1.403718062954188461e+01,-0.000000000000000000e+00,5.753901909542018522e-01,1.465443106382709360e+00,5.538170935897987590e+00
3.890000000000000568e+01,0.000000000000000000e+00,4.029076994349519936e+00,1.396408835627730838e+01,-0.000000000000000000e+00,5.715964808899263172e-01,1.458254407671756070e+00,5.505560586244087062e+00
3.895000000000000284e+01,0.000000000000000000e+00,4.000591493828337342e+00,1.389135453228136718e+01,-0.000000000000000000e+00,5.678276773244930187e-01,1.451105098606126909e+00,5.473134379984510467e+00
3.900000000000000000e+01,0.000000000000000000e+00,3.972293814245914767e+00,1.381897719361546528e+01,-0.000000000000000000e+00,5.640836160646902631e-01,1.443994957658689460e+00,5.440891205526823704e+00
3.905000000000000426e+01,0.000000000000000000e+00,3.944182722569113952e+00,1.374695438738430475e+01,-0.000000000000000000e+00,5.603641340062472942e-01,1.436923764626346633e+00,5.408829958130633386e+00
3.910000000000000142e+01,0.000000000000000000e+00,3.916256993892904603e+00,1.367528417166975352e+01,-0.000000000000000000e+00,5.566690691265718804e-01,1.429891300621867645e+00,5.376949539863890237e+00
3.915000000000000568e+01,0.000000000000000000e+00,3.888515411386534115e+00,1.360396461546535818e+01,-0.000000000000000000e+00,5.529982604775497412e-01,1.422897348065791379e+00,5.345248859559606380e+00
3.920000000000000284e+01,0.000000000000000000e+00,3.860956766239912685e+00,1.353299379861108775e+01,-0.000000000000000000e+00,5.493515481783770582e-01,1.415941690678370390e+00,5.313726832772728059e+00
3.925000000000000000e+01,0.000000000000000000e+00,3.833579857610465602e+00,1.346236981172856062e+01,-0.000000000000000000e+00,5.457287734084526054e-01,1.409024113471571527e+00,5.282382381737372512e+00
3.930000000000000426e+01,0.000000000000000000e+00,3.806383492570283966e+00,1.339209075615669775e+01,-0.000000000000000000e+00,5.421297784003121789e-01,1.402144402741126283e+00,5.251214435324316199e+00
3.935000000000000142e+01,0.000000000000000000e+00,3.779366486053666208e+00,1.332215474388768861e+01,-0.000000000000000000e+00,5.385544064326134306e-01,1.395302346058634013e+00,5.220221928998755700e+00
3.940000000000000568e+01,0.000000000000000000e+00,3.752527660804959364e+00,1.325255989750340291e+01,-0.000000000000000000e+00,5.350025018231621132e-01,1.388497732263711093e+00,5.189403804778330631e+00
3.945000000000000284e+01,0.000000000000000000e+00,3.725865847326784497e+00,1.318330435011221979e+01,-0.000000000000000000e+00,5.314739099219905061e-01,1.381730351456197603e+00,5.158759011191447641e+00
3.950000000000000000e+01,0.000000000000000000e+00,3.699379883828599613e+00,1.311438624528615193e+01,-0.000000000000000000e+00,5.279684771044784730e-01,1.374999994988406415e+00,5.128286503235838012e+00
3.955000000000000426e+01,0.000000000000000000e+00,3.673068616175600987e+00,1.304580373699844920e+01,-0.000000000000000000e+00,5.244860507645227043e-01,1.368306455457427351e+00,5.097985242337412792e+00
3.960000000000000142e+01,0.000000000000000000e+00,3.646930897837984631e+00,1.297755498956157538e+01,-0.000000000000000000e+00,5.210264793077525880e-01,1.361649526697479740e+00,5.067854196309386161e+00
3.965000000000000568e+01,0.000000000000000000e+00,3.620965589840485332e+00,1.290963817756548160e+01,-0.000000000000000000e+00,5.175896121447846054e-01,1.355029003772310503e+00,5.037892339311612844e+00
3.970000000000000284e+01,0.000000000000000000e+00,3.595171560712341563e+00,1.284205148581633793e+01,-0.000000000000000000e+00,5.141752996845320167e-01,1.348444682967643304e+00,5.008098651810255042e+00
3.975000000000000000e+01,0.000000000000000000e+00,3.569547686437528622e+00,1.277479310927570033e+01,-0.000000000000000000e+00,5.107833933275518490e-01,1.341896361783683433e+00,4.978472120537689172e+00
3.980000000000000426e+01,0.000000000000000000e+00,3.544092850405315964e+00,1.270786125299983915e+01,-0.000000000000000000e+00,5.074137454594361829e-01,1.335383838927652667e+00,4.949011738452617770e+00
3.985000000000000142e+01,0.000000000000000000e+00,3.518805943361241972e+00,1.264125413207968940e+01,-0.000000000000000000e+00,5.040662094442562857e-01,1.328906914306392739e+00,4.919716504700543780e+00
3.990000000000000568e+01,0.000000000000000000e+00,3.493685863358280130e+00,1.257496997158095908e+01,-0.000000000000000000e+00,5.007406396180356101e-01,1.322465389018997461e+00,4.890585424574379836e+00
3.995000000000000284e+01,0.000000000000000000e+00,3.468731515708463498e+00,1.250900700648480246e+01,-0.000000000000000000e+00,4.974368912822837441e-01,1.316059065349510560e+00,4.861617509475432364e+00
4.000000000000000000e+01,0.000000000000000000e+00,3.443941812934734337e+00,1.244336348162867090e+01,-0.000000000000000000e+00,4.941548206975576174e-01,1.309687746759653049e+00,4.832811776874534893e+00
4.005000000000000426e+01,0.000000000000000000e+00,3.419315674723161003e+00,1.237803765164762737e+01,-0.000000000000000000e+00,4.908942850770767752e-01,1.303351237881605451e+00,4.804167250273486900e+00
4.010000000000000142e+01,0.000000000000000000e+00,3.394852027875483458e+00,1.231302778091603756e+01,-0.000000000000000000e+00,4.876551425803781203e-01,1.297049344510841751e+00,4.775682959166751118e+00
4.015000000000000568e+01,0.000000000000000000e+00,3.370549806261914139e+00,1.224833214348952382e+01,-0.000000000000000000e+00,4.844372523070077374e-01,1.290781873598993101e+00,4.747357939003338245e+00
4.020000000000000284e+01,0.000000000000000000e+00,3.346407950774354489e+00,1.218394902304743610e+01,-0.000000000000000000e+00,4.812404742902677279e-01,1.284548633246780369e+00,4.719191231149036270e+00
4.025000000000000000e+01,0.000000000000000000e+00,3.322425409279784247e+00,1.211987671283544721e+01,-0.000000000000000000e+00,4.780646694909857497e-01,1.278349432696963772e+00,4.691181882848754370e+00
4.030000000000000426e+01,0.000000000000000000e+00,3.298601136574099257e+00,1.205611351560869515e+01,-0.000000000000000000e+00,4.749096997913451745e-01,1.272184082327361576e+00,4.663328947189222973e+00
4.035000000000000142e+01,0.000000000000000000e+00,3.274934094336203305e+00,1.199265774357522929e+01,-0.000000000000000000e+00,4.717754279887492186e-01,1.266052393643904317e+00,4.635631483061908753e+00
4.040000000000000568e+01,0.000000000000000000e+00,3.251423251082334875e+00,1.192950771833969448e+01,-0.000000000000000000e+00,4.686617177897163256e-01,1.259954179273728547e+00,4.608088555126091279e+00
4.045000000000000284e+01,0.000000000000000000e+00,3.228067582120845991e+00,1.186666177084755525e+01,-0.000000000000000000e+00,4.655684338038362791e-01,1.253889252958327871e+00,4.580699233772311807e+00
4.050000000000000000e+01,0.000000000000000000e+00,3.204866069507120052e+00,1.180411824132941589e+01,-0.000000000000000000e+00,4.624954415377456884e-01,1.247857429546728181e+00,4.553462595085914444e+00
4.055000000000000426e+01,0.000000000000000000e+00,3.181817701998932879e+00,1.174187547924593034e+01,-0.000000000000000000e+00,4.594426073891614282e-01,1.241858524988728840e+00,4.526377720810948801e+00
4.060000000000000142e+01,0.000000000000000000e+00,3.158921475012021585e+00,1.167993184323286826e+01,-0.000000000000000000e+00,4.564097986409431096e-01,1.235892356328170072e+00,4.499443698314228079e+00
4.065000000000000568e+01,0.000000000000000000e+00,3.136176390575946105e+00,1.161828570104656677e+01,-0.000000000000000000e+00,4.533968834551944660e-01,1.229958741696248747e+00,4.472659620549614523e+00
4.070000000000000284e+01,0.000000000000000000e+00,3.113581457290347299e+00,1.155693542950982433e+01,-0.000000000000000000e+00,4.504037308674178064e-01,1.224057500304886137e+00,4.446024586022629954e+00
4.075000000000000000e+01,0.000000000000000000e+00,3.091135690281337389e+00,1.149587941445789951e+01,-0.000000000000000000e+00,4.474302107806863993e-01,1.218188452440118086e+00,4.419537698755143573e+00
4.080000000000000426e+01,0.000000000000000000e+00,3.068838111158318949e+00,1.143511605068506576e+01,-0.000000000000000000e+00,4.444761939598739220e-01,1.212351419455546253e+00,4.393198068250425692e+00
4.085000000000000142e+01,0.000000000000000000e+00,3.046687747971043692e+00,1.137464374189134553e+01,-0.000000000000000000e+00,4.415415520259165505e-01,1.206546223765821768e+00,4.367004809458357784e+00
4.090000000000000568e+01,0.000000000000000000e+00,3.024683635166895979e+00,1.131446090062966015e+01,-0.000000000000000000e+00,4.386261574501051363e-01,1.200772688840174185e+00,4.340957042740862803e+00
4.095000000000000284e+01,0.000000000000000000e+00,3.002824813548592875e+00,1.125456594825322121e+01,-0.000000000000000000e+00,4.357298835484325616e-01,1.195030639195977740e+00,4.315053893837601962e+00
4.100000000000000000e+01,0.000000000000000000e+00,2.981110330232034755e+00,1.119495731486329504e+01,-0.000000000000000000e+00,4.328526044759621327e-01,1.189319900392360463e+00,4.289294493831841137e+00
4.105000000000000426e+01,0.000000000000000000e+00,2.959539238604493860e+00,1.113563343925730109e+01,-0.000000000000000000e+00,4.299941952212410490e-01,1.183640299023860365e+00,4.263677979116572203e+00
4.110000000000000142e+01,0.000000000000000000e+00,2.938110598283125707e+00,1.107659276887717326e+01,-0.000000000000000000e+00,4.271545316007564486e-01,1.177991662714111376e+00,4.238203491360856390e+00
4.115000000000000568e+01,0.000000000000000000e+00,2.916823475073652805e+00,1.101783375975803381e+01,-0.000000000000000000e+00,4.243334902534160458e-01,1.172373820109573028e+00,4.212870177476334632e+00
4.120000000000000284e+01,0.000000000000000000e+00,2.895676940929419185e+00,1.095935487647729722e+01,-0.000000000000000000e+00,4.215309486350766188e-01,1.166786600873311652e+00,4.187677189584033677e+00
4.125000000000000000e+01,0.000000000000000000e+00,2.874670073910656320e+00,1.090115459210390725e+01,-0.000000000000000000e+00,4.187467850131024183e-01,1.161229835678799782e+00,4.162623684981305416e+00
4.130000000000000426e+01,0.000000000000000000e+00,2.853801958144059014e+00,1.084323138814798249e+01,-0.000000000000000000e+00,4.159808784609644317e-01,1.155703356203773069e+00,4.137708826109024685e+00
4.135000000000000142e+01,0.000000000000000000e+00,2.833071683782601102e+00,1.078558375451082263e+01,-0.000000000000000000e+00,4.132331088528716223e-01,1.150206995124122056e+00,4.112931780519006431e+00
4.140000000000000568e+01,0.000000000000000000e+00,2.812478346965648246e+00,1.072821018943506743e+01,-0.000000000000000000e+00,4.105033568584424697e-01,1.144740586107815039e+00,4.088291720841590760e+00
4.145000000000000284e+01,0.000000000000000000e+00,2.792021049779300768e+00,1.067110919945529446e+01,-0.000000000000000000e+00,4.077915039374071515e-01,1.139303963808870668e+00,4.063787824753473998e+00
4.150000000000000000e+01,0.000000000000000000e+00,2.771698900217040240e+00,1.061427929934886727e+01,-0.000000000000000000e+00,4.050974323343501382e-01,1.133896963861363405e+00,4.039419274945736937e+00
4.155000000000000426e+01,0.000000000000000000e+00,2.751511012140590573e+00,1.055771901208703412e+01,-0.000000000000000000e+00,4.024210250734824856e-01,1.128519422873463629e+00,4.015185259092053371e+00
4.160000000000000142e+01,0.000000000000000000e+00,2.731456505241103283e+00,1.050142686878644938e+01,-0.000000000000000000e+00,3.997621659534557614e-01,1.123171178421527694e+00,3.991084969817164207e+00
4.165000000000000568e+01,0.000000000000000000e+00,2.711534505000527506e+00,1.044540140866083711e+01,-0.000000000000000000e+00,3.971207395422035602e-01,1.117852069044209973e+00,3.967117604665473252e+00
4.170000000000000284e+01,0.000000000000000000e+00,2.691744142653290872e+00,1.038964117897306316e+01,-0.000000000000000000e+00,3.944966311718215435e-01,1.112561934236625971e+00,3.943282366069911227e+00
4.175000000000000000e+01,0.000000000000000000e+00,2.672084555148230400e+00,1.033414473498744712e+01,-0.000000000000000000e+00,3.918897269334831179e-01,1.107300614444544973e+00,3.919578461320976981e+00
4.180000000000000426e+01,0.000000000000000000e+00,2.652554885110737004e+00,1.027891063992235665e+01,-0.000000000000000000e+00,3.892999136723834797e-01,1.102067951058619988e+00,3.896005102535957665e+00
4.185000000000000142e+01,0.000000000000000000e+00,2.633154280805211300e+00,1.022393746490316779e+01,-0.000000000000000000e+00,3.867270789827244593e-01,1.096863786408662111e+00,3.872561506628397598e+00
4.190000000000000568e+01,0.000000000000000000e+00,2.613881896097711266e+00,1.016922378891535317e+01,-0.000000000000000000e+00,3.841711112027256791e-01,1.091687963757938418e+00,3.849246895277693703e+00
4.195000000000000284e+01,0.000000000000000000e+00,2.594736890418899655e+00,1.011476819875804978e+01,-0.000000000000000000e+00,3.816318994096764006e-01,1.086540327297519370e+00,3.826060494898962272e+00
4.200000000000000000e+01,0.000000000000000000e+00,2.575718428727181042e+00,1.006056928899772274e+01,-0.000000000000000000e+00,3.791093334150119620e-01,1.081420722140650659e+00,3.803001536613021205e+00
4.205000000000000426e+01,0.000000000000000000e+00,2.556825681472148393e+00,1.000662566192226244e+01,-0.000000000000000000e+00,3.766033037594317956e-01,1.076328994317171661e+00,3.780069256216640028e+00
4.210000000000000142e+01,0.000000000000000000e+00,2.538057824558236142e+00,9.952935927495271784e+00,-0.000000000000000000e+00,3.741137017080458649e-01,1.071264990767962777e+00,3.757262894152936017e+00
4.215000000000000568e+01,0.000000000000000000e+00,2.519414039308593534e+00,9.899498703310618097e+00,-0.000000000000000000e+00,3.716404192455495803e-01,1.066228559339424287e+00,3.734581695481951513e+00
4.220000000000000284e+01,0.000000000000000000e+00,2.500893512429268384e+00,9.846312614547366948e+00,-0.000000000000000000e+00,3.691833490714412358e-01,1.061219548778005839e+00,3.712024909851475929e+00
4.225000000000000000e+01,0.000000000000000000e+00,2.482495435973540943e+00,9.793376293924845655e+00,-0.000000000000000000e+00,3.667423845952590966e-01,1.056237808724750815e+00,3.689591791467981885e+00
4.230000000000000426e+01,0.000000000000000000e+00,2.464219007306582387e+00,9.740688381658081596e+00,-0.000000000000000000e+00,3.643174199318620077e-01,1.051283189709890653e+00,3.667281599067811371e+00
4.235000000000000142e+01,0.000000000000000000e+00,2.446063429070274076e+00,9.688247525413471450e+00,-0.000000000000000000e+00,3.619083498967316515e-01,1.046355543147465816e+00,3.645093595888504900e+00
4.240000000000000568e+01,0.000000000000000000e+00,2.428027909148299024e+00,9.636052380264727546e+00,-0.000000000000000000e+00,3.595150700013115541e-01,1.041454721329984068e+00,3.623027049640331398e+00
4.245000000000000284e+01,0.000000000000000000e+00,2.410111660631482522e+00,9.584101608649108428e+00,-0.000000000000000000e+00,3.571374764483788988e-01,1.036580577423114713e+00,3.601081232478018368e+00
4.250000000000000000e+01,0.000000000000000000e+00,2.392313901783308161e+00,9.532393880323830615e+00,-0.000000000000000000e+00,3.547754661274401533e-01,1.031732965460406826e+00,3.579255420972611734e+00
4.255000000000000426e+01,0.000000000000000000e+00,2.374633856005720300e+00,9.480927872322871153e+00,-0.000000000000000000e+00,3.524289366101652776e-01,1.026911740338054990e+00,3.557548896083577716e+00
4.260000000000000142e+01,0.000000000000000000e+00,2.357070751805113495e+00,9.429702268913937147e+00,-0.000000000000000000e+00,3.500977861458468565e-01,1.022116757809688581e+00,3.535960943131041034e+00
4.265000000000000568e+01,0.000000000000000000e+00,2.339623822758581273e+00,9.378715761555712405e+00,-0.000000000000000000e+00,3.477819136568939262e-01,1.017347874481195458e+00,3.514490851768218960e+00
4.270000000000000284e+01,0.000000000000000000e+00,2.322292307480354534e+00,9.327967048855406063e+00,-0.000000000000000000e+00,3.454812187343510033e-01,1.012604947805584077e+00,3.493137915954029005e+00
4.275000000000000000e+01,0.000000000000000000e+00,2.305075449588488201e+00,9.277454836526491277e+00,-0.000000000000000000e+00,3.431956016334510307e-01,1.007887836077870691e+00,3.471901433925866698e+00
4.280000000000000426e+01,0.000000000000000000e+00,2.287972497671765915e+00,9.227177837346751232e+00,-0.000000000000000000e+00,3.409249632691968013e-01,1.003196398430004077e+00,3.450780708172570765e+00
4.285000000000000142e+01,0.000000000000000000e+00,2.270982705256812562e+00,9.177134771116550738e+00,-0.000000000000000000e+00,3.386692052119708585e-01,9.985304948258221236e-01,3.429775045407543743e+00
4.290000000000000568e+01,0.000000000000000000e+00,2.254105330775451943e+00,9.127324364617377839e+00,-0.000000000000000000e+00,3.364282296831777597e-01,9.938899860560379551e-01,3.408883756542070209e+00
4.295000000000000284e+01,0.000000000000000000e+00,2.237339637532242964e+00,9.077745351570616350e+00,-0.000000000000000000e+00,3.342019395509107094e-01,9.892747337332608026e-01,3.388106156658775348e+00
4.300000000000000000e+01,0.000000000000000000e+00,2.220684893672266735e+00,9.028396472596561750e+00,-0.000000000000000000e+00,3.319902383256514988e-01,9.846846002870449643e-01,3.367441564985274027e+00
4.305000000000000426e+01,0.000000000000000000e+00,2.204140372149102411e+00,8.979276475173723071e+00,-0.000000000000000000e+00,3.297930301559956479e-01,9.801194489589750702e-01,3.346889304867981974e+00
4.310000000000000142e+01,0.000000000000000000e+00,2.187705350693044171e+00,8.930384113598332618e+00,-0.000000000000000000e+00,3.276102198244104646e-01,9.755791437977786584e-01,3.326448703746105018e+00
4.315000000000000568e+01,0.000000000000000000e+00,2.171379111779506044e+00,8.881718148944095503e+00,-0.000000000000000000e+00,3.254417127430175860e-01,9.710635496544695044e-01,3.306119093125777120e+00
4.320000000000000284e+01,0.000000000000000000e+00,2.155160942597627916e+00,8.833277349022210956e+00,-0.000000000000000000e+00,3.232874149494027738e-01,9.665725321775264778e-01,3.285899808554366697e+00
4.325000000000000000e+01,0.000000000000000000e+00,2.139050135019132437e+00,8.785060488341663643e+00,-0.000000000000000000e+00,3.211472331024596838e-01,9.621059578081010422e-01,3.265790189594982351e+00
4.330000000000000426e+01,0.000000000000000000e+00,2.123045985567340921e+00,8.737066348069561172e+00,-0.000000000000000000e+00,3.190210744782540075e-01,9.576636937752431855e-01,3.245789579801060754e+00
4.335000000000000142e+01,0.000000000000000000e+00,2.107147795386445921e+00,8.689293715992079115e+00,-0.000000000000000000e+00,3.169088469659232521e-01,9.532456080911865248e-01,3.225897326691242739e+00
4.340000000000000568e+01,0.000000000000000000e+00,2.091354870210921035e+00,8.641741386475215947e+00,-0.000000000000000000e+00,3.148104590635935063e-01,9.488515695466287481e-01,3.206112781724264504e+00
4.345000000000000284e+01,0.000000000000000000e+00,2.075666520335199827e+00,8.594408160426107557e+00,-0.000000000000000000e+00,3.127258198743337880e-01,9.444814477060681224e-01,3.186435300274126803e+00
4.350000000000000000e+01,0.000000000000000000e+00,2.060082060583535934e+00,8.547292845254419902e+00,-0.000000000000000000e+00,3.106548391021334288e-01,9.401351129031573217e-01,3.166864241605372943e+00
4.355000000000000426e+01,0.000000000000000000e+00,2.044600810280019942e+00,8.500394254833947727e+00,-0.000000000000000000e+00,3.085974270479010517e-01,9.358124362360852322e-01,3.147398968848496903e+00
4.360000000000000142e+01,0.000000000000000000e+00,2.029222093218873813e+00,8.453711209464659149e+00,-0.000000000000000000e+00,3.065534946055009646e-01,9.315132895630048315e-01,3.128038848975601915e+00
4.365000000000000568e+01,0.000000000000000000e+00,2.013945237634882091e+00,8.407242535834603459e+00,-0.000000000000000000e+00,3.045229532578067055e-01,9.272375454974597364e-01,3.108783252776091910e+00
4.370000000000000284e+01,0.000000000000000000e+00,1.998769576174038276e+00,8.360987066982451310e+00,-0.000000000000000000e+00,3.025057150727853972e-01,9.229850774038748096e-01,3.089631554832632077e+00
4.375000000000000000e+01,0.000000000000000000e+00,1.983694445864395917e+00,8.314943642259928325e+00,-0.000000000000000000e+00,3.005016926996074145e-01,9.187557593930466560e-01,3.070583133497180039e+00
4.380000000000000426e+01,0.000000000000000000e+00,1.968719188087090011e+00,8.269111107294637719e+00,-0.000000000000000000e+00,2.985107993647806990e-01,9.145494663176763073e-01,3.051637370867204435e+00
4.385000000000000142e+01,0.000000000000000000e+00,1.953843148547592889e+00,8.223488313953135176e+00,-0.000000000000000000e+00,2.965329488683147718e-01,9.103660737679332149e-01,3.032793652762080239e+00
4.390000000000000568e+01,0.000000000000000000e+00,1.939065677247105768e+00,8.178074120304097860e+00,-0.000000000000000000e+00,2.945680555799048417e-01,9.062054580670366732e-01,3.014051368699577349e+00
4.395000000000000284e+01,0.000000000000000000e+00,1.924386128454186551e+00,8.132867390581820288e+00,-0.000000000000000000e+00,2.926160344351455556e-01,9.020674962668747687e-01,2.995409911872548570e+00
4.400000000000000000e+01,0.000000000000000000e+00,1.909803860676547949e+00,8.087866995149871840e+00,-0.000000000000000000e+00,2.906768009317693968e-01,8.979520661436436457e-01,2.976868679125741934e+00
4.405000000000000426e+01,0.000000000000000000e+00,1.895318236633026565e+00,8.043071810464967442e+00,-0.000000000000000000e+00,2.887502711259063992e-01,8.938590461935184139e-01,2.958427070932755143e+00
4.410000000000000142e+01,0.000000000000000000e+00,1.880928623225789353e+00,7.998480719041162423e+00,-0.000000000000000000e+00,2.868363616283771678e-01,8.897883156283571404e-01,2.940084491373185394e+00
4.415000000000000568e+01,0.000000000000000000e+00,1.866634391512655089e+00,7.954092609414050052e+00,-0.000000000000000000e+00,2.849349896009999994e-01,8.857397543714151666e-01,2.921840348109840058e+00
4.420000000000000284e+01,0.000000000000000000e+00,1.852434916679668087e+00,7.909906376105432457e+00,-0.000000000000000000e+00,2.830460727529325315e-01,8.817132430531096077e-01,2.903694052366192047e+00
4.425000000000000000e+01,0.000000000000000000e+00,1.838329578013795151e+00,7.865920919587933824e+00,-0.000000000000000000e+00,2.811695293370299886e-01,8.777086630067860717e-01,2.885645018903880921e+00
4.430000000000000426e+01,0.000000000000000000e+00,1.824317758875845685e+00,7.822135146250071891e+00,-0.000000000000000000e+00,2.793052781462326273e-01,8.737258962645352289e-01,2.867692666000440926e+00
4.435000000000000142e+01,0.000000000000000000e+00,1.810398846673559436e+00,7.778547968361360532e+00,-0.000000000000000000e+00,2.774532385099764964e-01,8.697648255530190387e-01,2.849836415427120073e+00
4.440000000000000568e+01,0.000000000000000000e+00,1.796572232834858562e+00,7.735158304037685895e+00,-0.000000000000000000e+00,2.756133302906256244e-01,8.658253342893295068e-01,2.832075692426850644e+00
4.445000000000000284e+01,0.000000000000000000e+00,1.782837312781311301e+00,7.691965077206947221e+00,-0.000000000000000000e+00,2.737854738799327947e-01,8.619073065768796393e-01,2.814409925692392456e+00
4.450000000000000000e+01,0.000000000000000000e+00,1.769193485901717766e+00,7.648967217574758060e+00,-0.000000000000000000e+00,2.719695901955164752e-01,8.580106272013067192e-01,2.796838547344548509e+00
4.455000000000000426e+01,0.000000000000000000e+00,1.755640155525941548e+00,7.606163660590509856e+00,-0.000000000000000000e+00,2.701656006773709429e-01,8.541351816264157737e-01,2.779360992910598238e+00
4.460000000000000142e+01,0.000000000000000000e+00,1.742176728898848781e+00,7.563553347413511929e+00,-0.000000000000000000e+00,2.683734272843910085e-01,8.502808559901373631e-01,2.761976701302802262e+00
4.465000000000000568e+01,0.000000000000000000e+00,1.728802617154461263e+00,7.521135224879415659e+00,-0.000000000000000000e+00,2.665929924909244408e-01,8.464475371005193427e-01,2.744685114797084324e+00
4.470000000000000284e+01,0.000000000000000000e+00,1.715517235290276998e+00,7.478908245466817206e+00,-0.000000000000000000e+00,2.648242192833481501e-01,8.426351124317404961e-01,2.727485679011842912e+00
4.475000000000000000e+01,0.000000000000000000e+00,1.702320002141726851e+00,7.436871367263997890e+00,-0.000000000000000000e+00,2.630670311566615793e-01,8.388434701201452626e-01,2.710377842886862787e+00
4.480000000000000426e+01,0.000000000000000000e+00,1.689210340356867679e+00,7.395023553935969218e+00,-0.000000000000000000e+00,2.613213521111120707e-01,8.350724989603121040e-01,2.693361058662426366e+00
4.485000000000000142e+01,0.000000000000000000e+00,1.676187676371170943e+00,7.353363774691638710e+00,-0.000000000000000000e+00,2.595871066488334433e-01,8.313220884011420786e-01,2.676434781858495260e+00
4.490000000000000568e+01,0.000000000000000000e+00,1.663251440382525592e+00,7.311891004251215520e+00,-0.000000000000000000e+00,2.578642197705123817e-01,8.275921285419721718e-01,2.659598471254066787e+00
4.495000000000000284e+01,0.000000000000000000e+00,1.650401066326394162e+00,7.270604222813706663e+00,-0.000000000000000000e+00,2.561526169720767521e-01,8.238825101287085007e-01,2.642851588866623747e+00
4.500000000000000000e+01,0.000000000000000000e+00,1.637635991851130957e+00,7.229502416024785383e+00,-0.000000000000000000e+00,2.544522242414037905e-01,8.201931245499978207e-01,2.626193599931761824e+00
4.505000000000000426e+01,0.000000000000000000e+00,1.624955658293452121e+00,7.188584574944698602e+00,-0.000000000000000000e+00,2.527629680550501079e-01,8.165238638334083587e-01,2.609623972882900489e+00
4.510000000000000142e+01,0.000000000000000000e+00,1.612359510654119310e+00,7.147849696016386645e+00,-0.000000000000000000e+00,2.510847753750098943e-01,8.128746206416399556e-01,2.593142179331156427e+00
4.515000000000000568e+01,0.000000000000000000e+00,1.599846997573707963e+00,7.107296781033892508e+00,-0.000000000000000000e+00,2.494175736454842529e-01,8.092452882687651838e-01,2.576747694045327108e+00
4.520000000000000284e+01,0.000000000000000000e+00,1.587417571308606057e+00,7.066924837110844848e+00,-0.000000000000000000e+00,2.477612907896814542e-01,8.056357606364829005e-01,2.560439994932014240e+00
4.525000000000000000e+01,0.000000000000000000e+00,1.575070687707125661e+00,7.026732876649159465e+00,-0.000000000000000000e+00,2.461158552066324001e-01,8.020459322904021082e-01,2.544218563015852475e+00
4.530000000000000426e+01,0.000000000000000000e+00,1.562805806185795232e+00,6.986719917307940619e+00,-0.000000000000000000e+00,2.444811957680304293e-01,7.984756983963464672e-01,2.528082882419882882e+00
4.535000000000000142e+01,0.000000000000000000e+00,1.550622389705819559e+00,6.946884981972619499e+00,-0.000000000000000000e+00,2.428572418150931334e-01,7.949249547366896707e-01,2.512032440346064543e+00
4.540000000000000568e+01,0.000000000000000000e+00,1.538519904749657385e+00,6.907227098724121106e+00,-0.000000000000000000e+00,2.412439231554406593e-01,7.913935977066984817e-01,2.496066727055858969e+00
4.545000000000000284e+01,0.000000000000000000e+00,1.526497821297794877e+00,6.867745300808389963e+00,-0.000000000000000000e+00,2.396411700599991867e-01,7.878815243109169586e-01,2.480185235850994818e+00
4.550000000000000000e+01,0.000000000000000000e+00,1.514555612805656537e+00,6.828438626605963790e+00,-0.000000000000000000e+00,2.380489132599240554e-01,7.843886321595583411e-01,2.464387463054319216e+00
4.555000000000000426e+01,0.000000000000000000e+00,1.502692756180658673e+00,6.789306119601811851e+00,-0.000000000000000000e+00,2.364670839435409344e-01,7.809148194649302432e-01,2.448672907990782299e+00
4.560000000000000142e+01,0.000000000000000000e+00,1.490908731759448713e+00,6.750346828355342943e+00,-0.000000000000000000e+00,2.348956137533125821e-01,7.774599850378811627e-01,2.433041072968560314e+00
4.565000000000000568e+01,0.000000000000000000e+00,1.479203023285247109e+00,6.711559806470462242e+00,-0.000000000000000000e+00,2.333344347828188170e-01,7.740240282842557606e-01,2.417491463260239115e+00
4.570000000000000284e+01,0.000000000000000000e+00,1.467575117885389524e+00,6.672944112566054464e+00,-0.000000000000000000e+00,2.317834795737637732e-01,7.706068492013982141e-01,2.402023587084208600e+00
4.575000000000000000e+01,0.000000000000000000e+00,1.456024506048980705e+00,6.634498810246387102e+00,-0.000000000000000000e+00,2.302426811129978657e-01,7.672083483746520161e-01,2.386636955586086906e+00
4.580000000000000426e+01,0.000000000000000000e+00,1.444550681604710674e+00,6.596222968071818293e+00,-0.000000000000000000e+00,2.287119728295614052e-01,7.638284269738955246e-01,2.371331082820309799e+00
4.585000000000000142e+01,0.000000000000000000e+00,1.433153141698838784e+00,6.558115659529700991e+00,-0.000000000000000000e+00,2.271912885917510005e-01,7.604669867501001601e-01,2.356105485731844418e+00
4.590000000000000568e+01,0.000000000000000000e+00,1.421831386773273032e+00,6.520175963005364395e+00,-0.000000000000000000e+00,2.256805627041984230e-01,7.571239300319034804e-01,2.340959684137977614e+00
4.595000000000000284e+01,0.000000000000000000e+00,1.410584920543852538e+00,6.482402961753351178e+00,-0.000000000000000000e+00,2.241797299049768932e-01,7.537991597222090112e-01,2.325893200710264175e+00
4.600000000000000000e+01,0.000000000000000000e+00,1.399413249978729956e+00,6.444795743868750648e+00,-0.000000000000000000e+00,2.226887253627204133e-01,7.504925792948033969e-01,2.310905560956552751e+00
4.605000000000000426e+01,0.000000000000000000e+00,1.388315885276927286e+00,6.407353402258785025e+00,-0.000000000000000000e+00,2.212074846737670519e-01,7.472040927910017505e-01,2.295996293203160121e+00
4.610000000000000142e+01,0.000000000000000000e+00,1.377292339847013602e+00,6.370075034614481879e+00,-0.000000000000000000e+00,2.197359438593174119e-01,7.439336048163059933e-01,2.281164928577127160e+00
4.615000000000000568e+01,0.000000000000000000e+00,1.366342130285931544e+00,6.332959743382544637e+00,-0.000000000000000000e+00,2.182740393626141917e-01,7.406810205370883970e-01,2.266411000988601820e+00
4.620000000000000284e+01,0.000000000000000000e+00,1.355464776357979906e+00,6.296006635737423807e+00,-0.000000000000000000e+00,2.168217080461418977e-01,7.374462456772978847e-01,2.251734047113346016e+00
4.625000000000000000e+01,0.000000000000000000e+00,1.344659800973895702e+00,6.259214823553497453e+00,-0.000000000000000000e+00,2.153788871888401013e-01,7.342291865151847619e-01,2.237133606375322437e+00
4.630000000000000426e+01,0.000000000000000000e+00,1.333926730170126307e+00,6.222583423377423983e+00,-0.000000000000000000e+00,2.139455144833422862e-01,7.310297498800423233e-01,2.222609220929419038e+00
4.635000000000000142e+01,0.000000000000000000e+00,1.323265093088198396e+00,6.186111556400718747e+00,-0.000000000000000000e+00,2.125215280332271306e-01,7.278478431489804334e-01,2.208160435644278774e+00
4.640000000000000568e+01,0.000000000000000000e+00,1.312674421954243664e+00,6.149798348432391926e+00,-0.000000000000000000e+00,2.111068663502917719e-01,7.246833742437051029e-01,2.193786798085219925e+00
4.645000000000000284e+01,0.000000000000000000e+00,1.302154252058653539e+00,6.113642929871836884e+00,-0.000000000000000000e+00,2.097014683518412803e-01,7.215362516273301496e-01,2.179487858497286101e+00
4.650000000000000000e+01,0.000000000000000000e+00,1.291704121735872235e+00,6.077644435681797574e+00,-0.000000000000000000e+00,2.083052733579972005e-01,7.184063843012001849e-01,2.165263169788385511e+00
4.655000000000000426e+01,0.000000000000000000e+00,1.281323572344324591e+00,6.041802005361566863e+00,-0.000000000000000000e+00,2.069182210890241347e-01,7.152936818017402443e-01,2.151112287512554122e+00
4.660000000000000142e+01,0.000000000000000000e+00,1.271012148246477347e+00,6.006114782920325190e+00,-0.000000000000000000e+00,2.055402516626741727e-01,7.121980541973241818e-01,2.137034769853320082e+00
4.665000000000000568e+01,0.000000000000000000e+00,1.260769396789021668e+00,5.970581916850585813e+00,-0.000000000000000000e+00,2.041713055915471975e-01,7.091194120851583849e-01,2.123030177607157398e+00
4.670000000000000284e+01,0.000000000000000000e+00,1.250594868283204653e+00,5.935202560101847880e+00,-0.000000000000000000e+00,2.028113237804717306e-01,7.060576665881891367e-01,2.109098074167064407e+00
4.675000000000000000e+01,0.000000000000000000e+00,1.240488115985281858e+00,5.899975870054380067e+00,-0.000000000000000000e+00,2.014602475239015700e-01,7.030127293520288534e-01,2.095238025506235946e+00
4.680000000000000426e+01,0.000000000000000000e+00,1.230448696077094839e+00,5.864901008493166756e+00,-0.000000000000000000e+00,2.001180185033292758e-01,6.999845125419008607e-01,2.081449600161838998e+00
4.685000000000000142e+01,0.000000000000000000e+00,1.220476167646795673e+00,5.829977141582009637e+00,-0.000000000000000000e+00,1.987845787847191681e-01,6.969729288396047107e-01,2.067732369218900246e+00
4.690000000000000568e+01,0.000000000000000000e+00,1.210570092669670084e+00,5.795203439837773196e+00,-0.000000000000000000e+00,1.974598708159540084e-01,6.939778914405000387e-01,2.054085906294278452e+00
4.695000000000000284e+01,0.000000000000000000e+00,1.200730035989123534e+00,5.760579078104753670e+00,-0.000000000000000000e+00,1.961438374243029137e-01,6.909993140505061859e-01,2.040509787520750073e+00
4.700000000000000000e+01,0.000000000000000000e+00,1.190955565297760810e+00,5.726103235529295787e+00,-0.000000000000000000e+00,1.948364218139020110e-01,6.880371108831306870e-01,2.027003591531204130e+00
4.705000000000000426e+01,0.000000000000000000e+00,1.181246251118610147e+00,5.691775095534373996e+00,-0.000000000000000000e+00,1.935375675632547976e-01,6.850911966564990907e-01,2.013566899442898794e+00
4.710000000000000142e+01,0.000000000000000000e+00,1.171601666786471707e+00,5.657593845794576914e+00,-0.000000000000000000e+00,1.922472186227484336e-01,6.821614865904273017e-01,2.000199294841880082e+00
4.715000000000000568e+01,0.000000000000000000e+00,1.162021388429373747e+00,5.623558678210954120e+00,-0.000000000000000000e+00,1.909653193121850223e-01,6.792478964034857070e-01,1.986900363767425404e+00
4.720000000000000284e+01,0.000000000000000000e+00,1.152504994950176664e+00,5.589668788886268835e+00,-0.000000000000000000e+00,1.896918143183325411e-01,6.763503423101063783e-01,1.973669694696655430e+00
4.725000000000000000e+01,0.000000000000000000e+00,1.143052068008275857e+00,5.555923378100207977e+00,-0.000000000000000000e+00,1.884266486924888462e-01,6.734687410176909417e-01,1.960506878529189922e+00
4.730000000000000426e+01,0.000000000000000000e+00,1.133662192001437363e+00,5.522321650284797379e+00,-0.000000000000000000e+00,1.871697678480636340e-01,6.706030097237426491e-01,1.947411508571918137e+00
4.735000000000000142e+01,0.000000000000000000e+00,1.124334954047757629e+00,5.488862814000039947e+00,-0.000000000000000000e+00,1.859211175581768072e-01,6.677530661130228751e-01,1.934383180523888690e+00
4.740000000000000568e+01,0.000000000000000000e+00,1.115069943967733623e+00,5.455546081909551148e+00,-0.000000000000000000e+00,1.846806439532720223e-01,6.649188283547142753e-01,1.921421492461254488e+00
4.745000000000000284e+01,0.000000000000000000e+00,1.105866754266453755e+00,5.422370670756451183e+00,-0.000000000000000000e+00,1.834482935187458086e-01,6.621002150996098123e-01,1.908526044822339784e+00
4.750000000000000000e+01,0.000000000000000000e+00,1.096724980115914461e+00,5.389335801339319332e+00,-0.000000000000000000e+00,1.822240130925940060e-01,6.592971454773145501e-01,1.895696440392787174e+00
4.755000000000000426e+01,0.000000000000000000e+00,1.087644219337442930e+00,5.356440698488338370e+00,-0.000000000000000000e+00,1.810077498630721649e-01,6.565095390934687636e-01,1.882932284290806058e+00
4.760000000000000142e+01,0.000000000000000000e+00,1.078624072384253063e+00,5.323684591041605962e+00,-0.000000000000000000e+00,1.797994513663738747e-01,6.537373160269916994e-01,1.870233183952528133e+00
4.765000000000000568e+01,0.000000000000000000e+00,1.069664142324086020e+00,5.291066711821450497e+00,-0.000000000000000000e+00,1.785990654843203074e-01,6.509803968273289998e-01,1.857598749117405745e+00
4.770000000000000284e+01,0.000000000000000000e+00,1.060764034822012203e+00,5.258586297611063998e+00,-0.000000000000000000e+00,1.774065404420715197e-01,6.482387025117358759e-01,1.845028591813772101e+00
4.775000000000000000e+01,0.000000000000000000e+00,1.051923358123302510e+00,5.226242589131105731e+00,-0.000000000000000000e+00,1.762218248058468606e-01,6.455121545625619461e-01,1.832522326344427688e+00
4.780000000000000426e+01,0.000000000000000000e+00,1.043141723036430601e+00,5.194034831016542064e+00,-0.000000000000000000e+00,1.750448674806630300e-01,6.428006749245608331e-01,1.820079569272350817e+00
4.785000000000000142e+01,0.000000000000000000e+00,1.034418742916209943e+00,5.161962271793639978e+00,-0.000000000000000000e+00,1.738756177080900411e-01,6.401041860022208541e-01,1.807699939406514966e+00
4.790000000000000568e+01,0.000000000000000000e+00,1.025754033646997465e+00,5.130024163856954367e+00,-0.000000000000000000e+00,1.727140250640163688e-01,6.374226106570980432e-01,1.795383057787737435e+00
4.795000000000000284e+01,0.000000000000000000e+00,1.017147213626049762e+00,5.098219763446627972e+00,-0.000000000000000000e+00,1.715600394564340825e-01,6.347558722051833691e-01,1.783128547674681874e+00
4.800000000000000000e+01,0.000000000000000000e+00,1.008597903746963009e+00,5.066548330625669117e+00,-0.000000000000000000e+00,1.704136111232356920e-01,6.321038944142716165e-01,1.770936034529898784e+00
4.805000000000000426e+01,0.000000000000000000e+00,1.000105727383240106e+00,5.035009129257476346e+00,-0.000000000000000000e+00,1.692746906300274246e-01,6.294666015013585803e-01,1.758805146005989251e+00
4.810000000000000142e+01,0.000000000000000000e+00,9.916703103719554102e-01,5.003601426983420808e+00,-0.000000000000000000e+00,1.681432288679561848e-01,6.268439181300469176e-01,1.746735511931832852e+00
4.815000000000000568e+01,0.000000000000000000e+00,9.832912809975282720e-01,4.972324495200564520e+00,-0.000000000000000000e+00,1.670191770515506435e-01,6.242357694079705421e-01,1.734726764298905266e+00
4.820000000000000284e+01,0.000000000000000000e+00,9.749682699756205828e-01,4.941177609039560714e+00,-0.000000000000000000e+00,1.659024867165789230e-01,6.216420808842377799e-01,1.722778537247700470e+00
4.825000000000000000e+01,0.000000000000000000e+00,9.667009104371100392e-01,4.910160047342611911e+00,-0.000000000000000000e+00,1.647931097179168303e-01,6.190627785468869604e-01,1.710890467054207997e+00
4.830000000000000426e+01,0.000000000000000000e+00,9.584888379122010749e-01,4.879271092641595864e+00,-0.000000000000000000e+00,1.636909982274338538e-01,6.164977888203592160e-01,1.699062192116499448e+00
4.835000000000000142e+01,0.000000000000000000e+00,9.503316903146230565e-01,4.848510031136328280e+00,-0.000000000000000000e+00,1.625961047318913721e-01,6.139470385629908211e-01,1.687293352941393598e+00
4.840000000000000568e+01,0.000000000000000000e+00,9.422291079259417224e-01,4.817876152672887713e+00,-0.000000000000000000e+00,1.615083820308560736e-01,6.114104550645129699e-01,1.675583592131192789e+00
4.845000000000000284e+01,0.000000000000000000e+00,9.341807333799632129e-01,4.787368750722154509e+00,-0.000000000000000000e+00,1.604277832346250043e-01,6.088879660435776442e-01,1.663932554370520123e+00
4.850000000000000000e+01,0.000000000000000000e+00,9.261862116472535655e-01,4.756987122358387943e+00,-0.000000000000000000e+00,1.593542617621669377e-01,6.063794996452902542e-01,1.652339886413223713e+00
4.855000000000000426e+01,0.000000000000000000e+00,9.182451900197595718e-01,4.726730568237998753e+00,-0.000000000000000000e+00,1.582877713390768715e-01,6.038849844387644827e-01,1.640805237069379530e+00
4.860000000000000142e+01,0.000000000000000000e+00,9.103573180955218946e-01,4.696598392578371417e+00,-0.000000000000000000e+00,1.572282659955429041e-01,6.014043494146854574e-01,1.629328257192353746e+00
4.865000000000000568e+01,0.000000000000000000e+00,9.025222477635008733e-01,4.666589903136892481e+00,-0.000000000000000000e+00,1.561757000643282933e-01,5.989375239828982345e-01,1.617908599665973668e+00
4.870000000000000284e+01,0.000000000000000000e+00,8.947396331884928111e-01,4.636704411189995767e+00,-0.000000000000000000e+00,1.551300281787652835e-01,5.964844379699986154e-01,1.606545919391745292e+00
4.875000000000000000e+01,0.000000000000000000e+00,8.870091307961627258e-01,4.606941231512454493e+00,-0.000000000000000000e+00,1.540912052707653634e-01,5.940450216169540498e-01,1.595239873276194986e+00
4.880000000000000426e+01,0.000000000000000000e+00,8.793303992581466000e-01,4.577299682356651189e+00,-0.000000000000000000e+00,1.530591865688374353e-01,5.916192055767243163e-01,1.583990120218236042e+00
4.885000000000000142e+01,0.000000000000000000e+00,8.717030994772867469e-01,4.547779085432083868e+00,-0.000000000000000000e+00,1.520339275961251901e-01,5.892069209119094042e-01,1.572796321096664229e+00
4.890000000000000568e+01,0.000000000000000000e+00,8.641268945729442263e-01,4.518378765884926374e+00,-0.000000000000000000e+00,1.510153841684540033e-01,5.868080990924051665e-01,1.561658138757703762e+00
4.895000000000000284e+01,0.000000000000000000e+00,8.566014498664085153e-01,4.489098052277731732e+00,-0.000000000000000000e+00,1.500035123923908198e-01,5.844226719930780689e-01,1.550575238002637191e+00
4.900000000000000000e+01,0.000000000000000000e+00,8.491264328664158700e-01,4.459936276569216318e+00,-0.000000000000000000e+00,1.489982686633191389e-01,5.820505718914487092e-01,1.539547285575511903e+00
4.905000000000000426e+01,0.000000000000000000e+00,8.417015132547468470e-01,4.430892774094209230e+00,-0.000000000000000000e+00,1.479996096635237679e-01,5.796917314653975417e-01,1.528573950150925675e+00
4.910000000000000142e+01,0.000000000000000000e+00,8.343263628719441716e-01,4.401966883543703801e+00,-0.000000000000000000e+00,1.470074923602926464e-01,5.773460837908808152e-01,1.517654902321897925e+00
4.915000000000000568e+01,0.000000000000000000e+00,8.270006557030915584e-01,4.373157946944956187e+00,-0.000000000000000000e+00,1.460218740040257202e-01,5.750135623396581686e-01,1.506789814587784715e+00
4.920000000000000284e+01,0.000000000000000000e+00,8.197240678637199851e-01,4.344465309641811324e+00,-0.000000000000000000e+00,1.450427121263619390e-01,5.726941009770414315e-01,1.495978361342312768e+00
4.925000000000000000e+01,0.000000000000000000e+00,8.124962775857826891e-01,4.315888320275049317e+00,-0.000000000000000000e+00,1.440699645383145822e-01,5.703876339596524181e-01,1.485220218861653674e+00
4.930000000000000426e+01,0.000000000000000000e+00,8.053169652037390769e-01,4.287426330762879267e+00,-0.000000000000000000e+00,1.431035893284217653e-01,5.680940959331960416e-01,1.474515065292589355e+00
4.935000000000000142e+01,0.000000000000000000e+00,7.981858131407207901e-01,4.259078696281553889e+00,-0.000000000000000000e+00,1.421435448609074115e-01,5.658134219302488610e-01,1.463862580640748812e+00
4.940000000000000568e+01,0.000000000000000000e+00,7.911025058947901423e-01,4.230844775246049849e+00,-0.000000000000000000e+00,1.411897897738550178e-01,5.635455473680587302e-01,1.453262446758907478e+00
4.945000000000000284e+01,0.000000000000000000e+00,7.840667300253080230e-01,4.202723929290947957e+00,-0.000000000000000000e+00,1.402422829773958823e-01,5.612904080463644307e-01,1.442714347335390945e+00
4.950000000000000000e+01,0.000000000000000000e+00,7.770781741393526509e-01,4.174715523251287586e+00,-0.000000000000000000e+00,1.393009836519039923e-01,5.590479401452183028e-01,1.432217967882498222e+00
4.955000000000000426e+01,0.000000000000000000e+00,7.701365288782680008e-01,4.146818925143656465e+00,-0.000000000000000000e+00,1.383658512462085377e-01,5.568180802228344106e-01,1.421772995725048006e+00
4.960000000000000142e+01,0.000000000000000000e+00,7.632414869042895011e-01,4.119033506147326662e+00,-0.000000000000000000e+00,1.374368454758164160e-01,5.546007652134429255e-01,1.411379119988976472e+00
4.965000000000000568e+01,0.000000000000000000e+00,7.563927428872376790e-01,4.091358640585496254e+00,-0.000000000000000000e+00,1.365139263211441745e-01,5.523959324251599412e-01,1.401036031589992792e+00
4.970000000000000284e+01,0.000000000000000000e+00,7.495899934913321516e-01,4.063793705906665110e+00,-0.000000000000000000e+00,1.355970540257658008e-01,5.502035195378722765e-01,1.390743423222332353e+00
4.975000000000000000e+01,0.000000000000000000e+00,7.428329373620677911e-01,4.036338082666075522e+00,-0.000000000000000000e+00,1.346861890946688400e-01,5.480234646011323818e-01,1.380500989347552832e+00
4.980000000000000426e+01,0.000000000000000000e+00,7.361212751131922527e-01,4.008991154507292265e+00,-0.000000000000000000e+00,1.337812922925242509e-01,5.458557060320684551e-01,1.370308426183419304e+00
4.985000000000000142e+01,0.000000000000000000e+00,7.294547093137662142e-01,3.981752308143899910e+00,-0.000000000000000000e+00,1.328823246419671145e-01,5.437001826133111004e-01,1.360165431692858196e+00
4.990000000000000568e+01,0.000000000000000000e+00,7.228329444752955579e-01,3.954620933341221001e+00,-0.000000000000000000e+00,1.319892474218868905e-01,5.415568334909230952e-01,1.350071705572952974e+00
4.995000000000000284e+01,0.000000000000000000e+00,7.162556870389837904e-01,3.927596422898274042e+00,-0.000000000000000000e+00,1.311020221657342721e-01,5.394255981723576898e-01,1.340026949244060406e+00
5.000000000000000000e+01,0.000000000000000000e+00,7.097226453630247622e-01,3.900678172629681306e+00,-0.000000000000000000e+00,1.302206106598326196e-01,5.373064165244123558e-01,1.330030865838932819e+00
5.005000000000000426e+01,0.000000000000000000e+00,7.032335297100097415e-01,3.873865581347782694e+00,-0.000000000000000000e+00,1.293449749417053263e-01,5.351992287712076246e-01,1.320083160191950489e+00
5.010000000000000142e+01,0.000000000000000000e+00,6.967880522344108707e-01,3.847158050844851296e+00,-0.000000000000000000e+00,1.284750772984132039e-01,5.331039754921783613e-01,1.310183538828418204e+00
5.015000000000000568e+01,0.000000000000000000e+00,6.903859269701414503e-01,3.820554985875311171e+00,-0.000000000000000000e+00,1.276108802649019713e-01,5.310205976200672584e-01,1.300331709953898462e+00
5.020000000000000284e+01,0.000000000000000000e+00,6.840268698182077056e-01,3.794055794138188720e+00,-0.000000000000000000e+00,1.267523466223622330e-01,5.289490364389455301e-01,1.290527383443651033e+00
5.025000000000000000e+01,0.000000000000000000e+00,6.777105985344286099e-01,3.767659886259541846e+00,-0.000000000000000000e+00,1.258994393965982839e-01,5.268892335822332740e-01,1.280770270832099822e+00
5.030000000000000426e+01,0.000000000000000000e+00,6.714368327172560713e-01,3.741366675775066764e+00,-0.000000000000000000e+00,1.250521218564106529e-01,5.248411310307399269e-01,1.271060085302394782e+00
5.035000000000000142e+01,0.000000000000000000e+00,6.652052937956571821e-01,3.715175579112793169e+00,-0.000000000000000000e+00,1.242103575119864883e-01,5.228046711107170452e-01,1.261396541676026883e+00
5.040000000000000568e+01,0.000000000000000000e+00,6.590157050170930564e-01,3.689086015575833155e+00,-0.000000000000000000e+00,1.233741101133035423e-01,5.207797964919187450e-01,1.251779356402504817e+00
5.045000000000000284e+01,0.000000000000000000e+00,6.528677914355603962e-01,3.663097407325249577e+00,-0.000000000000000000e+00,1.225433436485417055e-01,5.187664501856757981e-01,1.242208247549092537e+00
5.050000000000000000e+01,0.000000000000000000e+00,6.467612798997244283e-01,3.637209179363062095e+00,-0.000000000000000000e+00,1.217180223425072538e-01,5.167645755429881582e-01,1.232682934790627627e+00
5.055000000000000426e+01,0.000000000000000000e+00,6.406958990411291133e-01,3.611420759515268752e+00,-0.000000000000000000e+00,1.208981106550676005e-01,5.147741162526189296e-01,1.223203139399381634e+00
5.060000000000000142e+01,0.000000000000000000e+00,6.346713792624806283e-01,3.585731578415034537e+00,-0.000000000000000000e+00,1.200835732795952487e-01,5.127950163392100968e-01,1.213768584234999004e+00
5.065000000000000568e+01,0.000000000000000000e+00,6.286874527260093437e-01,3.560141069485935006e+00,-0.000000000000000000e+00,1.192743751414226949e-01,5.108272201614041386e-01,1.204378993734488423e+00
5.070000000000000284e+01,0.000000000000000000e+00,6.227438533419139555e-01,3.534648668925301607e+00,-0.000000000000000000e+00,1.184704813963081416e-01,5.088706724099802958e-01,1.195034093902282324e+00
5.075000000000000000e+01,0.000000000000000000e+00,6.168403167568765610e-01,3.509253815687665590e+00,-0.000000000000000000e+00,1.176718574289107866e-01,5.069253181060014990e-01,1.185733612300354789e+00
5.080000000000000426e+01,0.000000000000000000e+00,6.109765803426515651e-01,3.483955951468266754e+00,-0.000000000000000000e+00,1.168784688512757713e-01,5.049911025989715085e-01,1.176477278038392527e+00
5.085000000000000142e+01,0.000000000000000000e+00,6.051523831847455126e-01,3.458754520686731837e+00,-0.000000000000000000e+00,1.160902815013316186e-01,5.030679715650104855e-01,1.167264821764055771e+00
5.090000000000000568e+01,0.000000000000000000e+00,5.993674660711428848e-01,3.433648970470716044e+00,-0.000000000000000000e+00,1.153072614413932634e-01,5.011558710050307841e-01,1.158095975653250509e+00
5.095000000000000284e+01,0.000000000000000000e+00,5.936215714811419186e-01,3.408638750639770620e+00,-0.000000000000000000e+00,1.145293749566806407e-01,4.992547472429356148e-01,1.148970473400513725e+00
5.100000000000000000e+01,0.000000000000000000e+00,5.879144435742333918e-01,3.383723313689217083e+00,-0.000000000000000000e+00,1.137565885538419086e-01,4.973645469238235362e-01,1.139888050209421078e+00
5.105000000000000426e+01,0.000000000000000000e+00,5.822458281790704460e-01,3.358902114774108494e+00,-0.000000000000000000e+00,1.129888689594899659e-01,4.954852170122015509e-01,1.130848442783062291e+00
5.110000000000000142e+01,0.000000000000000000e+00,5.766154727825111292e-01,3.334174611693347501e+00,-0.000000000000000000e+00,1.122261831187477688e-01,4.936167047902172977e-01,1.121851389314592495e+00
5.115000000000000568e+01,0.000000000000000000e+00,5.710231265187190042e-01,3.309540264873798154e+00,-0.000000000000000000e+00,1.114684981938019875e-01,4.917589578558939634e-01,1.112896629477809096e+00
5.120000000000000284e+01,0.000000000000000000e+00,5.654685401583564586e-01,3.284998537354597570e+00,-0.000000000000000000e+00,1.107157815624686265e-01,4.899119241213859555e-01,1.103983904417827677e+00
5.125000000000000000e+01,0.000000000000000000e+00,5.599514660978308633e-01,3.260548894771432060e+00,-0.000000000000000000e+00,1.099680008167661788e-01,4.880755518112347424e-01,1.095112956741773447e+00
5.130000000000000426e+01,0.000000000000000000e+00,5.544716583486222206e-01,3.236190805340983356e+00,-0.000000000000000000e+00,1.092251237614991904e-01,4.862497894606427340e-01,1.086283530509557060e+00
5.135000000000000142e+01,0.000000000000000000e+00,5.490288725266871950e-01,3.211923739845477854e+00,-0.000000000000000000e+00,1.084871184128524957e-01,4.844345859137608179e-01,1.077495371224713061e+00
5.140000000000000568e+01,0.000000000000000000e+00,5.436228658419071103e-01,3.187747171617191455e+00,-0.000000000000000000e+00,1.077539529969905874e-01,4.826298903219733982e-01,1.068748225825251419e+00
5.145000000000000284e+01,0.000000000000000000e+00,5.382533970876440810e-01,3.163660576523244394e+00,-0.000000000000000000e+00,1.070255959486724751e-01,4.808356521422157970e-01,1.060041842674633195e+00
5.150000000000000000e+01,0.000000000000000000e+00,5.329202266303297852e-01,3.139663432950266841e+00,-0.000000000000000000e+00,1.063020159098699707e-01,4.790518211352785549e-01,1.051375971552731547e+00
5.155000000000000426e+01,0.000000000000000000e+00,5.276231163991478290e-01,3.115755221789285656e+00,-0.000000000000000000e+00,1.055831817283989504e-01,4.772783473641387109e-01,1.042750363646895329e+00
5.160000000000000142e+01,0.000000000000000000e+00,5.223618298757759515e-01,3.091935426420692856e+00,-0.000000000000000000e+00,1.048690624565585400e-01,4.755151811923000738e-01,1.034164771543061079e+00
5.165000000000000568e+01,0.000000000000000000e+00,5.171361320841866283e-01,3.068203532699194547e+00,-0.000000000000000000e+00,1.041596273497779196e-01,4.737622732821351601e-01,1.025618949216891895e+00
5.170000000000000284e+01,0.000000000000000000e+00,5.119457895805374914e-01,3.044559028938955692e+00,-0.000000000000000000e+00,1.034548458652754799e-01,4.720195745932464493e-01,1.017112652025007780e+00
5.175000000000000000e+01,0.000000000000000000e+00,5.067905704431039382e-01,3.021001405898759540e+00,-0.000000000000000000e+00,1.027546876607231680e-01,4.702870363808345222e-01,1.008645636696241965e+00
5.180000000000000426e+01,0.000000000000000000e+00,5.016702442622954505e-01,2.997530156767273191e+00,-0.000000000000000000e+00,1.020591225929224216e-01,4.685646101940769137e-01,1.000217661322966078e+00
5.185000000000000142e+01,0.000000000000000000e+00,4.965845821307317554e-01,2.974144777148394425e+00,-0.000000000000000000e+00,1.013681207164878056e-01,4.668522478745177895e-01,9.918284853524644840e-01
5.190000000000000568e+01,0.000000000000000000e+00,4.915333566333799920e-01,2.950844765046654938e+00,-0.000000000000000000e+00,1.006816522825388499e-01,4.651499015544660609e-01,9.834778695783537028e-01
5.195000000000000284e+01,0.000000000000000000e+00,4.865163418377712601e-01,2.927629620852756354e+00,-0.000000000000000000e+00,9.999968773740265660e-02,4.634575236554079325e-01,9.751655761320747740e-01
5.200000000000000000e+01,0.000000000000000000e+00,4.815333132842632424e-01,2.904498847329105349e+00,-0.000000000000000000e+00,9.932219772132257207e-02,4.617750668864228913e-01,9.668913684744079307e-01
5.205000000000000426e+01,0.000000000000000000e+00,4.765840479763802096e-01,2.881451949595516204e+00,-0.000000000000000000e+00,9.864915306717689236e-02,4.601024842426174599e-01,9.586550113870691003e-01
5.210000000000000142e+01,0.000000000000000000e+00,4.716683243712150864e-01,2.858488435114921788e+00,-0.000000000000000000e+00,9.798052479920645041e-02,4.584397290035625017e-01,9.504562709643380458e-01
5.215000000000000568e+01,0.000000000000000000e+00,4.667859223698886950e-01,2.835607813679197342e+00,-0.000000000000000000e+00,9.731628413174919778e-02,4.567867547317436827e-01,9.422949146047436830e-01
5.220000000000000284e+01,0.000000000000000000e+00,4.619366233080832163e-01,2.812809597395053096e+00,-0.000000000000000000e+00,9.665640246798536117e-02,4.551435152710214260e-01,9.341707110028049099e-01
5.225000000000000000e+01,0.000000000000000000e+00,4.571202099466195046e-01,2.790093300670004606e+00,-0.000000000000000000e+00,9.600085139868760886e-02,4.535099647451010796e-01,9.260834301408109592e-01
5.230000000000000426e+01,0.000000000000000000e+00,4.523364664621236098e-01,2.767458440198417691e+00,-0.000000000000000000e+00,9.534960270098422064e-02,4.518860575560105231e-01,9.180328432806662553e-01
5.235000000000000142e+01,0.000000000000000000e+00,4.475851784377262721e-01,2.744904534947628427e+00,-0.000000000000000000e+00,9.470262833712536632e-02,4.502717483825906530e-01,9.100187229557702429e-01
5.240000000000000568e+01,0.000000000000000000e+00,4.428661328538454622e-01,2.722431106144146185e+00,-0.000000000000000000e+00,9.405990045326173554e-02,4.486669921789936399e-01,9.020408429629592773e-01
5.245000000000000284e+01,0.000000000000000000e+00,4.381791180790202134e-01,2.700037677259916169e+00,-0.000000000000000000e+00,9.342139137822916273e-02,4.470717441731907327e-01,8.940989783544891489e-01
5.250000000000000000e+01,0.000000000000000000e+00,4.335239238608038503e-01,2.677723773998676560e+00,-0.000000000000000000e+00,9.278707362234131506e-02,4.454859598654906105e-01,8.861929054300710096e-01
5.255000000000000426e+01,0.000000000000000000e+00,4.289003413167236101e-01,2.655488924282365826e+00,-0.000000000000000000e+00,9.215691987619178960e-02,4.439095950270661728e-01,8.783224017289532615e-01
5.260000000000000142e+01,0.000000000000000000e+00,4.243081629252932196e-01,2.633332658237620638e+00,-0.000000000000000000e+00,9.153090300946234437e-02,4.423426056984903210e-01,8.704872460220517416e-01
5.265000000000000568e+01,0.000000000000000000e+00,4.197471825170912552e-01,2.611254508182352829e+00,-0.000000000000000000e+00,9.090899606974091329e-02,4.407849481882842313e-01,8.626872183041338626e-01
5.270000000000000284e+01,0.000000000000000000e+00,4.152171952658943455e-01,2.589254008612382307e+00,-0.000000000000000000e+00,9.029117228134615758e-02,4.392365790714716223e-01,8.549220997860427218e-01
5.275000000000000000e+01,0.000000000000000000e+00,4.107179976798677190e-01,2.567330696188131700e+00,-0.000000000000000000e+00,8.967740504415998293e-02,4.376974551881409048e-01,8.471916728869668400e-01
5.280000000000000426e+01,0.000000000000000000e+00,4.062493875928161469e-01,2.545484109721426691e+00,-0.000000000000000000e+00,8.906766793246821690e-02,4.361675336420223759e-01,8.394957212267647462e-01
5.285000000000000142e+01,0.000000000000000000e+00,4.018111641554986124e-01,2.523713790162354087e+00,-0.000000000000000000e+00,8.846193469380965457e-02,4.346467717990693536e-01,8.318340296183378557e-01
5.290000000000000568e+01,0.000000000000000000e+00,3.974031278269862244e-01,2.502019280586165184e+00,-0.000000000000000000e+00,8.786017924783083577e-02,4.331351272860500257e-01,8.242063840600344360e-01
5.295000000000000284e+01,0.000000000000000000e+00,3.930250803660883530e-01,2.480400126180289710e+00,-0.000000000000000000e+00,8.726237568514993992e-02,4.316325579891494013e-01,8.166125717281166319e-01
5.300000000000000000e+01,0.000000000000000000e+00,3.886768248228357203e-01,2.458855874231389294e+00,-0.000000000000000000e+00,8.666849826622850805e-02,4.301390220525777019e-01,8.090523809692651280e-01
5.305000000000000426e+01,0.000000000000000000e+00,3.843581655300095656e-01,2.437386074112485534e+00,-0.000000000000000000e+00,8.607852142024893793e-02,4.286544778771899655e-01,8.015256012931262219e-01
5.310000000000000142e+01,0.000000000000000000e+00,3.800689080947409759e-01,2.415990277270191555e+00,-0.000000000000000000e+00,8.549241974400161037e-02,4.271788841191153652e-01,7.940320233649184045e-01
5.315000000000000568e+01,0.000000000000000000e+00,3.758088593901509622e-01,2.394668037211925338e+00,-0.000000000000000000e+00,8.491016800077746951e-02,4.257121996883887483e-01,7.865714389980568155e-01
5.320000000000000284e+01,0.000000000000000000e+00,3.715778275470588699e-01,2.373418909493323792e+00,-0.000000000000000000e+00,8.433174111926931837e-02,4.242543837476032142e-01,7.791436411468604106e-01
5.325000000000000000e+01,0.000000000000000000e+00,3.673756219457366412e-01,2.352242451705577331e+00,-0.000000000000000000e+00,8.375711419248003942e-02,4.228053957105569749e-01,7.717484238992626810e-01
5.330000000000000426e+01,0.000000000000000000e+00,3.632020532077185893e-01,2.331138223462949632e+00,-0.000000000000000000e+00,8.318626247663718498e-02,4.213651952409211976e-01,7.643855824695966472e-01
5.335000000000000142e+01,0.000000000000000000e+00,3.590569331876736214e-01,2.310105786390296512e+00,-0.000000000000000000e+00,8.261916139011678262e-02,4.199337422509070716e-01,7.570549131914109386e-01
5.340000000000000568e+01,0.000000000000000000e+00,3.549400749653155995e-01,2.289144704110675832e+00,-0.000000000000000000e+00,8.205578651237169230e-02,4.185109968999491947e-01,7.497562135103267300e-01
5.345000000000000284e+01,0.000000000000000000e+00,3.508512928373869744e-01,2.268254542233029358e+00,-0.000000000000000000e+00,8.149611358287013607e-02,4.170969195933914575e-01,7.424892819769508545e-01
5.350000000000000000e+01,0.000000000000000000e+00,3.467904023096725630e-01,2.247434868339897918e+00,-0.000000000000000000e+00,8.094011850003773878e-02,4.156914709811844744e-01,7.352539182398107886e-01
5.355000000000000426e+01,0.000000000000000000e+00,3.427572200890868226e-01,2.226685251975251578e+00,-0.000000000000000000e+00,8.038777732020993549e-02,4.142946119565918961e-01,7.280499230383563614e-01
5.360000000000000142e+01,0.000000000000000000e+00,3.387515640758014812e-01,2.206005264632327822e+00,-0.000000000000000000e+00,7.983906625658931944e-02,4.129063036549004417e-01,7.208770981959826685e-01
5.365000000000000568e+01,0.000000000000000000e+00,3.347732533554265699e-01,2.185394479741578522e+00,-0.000000000000000000e+00,7.929396167821045616e-02,4.115265074521453625e-01,7.137352466131079431e-01
5.370000000000000284e+01,0.000000000000000000e+00,3.308221081912476325e-01,2.164852472658669313e+00,-0.000000000000000000e+00,7.875244010891169211e-02,4.101551849638382929e-01,7.066241722602911723e-01
5.375000000000000000e+01,0.000000000000000000e+00,3.268979500165083985e-01,2.144378820652523832e+00,-0.000000000000000000e+00,7.821447822631391600e-02,4.087922980437071474e-01,6.995436801713851294e-01
5.380000000000000426e+01,0.000000000000000000e+00,3.230006014267491898e-01,2.123973102893449649e+00,-0.000000000000000000e+00,7.768005286080559291e-02,4.074378087824402916e-01,6.924935764367370350e-01
5.385000000000000142e+01,0.000000000000000000e+00,3.191298861721909574e-01,2.103634900441321953e+00,-0.000000000000000000e+00,7.714914099453477891e-02,4.060916795064420937e-01,6.854736681964259670e-01
5.390000000000000568e+01,0.000000000000000000e+00,3.152856291501764385e-01,2.083363796233831167e+00,-0.000000000000000000e+00,7.662171976040864363e-02,4.047538727765963573e-01,6.784837636335460109e-01
5.395000000000000284e+01,0.000000000000000000e+00,3.114676563976528367e-01,2.063159375074786528e+00,-0.000000000000000000e+00,7.609776644109772503e-02,4.034243513870349740e-01,6.715236719675230503e-01
5.400000000000000000e+01,0.000000000000000000e+00,3.076757950837110123e-01,2.043021223622481397e+00,-0.000000000000000000e+00,7.557725846804919101e-02,4.021030783639181205e-01,6.645932034474758554e-01
5.405000000000000426e+01,0.000000000000000000e+00,3.039098735021711906e-01,2.022948930378132282e+00,-0.000000000000000000e+00,7.506017342050472219e-02,4.007900169642198418e-01,6.576921693456186935e-01
5.410000000000000142e+01,0.000000000000000000e+00,3.001697210642156888e-01,2.002942085674355166e+00,-0.000000000000000000e+00,7.454648902452566672e-02,3.994851306745215713e-01,6.508203819506965804e-01
5.415000000000000568e+01,0.000000000000000000e+00,2.964551682910740449e-01,1.983000281663723552e+00,-0.000000000000000000e+00,7.403618315202496747e-02,3.981883832098154219e-01,6.439776545614679382e-01
5.420000000000000284e+01,0.000000000000000000e+00,2.927660468067547761e-01,1.963123112307376239e+00,-0.000000000000000000e+00,7.352923381980523698e-02,3.968997385123136379e-01,6.371638014802214478e-01
5.425000000000000000e+01,0.000000000000000000e+00,2.891021893308229340e-01,1.943310173363692162e+00,-0.000000000000000000e+00,7.302561918860277224e-02,3.956191607502671514e-01,6.303786380063345351e-01
5.430000000000000426e+01,0.000000000000000000e+00,2.854634296712278418e-01,1.923561062376999198e+00,-0.000000000000000000e+00,7.252531756213864700e-02,3.943466143167883575e-01,6.236219804298637204e-01
5.435000000000000142e+01,0.000000000000000000e+00,2.818496027171792928e-01,1.903875378666378682e+00,-0.000000000000000000e+00,7.202830738617592432e-02,3.930820638286861568e-01,6.168936460251843723e-01
5.440000000000000568e+01,0.000000000000000000e+00,2.782605444320654930e-01,1.884252723314509215e+00,-0.000000000000000000e+00,7.153456724758253116e-02,3.918254741253070494e-01,6.101934530446599947e-01
5.445000000000000284e+01,0.000000000000000000e+00,2.746960918464242951e-01,1.864692699156547340e+00,-0.000000000000000000e+00,7.104407587340134944e-02,3.905768102673791153e-01,6.035212207123490380e-01
5.450000000000000000e+01,0.000000000000000000e+00,2.711560830509572861e-01,1.845194910769119678e+00,-0.000000000000000000e+00,7.055681212992602480e-02,3.893360375358735914e-01,5.968767692177585626e-01
5.455000000000000426e+01,0.000000000000000000e+00,2.676403571895856759e-01,1.825758964459305078e+00,-0.000000000000000000e+00,7.007275502178195170e-02,3.881031214308628408e-01,5.902599197096191075e-01
5.460000000000000142e+01,0.000000000000000000e+00,2.641487544525649711e-01,1.806384468253744213e+00,-0.000000000000000000e+00,6.959188369101576566e-02,3.868780276703941423e-01,5.836704942897185111e-01
5.465000000000000568e+01,0.000000000000000000e+00,2.606811160696276830e-01,1.787071031887730088e+00,-0.000000000000000000e+00,6.911417741618793020e-02,3.856607221893647575e-01,5.771083160067463913e-01
5.470000000000000284e+01,0.000000000000000000e+00,2.572372843031858758e-01,1.767818266794426219e+00,-0.000000000000000000e+00,6.863961561147366441e-02,3.844511711384098196e-01,5.705732088501994648e-01
5.475000000000000000e+01,0.000000000000000000e+00,2.538171024415713517e-01,1.748625786094088141e+00,-0.000000000000000000e+00,6.816817782576878315e-02,3.832493408827922221e-01,5.640649977443077390e-01
5.480000000000000426e+01,0.000000000000000000e+00,2.504204147923202450e-01,1.729493204583359978e+00,-0.000000000000000000e+00,6.769984374180162967e-02,3.820551980013039417e-01,5.575835085420001169e-01
5.485000000000000142e+01,0.000000000000000000e+00,2.470470666755075206e-01,1.710420138724650263e+00,-0.000000000000000000e+00,6.723459317525121159e-02,3.808687092851737455e-01,5.511285680189162983e-01
5.490000000000000568e+01,0.000000000000000000e+00,2.436969044171150289e-01,1.691406206635493570e+00,-0.000000000000000000e+00,6.677240607387026350e-02,3.796898417369783396e-01,5.447000038674308930e-01
5.495000000000000284e+01,0.000000000000000000e+00,2.403697753424572370e-01,1.672451028078055790e+00,-0.000000000000000000e+00,6.631326251661585902e-02,3.785185625695667855e-01,5.382976446907425938e-01
5.500000000000000000e+01,0.000000000000000000e+00,2.370655277696356311e-01,1.653554224448610777e+00,-0.000000000000000000e+00,6.585714271278365894e-02,3.773548392049861921e-01,5.319213199969705652e-01
5.505000000000000426e+01,0.000000000000000000e+00,2.337840110030470486e-01,1.634715418767119566e+00,-0.000000000000000000e+00,6.540402700114973655e-02,3.761986392734177342e-01,5.255708601933034574e-01
5.510000000000000142e+01,0.000000000000000000e+00,2.305250753269318387e-01,1.615934235666876440e+00,-0.000000000000000000e+00,6.495389584911714920e-02,3.750499306121219401e-01,5.192460965801850570e-01
5.515000000000000568e+01,0.000000000000000000e+00,2.272885719989593267e-01,1.597210301384127673e+00,-0.000000000000000000e+00,6.450672985186799158e-02,3.739086812643824254e-01,5.129468613455115955e-01
5.520000000000000284e+01,0.000000000000000000e+00,2.240743532438660701e-01,1.578543243747852820e+00,-0.000000000000000000e+00,6.406250973152237405e-02,3.727748594784674463e-01,5.066729875588962262e-01
5.525000000000000000e+01,0.000000000000000000e+00,2.208822722471251720e-01,1.559932692169498702e+00,-0.000000000000000000e+00,6.362121633630136996e-02,3.716484337065896759e-01,5.004243091659372755e-01
5.530000000000000426e+01,0.000000000000000000e+00,2.177121831486615589e-01,1.541378277632820648e+00,-0.000000000000000000e+00,6.318283063969594437e-02,3.705293726038759727e-01,4.942006609825359553e-01
5.535000000000000142e+01,0.000000000000000000e+00,2.145639410366146638e-01,1.522879632683784124e+00,-0.000000000000000000e+00,6.274733373964276606e-02,3.694176450273471413e-01,4.880018786892533766e-01
5.540000000000000568e+01,0.000000000000000000e+00,2.114374019411303374e-01,1.504436391420460373e+00,-0.000000000000000000e+00,6.231470685770353068e-02,3.683132200348989693e-01,4.818277988256802757e-01
5.545000000000000284e+01,0.000000000000000000e+00,2.083324228282041612e-01,1.486048189483040627e+00,-0.000000000000000000e+00,6.188493133825079262e-02,3.672160668842932019e-01,4.756782587848622512e-01
5.550000000000000000e+01,0.000000000000000000e+00,2.052488615935583183e-01,1.467714664043836104e+00,-0.000000000000000000e+00,6.145798864765913971e-02,3.661261550321533997e-01,4.695530968077381573e-01
5.555000000000000426e+01,0.000000000000000000e+00,2.021865770565642317e-01,1.449435453797383699e+00,-0.000000000000000000e+00,6.103386037350169713e-02,3.650434541329695692e-01,4.634521519776280130e-01
5.560000000000000142e+01,0.000000000000000000e+00,1.991454289542014533e-01,1.431210198950576551e+00,-0.000000000000000000e+00,6.061252822375179372e-02,3.639679340381095640e-01,4.573752642147448366e-01
5.565000000000000568e+01,0.000000000000000000e+00,1.961252779350551312e-01,1.413038541212822130e+00,-0.000000000000000000e+00,6.019397402598963831e-02,3.628995647948325964e-01,4.513222742707331259e-01
5.570000000000000284e+01,0.000000000000000000e+00,1.931259855533615510e-01,1.394920123786303368e+00,-0.000000000000000000e+00,5.977817972661561563e-02,3.618383166453147948e-01,4.452930237232566313e-01
5.575000000000000000e+01,0.000000000000000000e+00,1.901474142630786013e-01,1.376854591356233115e+00,-0.000000000000000000e+00,5.936512739006649664e-02,3.607841600256794234e-01,4.392873549705975655e-01
5.580000000000000426e+01,0.000000000000000000e+00,1.871894274120107227e-01,1.358841590081192319e+00,-0.000000000000000000e+00,5.895479919803948976e-02,3.597370655650311555e-01,4.333051112263034410e-01
5.585000000000000142e+01,0.000000000000000000e+00,1.842518892359605864e-01,1.340880767583500166e+00,-0.000000000000000000e+00,5.854717744871922036e-02,3.586970040844997820e-01,4.273461365138553347e-01
5.590000000000000568e+01,0.000000000000000000e+00,1.813346648529255145e-01,1.322971772939642410e+00,-0.000000000000000000e+00,5.814224455601104541e-02,3.576639465962900277e-01,4.214102756613733458e-01
5.595000000000000284e+01,0.000000000000000000e+00,1.784376202573318138e-01,1.305114256670734552e+00,-0.000000000000000000e+00,5.773998304877957927e-02,3.566378643027351969e-01,4.154973742963495309e-01
5.600000000000000000e+01,0.000000000000000000e+00,1.755606223143018896e-01,1.287307870733036985e+00,-0.000000000000000000e+00,5.734037557009086239e-02,3.556187285953597010e-01,4.096072788404102050e-01
5.605000000000000426e+01,0.000000000000000000e+00,1.727035387539676836e-01,1.269552268508535864e+00,-0.000000000000000000e+00,5.694340487646169791e-02,3.546065110539493026e-01,4.037398365041178216e-01
5.610000000000000142e+01,0.000000000000000000e+00,1.698662381658130605e-01,1.251847104795527965e+00,-0.000000000000000000e+00,5.654905383711181233e-02,3.536011834456200265e-01,3.978948952817885076e-01
5.615000000000000568e+01,0.000000000000000000e+00,1.670485899930601592e-01,1.234192035799297926e+00,-0.000000000000000000e+00,5.615730543322287882e-02,3.526027177239041688e-01,3.920723039463545612e-01
5.620000000000000284e+01,0.000000000000000000e+00,1.642504645270876640e-01,1.216586719122811910e+00,-0.000000000000000000e+00,5.576814275720098912e-02,3.516110860278341410e-01,3.862719120442468235e-01
5.625000000000000000e+01,0.000000000000000000e+00,1.614717329018888203e-01,1.199030813757464120e+00,-0.000000000000000000e+00,5.538154901194463492e-02,3.506262606810351956e-01,3.804935698903104679e-01
5.630000000000000426e+01,0.000000000000000000e+00,1.587122670885635078e-01,1.181523980073868829e+00,-0.000000000000000000e+00,5.499750751011749789e-02,3.496482141908248131e-01,3.747371285627489890e-01
5.635000000000000142e+01,0.000000000000000000e+00,1.559719398898513909e-01,1.164065879812704152e+00,-0.000000000000000000e+00,5.461600167342656187e-02,3.486769192473176959e-01,3.690024398981017195e-01
5.640000000000000568e+01,0.000000000000000000e+00,1.532506249346946570e-01,1.146656176075590894e+00,-0.000000000000000000e+00,5.423701503190395123e-02,3.477123487225368681e-01,3.632893564862450519e-01
5.645000000000000284e+01,0.000000000000000000e+00,1.505481966728400844e-01,1.129294533316019145e+00,-0.000000000000000000e+00,5.386053122319403585e-02,3.467544756695303265e-01,3.575977316654248561e-01
5.650000000000000000e+01,0.000000000000000000e+00,1.478645303694781366e-01,1.111980617330323273e+00,-0.000000000000000000e+00,5.348653399184605944e-02,3.458032733214950194e-01,3.519274195173198727e-01
5.655000000000000426e+01,0.000000000000000000e+00,1.451995020999121144e-01,1.094714095248679131e+00,-0.000000000000000000e+00,5.311500718860991122e-02,3.448587150909028232e-01,3.462782748621258122e-01
5.660000000000000142e+01,0.000000000000000000e+00,1.425529887442689436e-01,1.077494635526191180e+00,-0.000000000000000000e+00,5.274593476973778866e-02,3.439207745686385653e-01,3.406501532536822530e-01
5.665000000000000568e+01,0.000000000000000000e+00,1.399248679822393537e-01,1.060321907933967855e+00,-0.000000000000000000e+00,5.237930079629037755e-02,3.429894255231404898e-01,3.350429109746116407e-01
5.670000000000000284e+01,0.000000000000000000e+00,1.373150182878540293e-01,1.043195583550275973e+00,-0.000000000000000000e+00,5.201508943344625158e-02,3.420646418995440530e-01,3.294564050314959802e-01
5.675000000000000000e+01,0.000000000000000000e+00,1.347233189242984797e-01,1.026115334751730668e+00,-0.000000000000000000e+00,5.165328494981862029e-02,3.411463978188372659e-01,3.238904931500818929e-01
5.680000000000000426e+01,0.000000000000000000e+00,1.321496499387524726e-01,1.009080835204507087e+00,-0.000000000000000000e+00,5.129387171677301377e-02,3.402346675770164808e-01,3.183450337705029942e-01
5.685000000000000142e+01,0.000000000000000000e+00,1.295938921572767633e-01,9.920917598556406869e-01,-0.000000000000000000e+00,5.093683420775334952e-02,3.393294256442524470e-01,3.128198860425485672e-01
5.690000000000000568e+01,0.000000000000000000e+00,1.270559271797183365e-01,9.751477849243003204e-01,-0.000000000000000000e+00,5.058215699760888057e-02,3.384306466640571442e-01,3.073149098209342345e-01
5.695000000000000284e+01,0.000000000000000000e+00,1.245356373746635686e-01,9.582485878931854550e-01,-0.000000000000000000e+00,5.022982476192847101e-02,3.375383054524626059e-01,3.018299656606281411e-01
5.700000000000000000e+01,0.000000000000000000e+00,1.220329058744125950e-01,9.413938474998815309e-01,-0.000000000000000000e+00,4.987982227637721699e-02,3.366523769971982438e-01,2.963649148121766941e-01
5.705000000000000426e+01,0.000000000000000000e+00,1.195476165699938670e-01,9.245832437283102445e-01,-0.000000000000000000e+00,4.953213441603856321e-02,3.357728364568783874e-01,2.909196192170744877e-01
5.710000000000000142e+01,0.000000000000000000e+00,1.170796541062122664e-01,9.078164578002256846e-01,-0.000000000000000000e+00,4.918674615476107542e-02,3.348996591601968720e-01,2.854939415031625405e-01
5.715000000000000568e+01,0.000000000000000000e+00,1.146289038767212692e-01,8.910931721666907057e-01,-0.000000000000000000e+00,4.884364256450787756e-02,3.340328206051209614e-01,2.800877449800333041e-01
5.720000000000000284e+01,0.000000000000000000e+00,1.121952520191406982e-01,8.744130704996722070e-01,-0.000000000000000000e+00,4.850280881471309702e-02,3.331722964580966506e-01,2.747008936344884078e-01
5.725000000000000000e+01,0.000000000000000000e+00,1.097785854101916425e-01,8.577758376836044363e-01,-0.000000000000000000e+00,4.816423017163920517e-02,3.323180625532567989e-01,2.693332521259969026e-01
5.730000000000000426e+01,0.000000000000000000e+00,1.073787916608766879e-01,8.411811598070501050e-01,-0.000000000000000000e+00,4.782789199774186567e-02,3.314700948916361467e-01,2.639846857822008563e-01
5.735000000000000142e+01,0.000000000000000000e+00,1.049957591116838368e-01,8.246287241543617252e-01,-0.000000000000000000e+00,4.749377975103688532e-02,3.306283696403895522e-01,2.586550605944323289e-01
5.740000000000000568e+01,0.000000000000000000e+00,1.026293768278231516e-01,8.081182191973879103e-01,-0.000000000000000000e+00,4.716187898447196658e-02,3.297928631320170001e-01,2.533442432132585465e-01
5.745000000000000284e+01,0.000000000000000000e+00,1.002795345944986621e-01,7.916493345872517295e-01,-0.000000000000000000e+00,4.683217534530291493e-02,3.289635518635954936e-01,2.480521009440622704e-01
5.750000000000000000e+01,0.000000000000000000e+00,9.794612291220552991e-02,7.752217611461061919e-01,-0.000000000000000000e+00,4.650465457447373885e-02,3.281404124960123903e-01,2.427785017426293268e-01
5.755000000000000426e+01,0.000000000000000000e+00,9.562903299206322594e-02,7.588351908589932027e-01,-0.000000000000000000e+00,4.617930250600078834e-02,3.273234218532097839e-01,2.375233142107799067e-01
5.760000000000000142e+01,0.000000000000000000e+00,9.332815675117596410e-02,7.424893168656910847e-01,-0.000000000000000000e+00,4.585610506636096650e-02,3.265125569214272216e-01,2.322864075920107463e-01
5.765000000000000568e+01,0.000000000000000000e+00,9.104338680802506745e-02,7.261838334526257155e-01,-0.000000000000000000e+00,4.553504827388406284e-02,3.257077948484555230e-01,2.270676517671689765e-01
5.770000000000000284e+01,0.000000000000000000e+00,8.877461647789246235e-02,7.099184360448123066e-01,-0.000000000000000000e+00,4.521611823814947195e-02,3.249091129428928748e-01,2.218669172501493148e-01
5.775000000000000000e+01,0.000000000000000000e+00,8.652173976831084579e-02,6.936928211978250491e-01,-0.000000000000000000e+00,4.489930115938593064e-02,3.241164886734070882e-01,2.166840751836116852e-01
5.780000000000000426e+01,0.000000000000000000e+00,8.428465137454922707e-02,6.775066865898238255e-01,-0.000000000000000000e+00,4.458458332787662570e-02,3.233298996680024073e-01,2.115189973347305630e-01
5.785000000000000142e+01,0.000000000000000000e+00,8.206324667512250592e-02,6.613597310135996832e-01,-0.000000000000000000e+00,4.427195112336677202e-02,3.225493237132928126e-01,2.063715560909611668e-01
5.790000000000000568e+01,0.000000000000000000e+00,7.985742172733437116e-02,6.452516543686617201e-01,-0.000000000000000000e+00,4.396139101447630454e-02,3.217747387537783776e-01,2.012416244558326017e-01
5.795000000000000284e+01,0.000000000000000000e+00,7.766707326284803814e-02,6.291821576533606075e-01,-0.000000000000000000e+00,4.365288955811592875e-02,3.210061228911277875e-01,1.961290760447641779e-01
5.800000000000000000e+01,0.000000000000000000e+00,7.549209868328554673e-02,6.131509429570531911e-01,-0.000000000000000000e+00,4.334643339890661973e-02,3.202434543834674630e-01,1.910337850809060711e-01
5.805000000000000426e+01,0.000000000000000000e+00,7.333239605585713250e-02,5.971577134522872976e-01,-0.000000000000000000e+00,4.304200926860413806e-02,3.194867116446733490e-01,1.859556263910003837e-01
5.810000000000000142e+01,0.000000000000000000e+00,7.118786410901911665e-02,5.812021733870412765e-01,-0.000000000000000000e+00,4.273960398552614087e-02,3.187358732436670339e-01,1.808944754012698775e-01
5.815000000000000568e+01,0.000000000000000000e+00,6.905840222815962104e-02,5.652840280769870773e-01,-0.000000000000000000e+00,4.243920445398381702e-02,3.179909179037219702e-01,1.758502081333265799e-01
5.820000000000000284e+01,0.000000000000000000e+00,6.694391045131314888e-02,5.494029838977870783e-01,-0.000000000000000000e+00,4.214079766371704727e-02,3.172518245017683092e-01,1.708227012001033440e-01
5.825000000000000000e+01,0.000000000000000000e+00,6.484428946490346235e-02,5.335587482774317714e-01,-0.000000000000000000e+00,4.184437068933335307e-02,3.165185720677060055e-01,1.658118318018096671e-01
5.830000000000000426e+01,0.000000000000000000e+00,6.275944059951296672e-02,5.177510296885984298e-01,-0.000000000000000000e+00,4.154991068975047441e-02,3.157911397837228074e-01,1.608174777219060769e-01
5.835000000000000142e+01,0.000000000000000000e+00,6.068926582568342359e-02,5.019795376410776111e-01,-0.000000000000000000e+00,4.125740490764271545e-02,3.150695069836174089e-01,1.558395173231111042e-01
5.840000000000000568e+01,0.000000000000000000e+00,5.863366774973886170e-02,4.862439826741777882e-01,-0.000000000000000000e+00,4.096684066889091924e-02,3.143536531521246569e-01,1.508778295434138883e-01
5.845000000000000284e+01,0.000000000000000000e+00,5.659254960964158615e-02,4.705440763492202971e-01,-0.000000000000000000e+00,4.067820538203630043e-02,3.136435579242495275e-01,1.459322938921258639e-01
5.850000000000000000e+01,0.000000000000000000e+00,5.456581527087148165e-02,4.548795312420334525e-01,-0.000000000000000000e+00,4.039148653773746295e-02,3.129392010846035466e-01,1.410027904459441039e-01
5.855000000000000426e+01,0.000000000000000000e+00,5.255336922233282138e-02,4.392500609354789143e-01,-0.000000000000000000e+00,4.010667170823125488e-02,3.122405625667448725e-01,1.360891998450361462e-01
5.860000000000000142e+01,0.000000000000000000e+00,5.055511657229168343e-02,4.236553800120461122e-01,-0.000000000000000000e+00,3.982374854679762710e-02,3.115476224525275950e-01,1.311914032891573767e-01
5.865000000000000568e+01,0.000000000000000000e+00,4.857096304433303202e-02,4.080952040464215225e-01,-0.000000000000000000e+00,3.954270478722692744e-02,3.108603609714508109e-01,1.263092825337718828e-01
5.870000000000000284e+01,0.000000000000000000e+00,4.660081497335247236e-02,3.925692495981544239e-01,-0.000000000000000000e+00,3.926352824329189944e-02,3.101787585000153058e-01,1.214427198862148422e-01
5.875000000000000000e+01,0.000000000000000000e+00,4.464457930156701115e-02,3.770772342042958414e-01,-0.000000000000000000e+00,3.898620680822244972e-02,3.095027955610838433e-01,1.165915982018574659e-01
5.880000000000000426e+01,0.000000000000000000e+00,4.270216357455655642e-02,3.616188763721073784e-01,-0.000000000000000000e+00,3.871072845418412761e-02,3.088324528232463950e-01,1.117558008803051228e-01
5.885000000000000142e+01,0.000000000000000000e+00,4.077347593733154224e-02,3.461938955718038557e-01,-0.000000000000000000e+00,3.843708123176017150e-02,3.081677111001907554e-01,1.069352118616167385e-01
5.890000000000000568e+01,0.000000000000000000e+00,3.885842513042173790e-02,3.308020122292854026e-01,-0.000000000000000000e+00,3.816525326943671914e-02,3.075085513500767087e-01,1.021297156225322161e-01
5.895000000000000284e+01,0.000000000000000000e+00,3.695692048599751034e-02,3.154429477189596986e-01,-0.000000000000000000e+00,3.789523277309167493e-02,3.068549546749131940e-01,9.733919717273867289e-02
5.900000000000000000e+01,0.000000000000000000e+00,3.506887192400979375e-02,3.001164243565400680e-01,-0.000000000000000000e+00,3.762700802548679668e-02,3.062069023199452400e-01,9.256354205113991040e-02
5.905000000000000426e+01,0.000000000000000000e+00,3.319418994835959813e-02,2.848221653919088547e-01,-0.000000000000000000e+00,3.736056738576286340e-02,3.055643756730397342e-01,8.780263632215701275e-02
5.910000000000000142e+01,0.000000000000000000e+00,3.133278564309358721e-02,2.695598950020147155e-01,-0.000000000000000000e+00,3.709589928893931854e-02,3.049273562640799629e-01,8.305636657205046902e-02
5.915000000000000568e+01,0.000000000000000000e+00,2.948457066861883899e-02,2.543293382837579775e-01,-0.000000000000000000e+00,3.683299224541562028e-02,3.042958257643609832e-01,7.832461990524891560e-02
5.920000000000000284e+01,0.000000000000000000e+00,2.764945725795015657e-02,2.391302212469666733e-01,-0.000000000000000000e+00,3.657183484047714372e-02,3.036697659859918796e-01,7.360728394071675007e-02
5.925000000000000000e+01,0.000000000000000000e+00,2.582735821297462570e-02,2.239622708073427948e-01,-0.000000000000000000e+00,3.631241573380377535e-02,3.030491588813035153e-01,6.890424680832300808e-02
5.930000000000000426e+01,0.000000000000000000e+00,2.401818690074633209e-02,2.088252147794854574e-01,-0.000000000000000000e+00,3.605472365898163001e-02,3.024339865422565610e-01,6.421539714524453213e-02
5.935000000000000142e+01,0.000000000000000000e+00,2.222185724980277333e-02,1.937187818699178943e-01,-0.000000000000000000e+00,3.579874742301884100e-02,3.018242311998591276e-01,5.954062409238086023e-02
5.940000000000000568e+01,0.000000000000000000e+00,2.043828374650450211e-02,1.786427016701403747e-01,-0.000000000000000000e+00,3.554447590586340411e-02,3.012198752235832888e-01,5.487981729078734300e-02
5.945000000000000284e+01,0.000000000000000000e+00,1.866738143140275058e-02,1.635967046497437682e-01,-0.000000000000000000e+00,3.529189805992513640e-02,3.006209011207908177e-01,5.023286687813731388e-02
5.950000000000000000e+01,0.000000000000000000e+00,1.690906589562498827e-02,1.485805221495022921e-01,-0.000000000000000000e+00,3.504100290960009134e-02,3.000272915361613668e-01,4.559966348518806889e-02
5.955000000000000426e+01,0.000000000000000000e+00,1.516325327729006224e-02,1.335938863745428085e-01,-0.000000000000000000e+00,3.479177955079885282e-02,2.994390292511244778e-01,4.098009823228073584e-02
5.960000000000000142e+01,0.000000000000000000e+00,1.342986025794291188e-02,1.186365303875111382e-01,-0.000000000000000000e+00,3.454421715047729935e-02,2.988560971832943114e-01,3.637406272584924050e-02
5.965000000000000568e+01,0.000000000000000000e+00,1.170880405901428625e-02,1.037081881017801605e-01,-0.000000000000000000e+00,3.429830494617081005e-02,2.982784783859146471e-01,3.178144905495218497e-02
5.970000000000000284e+01,0.000000000000000000e+00,1.000000243830356447e-02,8.880859427468290601e-02,-0.000000000000000000e+00,3.405403224553154445e-02,2.977061560473004964e-01,2.720214978782251047e-02
5.975000000000000000e+01,0.000000000000000000e+00,8.303373686483454461e-03,7.393748450076580159e-02,-0.000000000000000000e+00,3.381138842586838694e-02,2.971391134902901521e-01,2.263605796843317849e-02
5.980000000000000426e+01,0.000000000000000000e+00,6.618836623630061991e-03,5.909459520508713454e-02,-0.000000000000000000e+00,3.357036293369082547e-02,2.965773341716961276e-01,1.808306711308681550e-02
5.985000000000000142e+01,0.000000000000000000e+00,4.946310595773207447e-03,4.427966363652487136e-02,-0.000000000000000000e+00,3.333094528425485648e-02,2.960208016817660326e-01,1.354307120701782156e-02
5.990000000000000568e+01,0.000000000000000000e+00,3.285715471470640556e-03,2.949242786111989229e-02,-0.000000000000000000e+00,3.309312506111240781e-02,2.954694997436433934e-01,9.015964701015294000e-03
5.995000000000000284e+01,0.000000000000000000e+00,1.636971638404447664e-03,1.473262675544457535e-02,-0.000000000000000000e+00,3.285689191566358580e-02,2.949234122128331359e-01,4.501642508063367562e-03
6.000000000000000000e+01,0.000000000000000000e+00,0.000000000000000000e+00,0.000000000000000000e+00,-0.000000000000000000e+00,3.262223556671223906e-02,2.943825230766721757e-01,0.000000000000000000e+00
