time,q500,q750,q1000,v500,v750,v1000,mean_inventory
0.000000000000000000e+00,5.000000000000000000e+02,7.500000000000000000e+02,1.000000000000000000e+03,7.940620699451658027e+01,9.994830162789648398e+01,1.203619563765629437e+02,7.500000000000000000e+02
5.000000000000000278e-02,4.960442179631889417e+02,7.450192093367364805e+02,9.940005918447573094e+02,7.882575052203719679e+01,9.928406303708582925e+01,1.196151603249991240e+02,7.450208071203547888e+02
1.000000000000000056e-01,4.921173575699975800e+02,7.400715201279000439e+02,9.880384051702501438e+02,7.824933672325316536e+01,9.862423855624528812e+01,1.188730921148068376e+02,7.400747007490119813e+02
1.500000000000000222e-01,4.882192173642721400e+02,7.351567124005600817e+02,9.821132043376687761e+02,7.767693852569495050e+01,9.796879891495362358e+01,1.181357216474256120e+02,7.351614616257652415e+02
2.000000000000000111e-01,4.843495972391752389e+02,7.302745676404729238e+02,9.762247552083731534e+02,7.710852902900546724e+01,9.731771503595855677e+01,1.174030190144140136e+02,7.302808719321235458e+02
2.500000000000000000e-01,4.805082984286059968e+02,7.254248687824542685e+02,9.703728251344172122e+02,7.654408150391961385e+01,9.667095803391205777e+01,1.166749544962690095e+02,7.254327152819829507e+02
3.000000000000000444e-01,4.766951234986703980e+02,7.206074002008160733e+02,9.645571829491309472e+02,7.598356939124913367e+01,9.602849921411326761e+01,1.159514985612529330e+02,7.206167767123583872e+02
3.500000000000000333e-01,4.729098763392028673e+02,7.158219476998650634e+02,9.587775989577617111e+02,7.542696630087314702e+01,9.539031007125997519e+01,1.152326218642273830e+02,7.158328426741736621e+02
4.000000000000000222e-01,4.691523621553386079e+02,7.110682985044639963e+02,9.530338449281724706e+02,7.487424601073415431e+01,9.475636228820802387e+01,1.145182952454940022e+02,7.110807010231097820e+02
4.500000000000000111e-01,4.654223874591343133e+02,7.063462412506544297e+02,9.473256940815994085e+02,7.432538246583914088e+01,9.412662773473873301e+01,1.138084897296429148e+02,7.063601410105106879e+02
5.000000000000000000e-01,4.617197600612410042e+02,7.016555659763415633e+02,9.416529210834657988e+02,7.378034977726657928e+01,9.350107846633440545e+01,1.131031765244075018e+02,7.016709532743475393e+02
5.500000000000000444e-01,4.580442890626240455e+02,6.969960641120389937e+02,9.360153020342531818e+02,7.323912222117834858e+01,9.287968672296159411e+01,1.124023270195266093e+02,6.970129298302388179e+02
6.000000000000000888e-01,4.543957848463346068e+02,6.923675284716753140e+02,9.304126144604300634e+02,7.270167423783740901e+01,9.226242492786253990e+01,1.117059127856136769e+02,6.923858640625288672e+02
6.500000000000000222e-01,4.507740590693281888e+02,6.877697532434599452e+02,9.248446373054355263e+02,7.216798043063037937e+01,9.164926568635409865e+01,1.110139055730324458e+02,6.877895507154208872e+02
7.000000000000000666e-01,4.471789246543332865e+02,6.832025339808097897e+02,9.193111509207199106e+02,7.163801556509585566e+01,9.104018178463478250e+01,1.103262773107797301e+02,6.832237858841681373e+02
7.500000000000000000e-01,4.436101957817676862e+02,6.786656675933343195e+02,9.138119370568415434e+02,7.111175456795763239e+01,9.043514618859929044e+01,1.096430001053751937e+02,6.786883670063194813e+02
8.000000000000000444e-01,4.400676878817036481e+02,6.741589523378801232e+02,9.083467788546167867e+02,7.058917252616346616e+01,8.983413204266076946e+01,1.089640462397573515e+02,6.741830928530201845e+02
8.500000000000000888e-01,4.365512176258800423e+02,6.696821878096350247e+02,9.029154608363284069e+02,7.007024468592884148e+01,8.923711266858090596e+01,1.082893881721870741e+02,6.697077635203696673e+02
9.000000000000000222e-01,4.330606029197632552e+02,6.652351749332891586e+02,8.975177688969852170e+02,6.955494645178606561e+01,8.864406156430733574e+01,1.076189985351569049e+02,6.652621804208316689e+02
9.500000000000000666e-01,4.295956628946549358e+02,6.608177159542544814e+02,8.921534902956385622e+02,6.904325338563859304e+01,8.805495240281879887e+01,1.069528501343077380e+02,6.608461462747005726e+02
1.000000000000000000e+00,4.261562178998469790e+02,6.564296144299424896e+02,8.868224136467512153e+02,6.853514120582023850e+01,8.746975903097765581e+01,1.062909159473518343e+02,6.564594651016208218e+02
1.050000000000000044e+00,4.227420894948229488e+02,6.520706752210979857e+02,8.815243289116210690e+02,6.803058578615986107e+01,8.688845546838985001e+01,1.056331691230022187e+02,6.521019422121599973e+02
1.100000000000000089e+00,4.193531004415071379e+02,6.477407044831904841e+02,8.762590273898572377e+02,6.752956315505093698e+01,8.631101590627245912e+01,1.049795829799090114e+02,6.477733841994363502e+02
1.150000000000000133e+00,4.159890746965596122e+02,6.434395096578618904e+02,8.710263017109102748e+02,6.703204949452621975e+01,8.573741470632820949e+01,1.043301310056018423e+02,6.434735989307984028e+02
1.200000000000000178e+00,4.126498374037166172e+02,6.391668994644302302e+02,8.658259458256540029e+02,6.653802113933760154e+01,8.516762639962784931e+01,1.036847868554392278e+02,6.392023955395577559e+02
1.250000000000000000e+00,4.093352148861781643e+02,6.349226838914490827e+02,8.606577549980203230e+02,6.604745457604074943e+01,8.460162568549912976e+01,1.030435243515635335e+02,6.349595844167741916e+02
1.300000000000000044e+00,4.060450346390401251e+02,6.307066741883216991e+02,8.555215257966862055e+02,6.556032644208505644e+01,8.403938743042347426e+01,1.024063174818632973e+02,6.307449772030923896e+02
1.350000000000000089e+00,4.027791253217727672e+02,6.265186828569718500e+02,8.504170560868120674e+02,6.507661352490835327e+01,8.348088666693972471e+01,1.017731403989412655e+02,6.265583867806320768e+02
1.400000000000000133e+00,3.995373167507432868e+02,6.223585236435671959e+02,8.453441450218313094e+02,6.459629276103660800e+01,8.292609859255480842e+01,1.011439674190886677e+02,6.223996272649271759e+02
1.450000000000000178e+00,3.963194398917839294e+02,6.182260115302987060e+02,8.403025930352923751e+02,6.411934123518865647e+01,8.237499856866155312e+01,1.005187730212663269e+02,6.182685139969185002e+02
1.500000000000000000e+00,3.931253268528050171e+02,6.141209627272125999e+02,8.352922018327499245e+02,6.364573617938572170e+01,8.182756211946380631e+01,9.989753184609133996e+01,6.141648635349949927e+02
1.550000000000000044e+00,3.899548108764515746e+02,6.100431946640974274e+02,8.303127743837067101e+02,6.317545497206597105e+01,8.128376493090806321e+01,9.928021869483031026e+01,6.100884936470882849e+02
1.600000000000000089e+00,3.868077263328045206e+02,6.059925259824226487e+02,8.253641149136078639e+02,6.270847513720373456e+01,8.074358284962247012e+01,9.866680852839870397e+01,6.060392233028144346e+02
1.650000000000000133e+00,3.836839087121260263e+02,6.019687765273313289e+02,8.204460288958811134e+02,6.224477434343378235e+01,8.020699188186229378e+01,9.805727646636613315e+01,6.020168726656675062e+02
1.700000000000000178e+00,3.805831946176484735e+02,5.979717673396845612e+02,8.155583230440308853e+02,6.178433040318024894e+01,7.967396819246260975e+01,9.745159778596796230e+01,5.980212630852620350e+02
1.750000000000000000e+00,3.775054217584059302e+02,5.940013206481596626e+02,8.107008053037784521e+02,6.132712127179043193e+01,7.914448810379769839e+01,9.684974792112279829e+01,5.940522170896258558e+02
1.800000000000000044e+00,3.744504289421100793e+02,5.900572598613978244e+02,8.058732848452516464e+02,6.087312504667330160e+01,7.861852809474703463e+01,9.625170246145601993e+01,5.901095583775393152e+02
1.850000000000000089e+00,3.714180560680684948e+02,5.861394095602045127e+02,8.010755720552257344e+02,6.042231996644286340e+01,7.809606479966808479e+01,9.565743715132909131e+01,5.861931118109257568e+02
1.900000000000000133e+00,3.684081441201457778e+02,5.822475954898030750e+02,7.963074785294090816e+02,5.997468441006617468e+01,7.757707500737602402e+01,9.506692788887538370e+01,5.823027034072902097e+02
1.950000000000000178e+00,3.654205351597668141e+02,5.783816445521342757e+02,7.915688170647789548e+02,5.953019689601597264e+01,7.706153566012946499e+01,9.448015072504097134e+01,5.784381603322035517e+02
2.000000000000000000e+00,3.624550723189629480e+02,5.745413847982117659e+02,7.868594016519650722e+02,5.908883608142820520e+01,7.654942385262359039e+01,9.389708186263224832e+01,5.745993108918378312e+02
2.050000000000000266e+00,3.595115997934597090e+02,5.707266454205242781e+02,7.821790474676799931e+02,5.865058076126398845e+01,7.604071683098918299e+01,9.331769765536864725e+01,5.707859845255470645e+02
2.100000000000000089e+00,3.565899628358059203e+02,5.669372567454885257e+02,7.775275708671970278e+02,5.821540986747633184e+01,7.553539199179837738e+01,9.274197460694153961e+01,5.669980117984949857e+02
2.149999999999999911e+00,3.536900077485457246e+02,5.631730502259525792e+02,7.729047893768753283e+02,5.778330246818144644e+01,7.503342688107697711e+01,9.216988937007869254e+01,5.632352243943315671e+02
2.200000000000000178e+00,3.508115818774301147e+02,5.594338584337467637e+02,7.683105216867310219e+02,5.735423776683455799e+01,7.453479919332302472e+01,9.160141874561463737e+01,5.594974551079136518e+02
2.250000000000000000e+00,3.479545336046711554e+02,5.557195150522856011e+02,7.637445876430548424e+02,5.692819510141045924e+01,7.403948677053188021e+01,9.103653968156643828e+01,5.557845378380742432e+02
2.300000000000000266e+00,3.451187123422361651e+02,5.520298548692161376e+02,7.592068082410768284e+02,5.650515394358843224e+01,7.354746760122755234e+01,9.047522927221537259e+01,5.520963075804363598e+02
2.350000000000000089e+00,3.423039685251827677e+02,5.483647137691167472e+02,7.546970056176746766e+02,5.608509389794178901e+01,7.305871981950033955e+01,8.991746475719425291e+01,5.484326004202727063e+02
2.400000000000000355e+00,3.395101536050343043e+02,5.447239287262414109e+02,7.502150030441304125e+02,5.566799470113183901e+01,7.257322170405080897e+01,8.936322352057993612e+01,5.447932535254118420e+02
2.450000000000000178e+00,3.367371200431955458e+02,5.411073377973136758e+02,7.457606249189287837e+02,5.525383622110643245e+01,7.209095167723990016e+01,8.881248308999187202e+01,5.411781051391878918e+02
2.500000000000000000e+00,3.339847213044087084e+02,5.375147801143675679e+02,7.413336967606051076e+02,5.484259845630292318e+01,7.161188830414513973e+01,8.826522113569589578e+01,5.375869945734372095e+02
2.550000000000000266e+00,3.312528118502476673e+02,5.339460958776345478e+02,7.369340452006323403e+02,5.443426153485534513e+01,7.113601029162325062e+01,8.772141546971343473e+01,5.340197622015372190e+02
2.600000000000000089e+00,3.285412471326543482e+02,5.304011263484784422e+02,7.325614979763580550e+02,5.402880571380650565e+01,7.066329648737864488e+01,8.718104404493652737e+01,5.304762494514923219e+02
2.650000000000000355e+00,3.258498835875116697e+02,5.268797138423753950e+02,7.282158839239812096e+02,5.362621137832390161e+01,7.019372587903795591e+01,8.664408495424775936e+01,5.269562987990609599e+02
2.700000000000000178e+00,3.231785786282575259e+02,5.233817017219423633e+02,7.238970329715752996e+02,5.322645904092036062e+01,6.972727759323076668e+01,8.611051642964604014e+01,5.234597537609294022e+02
2.750000000000000000e+00,3.205271906395368546e+02,5.199069343900077911e+02,7.196047761321542566e+02,5.282952934067897388e+01,6.926393089467617870e+01,8.558031684137735340e+01,5.199864588879266876e+02
2.800000000000000266e+00,3.178955789708917905e+02,5.164552572827313952e+02,7.153389454967806387e+02,5.243540304248218575e+01,6.880366518527532094e+01,8.505346469707113499e+01,5.165362597582837907e+02
2.850000000000000089e+00,3.152836039304917222e+02,5.130265168627665844e+02,7.110993742277204319e+02,5.204406103624536684e+01,6.834646000320984172e+01,8.452993864088180942e+01,5.131090029709363307e+02
2.900000000000000355e+00,3.126911267789000703e+02,5.096205606124699443e+02,7.068858965516349144e+02,5.165548433615464319e+01,6.789229502204626954e+01,8.400971745263541379e+01,5.097045361388687184e+02
2.950000000000000178e+00,3.101180097228803447e+02,5.062372370271535260e+02,7.026983477528214053e+02,5.126965407990891777e+01,6.744115004984615780e+01,8.349278004698182087e+01,5.063227078825021863e+02
3.000000000000000000e+00,3.075641159092385806e+02,5.028763956083818130e+02,6.985365641664905070e+02,5.088655152796609826e+01,6.699300502828194226e+01,8.297910547255175118e+01,5.029633678231231784e+02
3.050000000000000266e+00,3.050293094187048837e+02,4.995378868573144473e+02,6.944003831720898461e+02,5.050615806279375164e+01,6.654784003175873863e+01,8.246867291111927045e+01,4.996263665763558492e+02
3.100000000000000089e+00,3.025134552598511277e+02,4.962215622680903380e+02,6.902896431866668081e+02,5.012845518812370216e+01,6.610563526654171085e+01,8.196146167676914729e+01,4.963115557456746387e+02
3.150000000000000355e+00,3.000164193630464524e+02,4.929272743212565615e+02,6.862041836582744736e+02,4.975342452821090689e+01,6.566637106988922312e+01,8.145745121506965347e+01,4.930187879159584554e+02
3.200000000000000178e+00,2.975380685744495395e+02,4.896548764772405207e+02,6.821438450594173446e+02,4.938104782709662999e+01,6.523002790919147742e+01,8.095662110224992603e+01,4.897479166470869814e+02
3.250000000000000000e+00,2.950782706500376662e+02,4.864042231698650767e+02,6.781084688805386804e+02,4.901130694787538999e+01,6.479658638111503421e+01,8.045895104438289991e+01,4.864987964675766534e+02
3.300000000000000266e+00,2.926368942496721388e+02,4.831751697999047224e+02,6.740978976235493292e+02,4.864418387196653981e+01,6.436602721075254863e+01,7.996442087657287345e+01,4.832712828682576855e+02
3.350000000000000089e+00,2.902138089312004468e+02,4.799675727286871165e+02,6.701119747953957813e+02,4.827966069838937813e+01,6.393833125077834012e+01,7.947301056214828918e+01,4.800652322959925868e+02
3.400000000000000355e+00,2.878088851445937735e+02,4.767812892717334421e+02,6.661505449016692637e+02,4.791771964304276565e+01,6.351347948060937654e+01,7.898470019185923263e+01,4.768805021474324803e+02
3.450000000000000178e+00,2.854219942261220808e+02,4.736161776924433866e+02,6.622134534402546251e+02,4.755834303798864937e+01,6.309145300557160851e+01,7.849946998308003288e+01,4.737169507628158840e+02
3.500000000000000000e+00,2.830530083925619920e+02,4.704720971958196856e+02,6.583005468950187833e+02,4.720151333073948763e+01,6.267223305607187456e+01,7.801730027901668052e+01,4.705744374198050082e+02
3.550000000000000266e+00,2.807018007354438396e+02,4.673489079222347300e+02,6.544116727295391911e+02,4.684721308354991010e+01,6.225580098677519914e+01,7.753817154791912003e+01,4.674528223273631511e+02
3.600000000000000089e+00,2.783682452153307736e+02,4.642464709412384423e+02,6.505466793808708417e+02,4.649542497271222885e+01,6.184213827578732037e+01,7.706206438229835953e+01,4.643519666196696107e+02
3.650000000000000355e+00,2.760522166561354993e+02,4.611646482454063403e+02,6.467054162533530643e+02,4.614613178785597114e+01,6.143122652384271021e+01,7.658895949814834125e+01,4.612717323500753537e+02
3.700000000000000178e+00,2.737535907394698711e+02,4.581033027442280741e+02,6.428877337124541782e+02,4.579931643125134855e+01,6.102304745349770343e+01,7.611883773417261523e+01,4.582119824850950636e+02
3.750000000000000000e+00,2.714722439990309226e+02,4.550622982580370035e+02,6.390934830786560497e+02,4.545496191711667677e+01,6.061758290832909069e+01,7.565168005101584470e+01,4.551725808984402875e+02
3.800000000000000266e+00,2.692080538150204916e+02,4.520414995119785999e+02,6.353225166213753710e+02,4.511305137092969630e+01,6.021481485213782037e+01,7.518746753049984477e+01,4.521533923650882798e+02
3.850000000000000089e+00,2.669608984085991210e+02,4.490407721300190360e+02,6.315746875529246154e+02,4.477356802874277264e+01,5.981472536815779506e+01,7.472618137486443857e+01,4.491542825553904663e+02
3.900000000000000355e+00,2.647306568363744645e+02,4.460599826289934526e+02,6.278498500225088037e+02,4.443649523650199029e+01,5.941729665827006102e+01,7.426780290601290346e+01,4.461751180292175150e+02
3.950000000000000178e+00,2.625172089849239683e+02,4.430989984126930494e+02,6.241478591102622886e+02,4.410181644937012635e+01,5.902251104222193590e+01,7.381231356476207850e+01,4.432157662301431174e+02
4.000000000000000000e+00,2.603204355653505218e+02,4.401576877659911702e+02,6.204685708213213502e+02,4.376951523105341124e+01,5.863035095685127374e+01,7.335969491009713295e+01,4.402760954796635815e+02
4.049999999999999822e+00,2.581402181078717604e+02,4.372359198490082122e+02,6.168118420799340811e+02,4.343957525313211221e+01,5.824079895531583873e+01,7.290992861843068340e+01,4.373559749714555664e+02
4.100000000000000533e+00,2.559764389564433316e+02,4.343335646913142227e+02,6.131775307236075605e+02,4.311198029439491108e+01,5.785383770632759592e+01,7.246299648286677098e+01,4.344552747656698557e+02
4.150000000000000355e+00,2.538289812634156419e+02,4.314504931861712294e+02,6.095654954972919768e+02,4.278671424017716873e+01,5.746944999339215343e+01,7.201888041246913019e+01,4.315738657832625336e+02
4.200000000000000178e+00,2.516977289842217260e+02,4.285865770848114380e+02,6.059755960475998791e+02,4.246376108170272090e+01,5.708761871405300070e+01,7.157756243153394848e+01,4.287116198003611771e+02
4.250000000000000000e+00,2.495825668721001591e+02,4.257416889907546533e+02,6.024076929170640824e+02,4.214310491542964598e+01,5.670832687914077042e+01,7.113902467886727266e+01,4.258684094426683941e+02
4.299999999999999822e+00,2.474833804728491486e+02,4.229157023541628178e+02,5.988616475384283149e+02,4.182472994239959263e+01,5.633155761202740308e+01,7.070324940706656491e+01,4.230441081799007748e+02
4.350000000000000533e+00,2.454000561196137653e+02,4.201084914662307597e+02,5.953373222289774276e+02,4.150862046759090873e+01,5.595729414788511491e+01,7.027021898180704795e+01,4.202385903202631994e+02
4.400000000000000355e+00,2.433324809277055749e+02,4.173199314536154247e+02,5.918345801848998917e+02,4.119476089927539419e+01,5.558551983295028265e+01,6.983991588113207172e+01,4.174517310049591288e+02
4.450000000000000178e+00,2.412805427894526247e+02,4.145498982729003501e+02,5.883532854756876986e+02,4.088313574837872011e+01,5.521621812379203931e+01,6.941232269474795658e+01,4.146834062027352275e+02
4.500000000000000000e+00,2.392441303690846439e+02,4.117982687050976551e+02,5.848933030385704797e+02,4.057372962784459958e+01,5.484937258658572290e+01,6.898742212332329871e+01,4.119334927044626511e+02
4.549999999999999822e+00,2.372231330976459844e+02,4.090649203501850479e+02,5.814544986729847551e+02,4.026652725200231231e+01,5.448496689639097212e+01,6.856519697779238243e+01,4.092018681177502231e+02
4.600000000000000533e+00,2.352174411679436616e+02,4.063497316216808031e+02,5.780367390350781989e+02,3.996151343593824379e+01,5.412298483643468217e+01,6.814563017866302630e+01,4.064884108615958667e+02
4.650000000000000355e+00,2.332269455295242153e+02,4.036525817412522770e+02,5.746398916322484638e+02,3.965867309487065029e+01,5.376341029739854349e+01,6.772870475532857881e+01,4.037930001610693012e+02
4.700000000000000178e+00,2.312515378836828290e+02,4.009733507333606894e+02,5.712638248177154310e+02,3.935799124352814715e+01,5.340622727671114234e+01,6.731440384538417732e+01,4.011155160420299239e+02
4.750000000000000000e+00,2.292911106785035429e+02,3.983119194199425692e+02,5.679084077851279062e+02,3.905945299553180661e+01,5.305141987784485735e+01,6.690271069394722758e+01,3.984558393258791966e+02
4.800000000000000711e+00,2.273455571039297638e+02,3.956681694151237139e+02,5.645735105632048771e+02,3.876304356278064489e+01,5.269897230961728241e+01,6.649360865298190504e+01,3.958138516243454887e+02
4.850000000000000533e+00,2.254147710868658692e+02,3.930419831199702116e+02,5.612590040104113314e+02,3.846874825484080418e+01,5.234886888549714712e+01,6.608708118062823189e+01,3.931894353343044486e+02
4.900000000000000355e+00,2.234986472863086533e+02,3.904332437172723189e+02,5.579647598096628371e+02,3.817655247833803855e+01,5.200109402291483462e+01,6.568311184053462171e+01,3.905824736326290463e+02
4.950000000000000178e+00,2.215970810885100093e+02,3.878418351663648878e+02,5.546906504630698009e+02,3.788644173635385926e+01,5.165563224257743258e+01,6.528168430119517041e+01,3.879928504710774178e+02
5.000000000000000000e+00,2.197099686021686296e+02,3.852676421979789438e+02,5.514365492867101466e+02,3.759840162782499107e+01,5.131246816778816822e+01,6.488278233529059946e+01,3.854204505712091304e+02
5.050000000000000711e+00,2.178372066536525438e+02,3.827105503091294167e+02,5.482023304054370101e+02,3.731241784694638142e+01,5.097158652377022747e+01,6.448638981903340550e+01,3.828651594193370897e+02
5.100000000000000533e+00,2.159786927822511018e+02,3.801704457580370899e+02,5.449878687477180392e+02,3.702847618257769824e+01,5.063297213699538446e+01,6.409249073151706000e+01,3.803268632615108231e+02
5.150000000000000355e+00,2.141343252354559752e+02,3.776472155590805642e+02,5.417930400405073215e+02,3.674656251765293291e+01,5.029660993451634710e+01,6.370106915406911696e+01,3.778054490985310849e+02
5.200000000000000178e+00,2.123040029642729678e+02,3.751407474777860784e+02,5.386177208041507356e+02,3.646666282859384012e+01,4.996248494330421153e+01,6.331210926960837782e+01,3.753008046809989651e+02
5.250000000000000000e+00,2.104876256185614238e+02,3.726509300258466624e+02,5.354617883473213169e+02,3.618876318472636200e+01,4.963058228958954743e+01,6.292559536200601400e+01,3.728128185043940448e+02
5.300000000000000711e+00,2.086850935424039051e+02,3.701776524561759629e+02,5.323251207619880461e+02,3.591284974770059790e+01,4.930088719820838605e+01,6.254151181545048388e+01,3.703413798041859764e+02
5.350000000000000533e+00,2.068963077695046593e+02,3.677208047579944719e+02,5.292075969184159021e+02,3.563890877091418474e+01,4.897338499195204520e+01,6.215984311381662764e+01,3.678863785509773834e+02
5.400000000000000355e+00,2.051211700186160840e+02,3.652802776519473014e+02,5.261090964601967244e+02,3.536692659893877533e+01,4.864806109092141639e+01,6.178057384003827224e+01,3.654477054456768883e+02
5.450000000000000178e+00,2.033595826889944362e+02,3.628559625852557815e+02,5.230294997993127026e+02,3.509688966695000545e+01,4.832490101188547982e+01,6.140368867548509968e+01,3.630252519147046542e+02
5.500000000000000000e+00,2.016114488558841060e+02,3.604477517268986162e+02,5.199686881112288575e+02,3.482878450016072236e+01,4.800389036764381956e+01,6.102917239934300397e+01,3.606189101052275419e+02
5.550000000000000711e+00,1.998766722660295727e+02,3.580555379628274864e+02,5.169265433300187169e+02,3.456259771325745334e+01,4.768501486639362241e+01,6.065700988799846272e+01,3.582285728804258156e+02
5.600000000000000533e+00,1.981551573332159819e+02,3.556792148912121547e+02,5.139029481435193247e+02,3.429831600984009299e+01,4.736826031110052071e+01,6.028718611442663899e+01,3.558541338147899182e+02
5.650000000000000355e+00,1.964468091338370357e+02,3.533186768177181989e+02,5.108977859885168868e+02,3.403592618186490881e+01,4.705361259887366288e+01,5.991968614758329892e+01,3.534954871894476014e+02
5.700000000000000178e+00,1.947515334024913045e+02,3.509738187508148712e+02,5.079109410459627725e+02,3.377541510909072286e+01,4.674105772034493356e+01,5.955449515180035291e+01,3.511525279875209549e+02
5.750000000000000000e+00,1.930692365276059377e+02,3.486445363971143934e+02,5.049422982362196990e+02,3.351676975852834062e+01,4.643058175905210305e+01,5.919159838618516289e+01,3.488251518895135632e+02
5.800000000000000711e+00,1.913998255470875733e+02,3.463307261567427418e+02,5.019917432143386122e+02,3.325997718389307778e+01,4.612217089082613342e+01,5.883098120402371478e+01,3.465132552687279031e+02
5.850000000000000533e+00,1.897432081440007323e+02,3.440322851187394235e+02,4.990591623653635907e+02,3.300502452506056272e+01,4.581581138318236412e+01,5.847262905218722295e+01,3.442167351867108209e+02
5.900000000000000355e+00,1.880992926422737526e+02,3.417491110564885730e+02,4.961444427996680133e+02,3.275189900752567240e+01,4.551148959471581179e+01,5.811652747054251478e+01,3.419354893887297067e+02
5.950000000000000178e+00,1.864679880024306158e+02,3.394811024231802321e+02,4.932474723483192065e+02,3.250058794186452360e+01,4.520919197450036364e+01,5.776266209136605312e+01,3.396694162992776000e+02
6.000000000000000000e+00,1.848492038173507410e+02,3.372281583473013029e+02,4.903681395584725919e+02,3.225107872319968294e+01,4.490890506149180794e+01,5.741101863876150446e+01,3.374184150176064918e+02
6.050000000000000711e+00,1.832428503080548126e+02,3.349901786281560589e+02,4.875063336887947116e+02,3.200335883066846066e+01,4.461061548393499265e+01,5.706158292808093080e+01,3.351823853132904105e+02
6.100000000000000533e+00,1.816488383195173242e+02,3.327670637314168403e+02,4.846619447049154132e+02,3.175741582689427389e+01,4.431430995877465762e+01,5.671434086534966212e+01,3.329612276218165903e+02
6.150000000000000355e+00,1.800670793165055272e+02,3.305587147847030565e+02,4.818348632749082299e+02,3.151323735746110444e+01,4.401997529107011786e+01,5.636927844669440191e+01,3.307548430402049462e+02
6.200000000000000178e+00,1.784974853794440151e+02,3.283650335731907717e+02,4.790249807647997500e+02,3.127081115039098336e+01,4.372759837341402545e+01,5.602638175777524054e+01,3.285631333226563129e+02
6.250000000000000000e+00,1.769399692003065923e+02,3.261859225352496878e+02,4.762321892341070679e+02,3.103012501562457004e+01,4.343716618535462715e+01,5.568563697322089467e+01,3.263860008762282519e+02
6.300000000000000711e+00,1.753944440785324161e+02,3.240212847581107667e+02,4.734563814314031447e+02,3.079116684450470487e+01,4.314866579282197989e+01,5.534703035606754185e+01,3.242233487565392807e+02
6.350000000000000533e+00,1.738608239169694514e+02,3.218710239735603977e+02,4.706974507899106470e+02,3.055392460926301368e+01,4.286208434755787522e+01,5.501054825720110841e+01,3.220750806635002164e+02
6.400000000000000355e+00,1.723390232178423389e+02,3.197350445536643520e+02,4.679552914231233558e+02,3.031838636250948937e+01,4.257740908654947987e+01,5.467617711480290410e+01,3.199411009370735997e+02
6.450000000000000178e+00,1.708289570787464413e+02,3.176132515065201005e+02,4.652297981204550865e+02,3.008454023672502942e+01,4.229462733146677067e+01,5.434390345379888743e+01,3.178213145530604606e+02
6.500000000000000000e+00,1.693305411886667571e+02,3.155055504720355088e+02,4.625208663429157809e+02,2.985237444375700022e+01,4.201372648810345112e+01,5.401371388531205042e+01,3.157156271189134031e+02
6.550000000000000711e+00,1.678436918240221303e+02,3.134118477177378850e+02,4.598283922188162478e+02,2.962187727431766859e+01,4.173469404582180431e+01,5.368559510611848395e+01,3.136239448695785086e+02
6.600000000000000533e+00,1.663683258447347555e+02,3.113320501346081528e+02,4.571522725394979147e+02,2.939303709748564941e+01,4.145751757700089968e+01,5.335953389810639180e+01,3.115461746633622511e+02
6.650000000000000355e+00,1.649043606903239265e+02,3.092660652329447544e+02,4.544924047550915134e+02,2.916584236021019549e+01,4.118218473648868638e+01,5.303551712773895588e+01,3.094822239778262087e+02
6.700000000000000178e+00,1.634517143760251372e+02,3.072138011382531886e+02,4.518486869703013440e+02,2.894028158681845042e+01,4.090868326105740493e+01,5.271353174552008625e+01,3.074320009057082075e+02
6.750000000000000000e+00,1.620103054889329144e+02,3.051751665871632895e+02,4.492210179402162566e+02,2.871634337852551511e+01,4.063700096886278601e+01,5.239356478546368834e+01,3.053954141508689304e+02
6.800000000000000711e+00,1.605800531841694294e+02,3.031500709233741873e+02,4.466092970661482013e+02,2.849401641294750931e+01,4.036712575890663857e+01,5.207560336456614891e+01,3.033723730242664942e+02
6.850000000000000533e+00,1.591608771810759322e+02,3.011384240936243941e+02,4.440134243914949366e+02,2.827328944361731544e+01,4.009904561050306171e+01,5.175963468228199105e+01,3.013627874399549000e+02
6.900000000000000355e+00,1.577526977594290543e+02,2.991401366436904254e+02,4.414333005976318418e+02,2.805415129950335285e+01,3.983274858274809560e+01,5.144564602000300368e+01,2.993665679111104510e+02
6.950000000000000178e+00,1.563554357556812988e+02,2.971551197144100342e+02,4.388688269998260125e+02,2.783659088453102370e+01,3.956822281399283980e+01,5.113362474054030571e+01,2.973836255460818734e+02
7.000000000000000000e+00,1.549690125592246090e+02,2.951832850377331852e+02,4.363199055431801412e+02,2.762059717710701889e+01,3.930545652132007461e+01,5.082355828760977801e+01,2.954138720444677801e+02
7.050000000000000711e+00,1.535933501086786919e+02,2.932245449327982101e+02,4.337864387985987378e+02,2.740615922964652285e+01,3.904443800002427167e+01,5.051543418532067165e+01,2.934572196932184625e+02
7.100000000000000533e+00,1.522283708882019653e+02,2.912788123020341686e+02,4.312683299587815782e+02,2.719326616810301189e+01,3.878515562309502940e+01,5.020924003766729271e+01,2.915135813627629773e+02
7.150000000000000355e+00,1.508739979238263800e+02,2.893460006272890723e+02,4.287654828342423343e+02,2.698190719150095873e+01,3.852759784070382665e+01,4.990496352802389879e+01,2.895828705031617574e+02
7.200000000000000178e+00,1.495301547798157458e+02,2.874260239659831200e+02,4.262778018493517038e+02,2.677207157147126182e+01,3.827175317969428647e+01,4.960259241864261526e+01,2.876650011402833798e+02
7.250000000000000000e+00,1.481967655550465963e+02,2.855187969472884788e+02,4.238051920384064601e+02,2.656374865178937128e+01,3.801761024307559467e+01,4.930211455015466981e+01,2.857598878720074822e+02
7.300000000000000711e+00,1.468737548794129282e+02,2.836242347683329399e+02,4.213475590417224339e+02,2.635692784791620369e+01,3.776515770951941420e+01,4.900351784107439812e+01,2.838674458644503034e+02
7.350000000000000533e+00,1.455610479102526256e+02,2.817422531904296648e+02,4.189048091017530737e+02,2.615159864654166100e+01,3.751438433285998286e+01,4.870679028730661031e+01,2.819875908482162572e+02
7.400000000000000355e+00,1.442585703287983563e+02,2.798727685353315451e+02,4.164768490592323360e+02,2.594775060513100939e+01,3.726527894159750076e+01,4.841191996165683520e+01,2.801202391146734385e+02
7.450000000000000178e+00,1.429662483366491585e+02,2.780156976815096641e+02,4.140635863493406532e+02,2.574537335147375217e+01,3.701783043840482890e+01,4.811889501334461983e+01,2.782653075122523205e+02
7.500000000000000000e+00,1.416840086522659306e+02,2.761709580604580196e+02,4.116649289978983006e+02,2.554445658323527724e+01,3.677202779963736390e+01,4.782770366751982749e+01,2.764227134427700321e+02
7.550000000000000711e+00,1.404117785074887479e+02,2.743384676530201318e+02,4.092807856175788856e+02,2.534499006751117633e+01,3.652786007484615283e+01,4.753833422478204085e+01,2.745923748577769743e+02
7.600000000000000533e+00,1.391494856440762646e+02,2.725181449857428220e+02,4.069110654041503494e+02,2.514696364038410437e+01,3.628531638629418410e+01,4.725077506070272193e+01,2.727742102549280503e+02
7.650000000000000355e+00,1.378970583102677381e+02,2.707099091272517057e+02,4.045556781327376825e+02,2.495036720648336370e+01,3.604438592847589717e+01,4.696501462535060512e+01,2.709681386743772009e+02
7.700000000000000178e+00,1.366544252573660856e+02,2.689136796846518109e+02,4.022145341541092876e+02,2.475519073854701091e+01,3.580505796763978310e+01,4.668104144281967649e+01,2.691740796951947345e+02
7.750000000000000000e+00,1.354215157363441051e+02,2.671293767999517854e+02,3.998875443909885234e+02,2.456142427698665642e+01,3.556732184131409724e+01,4.639884411076049275e+01,2.673919534318090427e+02
7.800000000000000711e+00,1.341982594944707898e+02,2.653569211465120361e+02,3.975746203343866227e+02,2.436905792945470495e+01,3.533116695783581918e+01,4.611841129991397281e+01,2.656216805304703712e+02
7.850000000000000533e+00,1.329845867719606645e+02,2.635962339255150937e+02,3.952756740399607338e+02,2.417808187041435630e+01,3.509658279588251162e+01,4.583973175364845076e+01,2.638631821657378964e+02
7.900000000000000355e+00,1.317804282986436988e+02,2.618472368624609885e+02,3.929906181243930519e+02,2.398848634071192976e+01,3.486355890400742652e+01,4.556279428749930105e+01,2.621163800369896535e+02
7.950000000000000178e+00,1.305857152906567933e+02,2.601098522036851364e+02,3.907193657617943359e+02,2.380026164715196657e+01,3.463208490017751018e+01,4.528758778871159763e+01,2.603811963649553718e+02
8.000000000000000000e+00,1.294003794471566380e+02,2.583840027128985639e+02,3.884618306801302197e+02,2.361339816207468445e+01,3.440215047131456316e+01,4.501410121578554424e+01,2.586575538882709679e+02
8.050000000000000711e+00,1.282243529470529779e+02,2.566696116677517239e+02,3.862179271576688393e+02,2.342788632293598639e+01,3.417374537283932767e+01,4.474232359802465453e+01,2.569453758600562878e+02
8.099999999999999645e+00,1.270575684457639056e+02,2.549666028564212468e+02,3.839875700194530168e+02,2.324371663189007009e+01,3.394685942821860891e+01,4.447224403508690926e+01,2.552445860445148469e+02
8.150000000000000355e+00,1.258999590719906081e+02,2.532749005742185204e+02,3.817706746337922254e+02,2.306087965537430406e+01,3.372148252851533101e+01,4.420385169653844315e+01,2.535551087135549437e+02
8.200000000000001066e+00,1.247514584245143254e+02,2.515944296202212058e+02,3.795671569087803050e+02,2.287936602369687833e+01,3.349760463194160565e+01,4.393713582141027274e+01,2.518768686434342499e+02
8.250000000000000000e+00,1.236120005690125652e+02,2.499251152939271208e+02,3.773769332888314239e+02,2.269916643062663297e+01,3.327521576341469256e+01,4.367208571775748993e+01,2.502097911114245505e+02
8.300000000000000711e+00,1.224815200348960076e+02,2.482668833919292410e+02,3.751999207512405974e+02,2.252027163298547308e+01,3.305430601411581648e+01,4.340869076222145395e+01,2.485538018924987682e+02
8.349999999999999645e+00,1.213599518121669263e+02,2.466196602046145756e+02,3.730360368027650679e+02,2.234267245024323501e+01,3.283486554105201805e+01,4.314694039959447025e+01,2.469088272560402970e+02
8.400000000000000355e+00,1.202472313482957986e+02,2.449833725128829087e+02,3.708851994762281379e+02,2.216635976411486908e+01,3.261688456662076874e+01,4.288682414238731155e+01,2.452747939625724598e+02
8.450000000000001066e+00,1.191432945451199572e+02,2.433579475848884783e+02,3.687473273271431253e+02,2.199132451816017308e+01,3.240035337817749905e+01,4.262833157039937504e+01,2.436516292605100205e+02
8.500000000000000000e+00,1.180480777557607297e+02,2.417433131728029423e+02,3.666223394303605687e+02,2.181755771738575689e+01,3.218526232760591199e+01,4.237145233029153957e+01,2.420392608829317851e+02
8.550000000000000711e+00,1.169615177815610849e+02,2.401393975095989788e+02,3.645101553767343034e+02,2.164505042784950817e+01,3.197160183089117780e+01,4.211617613516151692e+01,2.404376170443733258e+02
8.599999999999999645e+00,1.158835518690433730e+02,2.385461293058569936e+02,3.624106952698124928e+02,2.147379377626741714e+01,3.175936236769593890e+01,4.186249276412211628e+01,2.388466264376424419e+02
8.650000000000000355e+00,1.148141177068853978e+02,2.369634377465904151e+02,3.603238797225450867e+02,2.130377894962266438e+01,3.154853448093894031e+01,4.161039206188184636e+01,2.372662182306528393e+02
8.700000000000001066e+00,1.137531534229174497e+02,2.353912524880944375e+02,3.582496298540154953e+02,2.113499719477714223e+01,3.133910877637672243e+01,4.135986393832826025e+01,2.356963220632804337e+02
8.750000000000000000e+00,1.127005975811379130e+02,2.338295036548142889e+02,3.561878672861923292e+02,2.096743981808533164e+01,3.113107592218777242e+01,4.111089836811392217e+01,2.341368680442396908e+02
8.800000000000000711e+00,1.116563891787480003e+02,2.322781218362339075e+02,3.541385141407005221e+02,2.080109818501036401e+01,3.092442664855954604e+01,4.086348539024479720e+01,2.325877867479790950e+02
8.849999999999999645e+00,1.106204676432058704e+02,2.307370380837866151e+02,3.521014930356149648e+02,2.063596371974246324e+01,3.071915174727823583e+01,4.061761510767138361e+01,2.310490092115985021e+02
8.900000000000000355e+00,1.095927728293001877e+02,2.292061839077845207e+02,3.500767270822720434e+02,2.047202790481981083e+01,3.051524207132105460e+01,4.037327768688216167e+01,2.295204669317853359e+02
8.950000000000001066e+00,1.085732450162416285e+02,2.276854912743697810e+02,3.480641398821047687e+02,2.030928228075138264e+01,3.031268853445147826e+01,4.013046335749978510e+01,2.280020918617715040e+02
9.000000000000000000e+00,1.075618249047741983e+02,2.261748926024854427e+02,3.460636555234940488e+02,2.014771844564239700e+01,3.011148211081690818e+01,3.988916241187965284e+01,2.264938164083097831e+02
9.050000000000000711e+00,1.065584536143042129e+02,2.246743207608651574e+02,3.440751985786436080e+02,1.998732805482173447e+01,2.991161383454900502e+01,3.964936520471097481e+01,2.249955734286695304e+02
9.099999999999999645e+00,1.055630726800488617e+02,2.231837090650452637e+02,3.420986941004725281e+02,1.982810282047178774e+01,2.971307479936682938e+01,3.941106215262037438e+01,2.235072962276530006e+02
9.150000000000000355e+00,1.045756240502025634e+02,2.217029912743945488e+02,3.401340676195281389e+02,1.967003451126047864e+01,2.951585615818236263e+01,3.917424373377792080e+01,2.220289185546299677e+02
9.200000000000001066e+00,1.035960500831216677e+02,2.202321015891643299e+02,3.381812451409189748e+02,1.951311495197542811e+01,2.931994912270874565e+01,3.893890048750557753e+01,2.205603746005922972e+02
9.250000000000000000e+00,1.026242935445279443e+02,2.187709746475586599e+02,3.362401531412668874e+02,1.935733602316049229e+01,2.912534496307111098e+01,3.870502301388816591e+01,2.191015989952280449e+02
9.300000000000000711e+00,1.016602976047294078e+02,2.173195455228228070e+02,3.343107185656782576e+02,1.920268966075429162e+01,2.893203500741987000e+01,3.847260197338665932e+01,2.176525268040133199e+02
9.349999999999999645e+00,1.007040058358598458e+02,2.158777497203521420e+02,3.323928688247352170e+02,1.904916785573110261e+01,2.874001064154662544e+01,3.824162808645393596e+01,2.162130935253248367e+02
9.400000000000000355e+00,9.975536220913589602e+01,2.144455231748192432e+02,3.304865317915052287e+02,1.889676265374380293e+01,2.854926330850259220e+01,3.801209213315289759e+01,2.147832350875698921e+02
9.450000000000001066e+00,9.881431109213188790e+01,2.130228022473205272e+02,3.285916357985705076e+02,1.874546615476903000e+01,2.835978450821950503e+01,3.778398495277696867e+01,2.133628878463358660e+02
9.500000000000000000e+00,9.788079724607277399e+01,2.116095237225418941e+02,3.267081096350755729e+02,1.859527051275449594e+01,2.817156579713304509e+01,3.755729744347296872e+01,2.119519885815580551e+02
9.550000000000000711e+00,9.695476582314391578e+01,2.102056248059422501e+02,3.248358825437937867e+02,1.844616793526834542e+01,2.798459878780869303e+01,3.733202056186625128e+01,2.105504744947055542e+02
9.600000000000001421e+00,9.603616236381911619e+01,2.088110431209570095e+02,3.229748842182137309e+02,1.829815068315076587e+01,2.779887514857012221e+01,3.710814532268839372e+01,2.091582832059867201e+02
9.650000000000000355e+00,9.512493279420581871e+01,2.074257167062191627e+02,3.211250447996419553e+02,1.815121107016765478e+01,2.761438660312998650e+01,3.688566279840686946e+01,2.077753527515715177e+02
9.700000000000001066e+00,9.422102342340672010e+01,2.060495840127987890e+02,3.192862948743259039e+02,1.800534146266628355e+01,2.743112493022308485e+01,3.666456411885731370e+01,2.064016215808325683e+02
9.750000000000000000e+00,9.332438094090019831e+01,2.046825839014615553e+02,3.174585654705948627e+02,1.786053427923329906e+01,2.724908196324207665e+01,3.644484047087792078e+01,2.050370285536045571e+02
9.800000000000000711e+00,9.243495241393613071e+01,2.033246556399442966e+02,3.156417880560185836e+02,1.771678199035448742e+01,2.706824958987542118e+01,3.622648309794622179e+01,2.036815129374608091e+02
9.850000000000001421e+00,9.155268528494983116e+01,2.019757389002497803e+02,3.138358945345845541e+02,1.757407711807690021e+01,2.688861975174788199e+01,3.600948329981800811e+01,2.023350144050084793e+02
9.900000000000000355e+00,9.067752736899220167e+01,2.006357737559583825e+02,3.120408172438930023e+02,1.743241223567281395e+01,2.671018444406321279e+01,3.579383243216858546e+01,2.009974730312004851e+02
9.950000000000001066e+00,8.980942685117666713e+01,1.993047006795582945e+02,3.102564889523696934e+02,1.729177996730582834e+01,2.653293571524933014e+01,3.557952190623625910e+01,1.996688292906657409e+02
1.000000000000000000e+01,8.894833228414350401e+01,1.979824605397931236e+02,3.084828428564972000e+02,1.715217298769906051e+01,2.635686566660575636e+01,3.536654318846800038e+01,1.983490240550567307e+02
1.005000000000000071e+01,8.809419258553928955e+01,1.966689945990268598e+02,3.067198125780621467e+02,1.701358402180513352e+01,2.618196645195341787e+01,3.515488780016729464e+01,1.970379985904137925e+02
1.010000000000000142e+01,8.724695703551438442e+01,1.953642445106267758e+02,3.049673321614225188e+02,1.687600584447850594e+01,2.600823027728667824e+01,3.494454731714434104e+01,1.957356945545476208e+02
1.015000000000000036e+01,8.640657527423552153e+01,1.940681523163633813e+02,3.032253360707900924e+02,1.673943128014947490e+01,2.583564940042778701e+01,3.473551336936822054e+01,1.944420539944380835e+02
1.020000000000000107e+01,8.557299729941530586e+01,1.927806604438272018e+02,3.014937591875315661e+02,1.660385320250038177e+01,2.566421613068342111e+01,3.452777764062137322e+01,1.931570193436503189e+02
1.025000000000000000e+01,8.474617346385763028e+01,1.915017117038638048e+02,2.997725368074861194e+02,1.646926453414369007e+01,2.549392282850368829e+01,3.432133186815615744e+01,1.918805334197678576e+02
1.030000000000000071e+01,8.392605447301914978e+01,1.902312492880245713e+02,2.980616046383008211e+02,1.633565824630207430e+01,2.532476190514323022e+01,3.411616784235364719e+01,1.906125394218422571e+02
1.035000000000000142e+01,8.311259138258691337e+01,1.889692167660349753e+02,2.963608987967827488e+02,1.620302735849046982e+01,2.515672582232458154e+01,3.391227740638441901e+01,1.893529809278599032e+02
1.040000000000000036e+01,8.230573559607124423e+01,1.877155580832798023e+02,2.946703558062671959e+02,1.607136493819997369e+01,2.498980709190381688e+01,3.370965245587153447e+01,1.881018018922245005e+02
1.045000000000000107e+01,8.150543886241528924e+01,1.864702175583045118e+02,2.929899125940043518e+02,1.594066410058383632e+01,2.482399827553831173e+01,3.350828493855565426e+01,1.868589466432571840e+02
1.050000000000000000e+01,8.071165327361940456e+01,1.852331398803335389e+02,2.913195064885615011e+02,1.581091800814522941e+01,2.465929198435672376e+01,3.330816685396221999e+01,1.856243598807120065e+02
1.055000000000000071e+01,7.992433126238141483e+01,1.840042701068049951e+02,2.896590752172415364e+02,1.568211987042698574e+01,2.449568087863115906e+01,3.310929025307059703e+01,1.843979866733082531e+02
1.060000000000000142e+01,7.914342559975254687e+01,1.827835536609215694e+02,2.880085569035192066e+02,1.555426294370327156e+01,2.433315766745149133e+01,3.291164723798549119e+01,1.831797724562787266e+02
1.065000000000000036e+01,7.836888939280845534e+01,1.815709363292178011e+02,2.863678900644925989e+02,1.542734053067308864e+01,2.417171510840180915e+01,3.271522996161025532e+01,1.819696630289341783e+02
1.070000000000000107e+01,7.760067608233552505e+01,1.803663642591432392e+02,2.847370136083511625e+02,1.530134598015567882e+01,2.401134600723900903e+01,3.252003062732227789e+01,1.807676045522432844e+02
1.075000000000000000e+01,7.683873944053237892e+01,1.791697839566620587e+02,2.831158668318609557e+02,1.517627268678779195e+01,2.385204321757348822e+01,3.232604148865046056e+01,1.795735435464293630e+02
1.080000000000000071e+01,7.608303356872679046e+01,1.779811422838680528e+02,2.815043894178640471e+02,1.505211409072285278e+01,2.369379964055196908e+01,3.213325484895459283e+01,1.783874268885817287e+02
1.085000000000000142e+01,7.533351289510711979e+01,1.768003864566159677e+02,2.799025214327954245e+02,1.492886367733190411e+01,2.353660822454239465e+01,3.194166306110684772e+01,1.772092018102836164e+02
1.090000000000000036e+01,7.459013217246899785e+01,1.756274640421682420e+02,2.783102033242153652e+02,1.480651497690647567e+01,2.338046196482089556e+01,3.175125852717518171e+01,1.760388158952551976e+02
1.095000000000000107e+01,7.385284647597640628e+01,1.744623229568568945e+02,2.767273759183570974e+02,1.468506156436314569e+01,2.322535390326078542e+01,3.156203369810874548e+01,1.748762170770118303e+02
1.100000000000000000e+01,7.312161120093831812e+01,1.733049114637623802e+02,2.751539804176915709e+02,1.456449705895012237e+01,2.307127712802375541e+01,3.137398107342531972e+01,1.737213536365386517e+02
1.105000000000000071e+01,7.239638206059875358e+01,1.721551781704054918e+02,2.735899583985052459e+02,1.444481512395539013e+01,2.291822477325279905e+01,3.118709320090053438e+01,1.725741741999787564e+02
1.110000000000000142e+01,7.167711508394259567e+01,1.710130720264574222e+02,2.720352518084965254e+02,1.432600946641687578e+01,2.276619001876757409e+01,3.100136267625927289e+01,1.714346277363384843e+02
1.115000000000000036e+01,7.096376661351511927e+01,1.698785423214624473e+02,2.704898029643848076e+02,1.420807383683427538e+01,2.261516608976138443e+01,3.081678214286877093e+01,1.703026635552062089e+02
1.120000000000000107e+01,7.025629330325581634e+01,1.687515386825771202e+02,2.689535545495364772e+02,1.409100202888264342e+01,2.246514625650038965e+01,3.063334429143380078e+01,1.691782313044866441e+02
1.125000000000000000e+01,6.955465211634725620e+01,1.676320110723241044e+02,2.674264496116057899e+02,1.397478787912785769e+01,2.231612383402471522e+01,3.045104185969367450e+01,1.680612809681502995e+02
1.130000000000000071e+01,6.885880032307704823e+01,1.665199097863608415e+02,2.659084315601901949e+02,1.385942526674371322e+01,2.216809218185152730e+01,3.026986763212116571e+01,1.669517628639972315e+02
1.135000000000000142e+01,6.816869549871502443e+01,1.654151854512632838e+02,2.643994441645014035e+02,1.374490811323088124e+01,2.202104470368014688e+01,3.008981443962336400e+01,1.658496276414357453e+02
1.140000000000000036e+01,6.748429552140352428e+01,1.643177890223238933e+02,2.628994315510513502e+02,1.363123038213751848e+01,2.187497484709896511e+01,2.991087515924431273e+01,1.647548262792756759e+02
1.145000000000000107e+01,6.680555857006204690e+01,1.632276717813644780e+02,2.614083382013521373e+02,1.351838607878161724e+01,2.172987610329439789e+01,2.973304271386953346e+01,1.636673100835357673e+02
1.150000000000000000e+01,6.613244312230575872e+01,1.621447853345637782e+02,2.599261089496322370e+02,1.340636924997513901e+01,2.158574200676176957e+01,2.955631007193252913e+01,1.625870306852663703e+02
1.155000000000000071e+01,6.546490795237758675e+01,1.610690816102988947e+02,2.584526889805651990e+02,1.329517398374976445e+01,2.144256613501799791e+01,2.938067024712286113e+01,1.615139400383851580e+02
1.160000000000000142e+01,6.480291212909405374e+01,1.600005128570015813e+02,2.569880238270150130e+02,1.318479440908441447e+01,2.130034210831628627e+01,2.920611629809634380e+01,1.604479904175280467e+02
1.165000000000000036e+01,6.414641501380467048e+01,1.589390316410282367e+02,2.555320593677948295e+02,1.307522469563439849e+01,2.115906358936258158e+01,2.903264132818684473e+01,1.593891344159139862e+02
1.170000000000000107e+01,6.349537625836494925e+01,1.578845908445448458e+02,2.540847418254401759e+02,1.296645905346231586e+01,2.101872428303408924e+01,2.886023848512001422e+01,1.583373249432237060e+02
1.175000000000000000e+01,6.284975580312260490e+01,1.568371436634247402e+02,2.526460177639959852e+02,1.285849173277054369e+01,2.087931793609937614e+01,2.868890096072870222e+01,1.572925152234920176e+02
1.180000000000000071e+01,6.220951387491724915e+01,1.557966436051615631e+02,2.512158340868191999e+02,1.275131702363545294e+01,2.074083833694057333e+01,2.851862199067027603e+01,1.562546587930148974e+02
1.185000000000000142e+01,6.157461098509350705e+01,1.547630444867951667e+02,2.497941380343941091e+02,1.264492925574325533e+01,2.060327931527724132e+01,2.834939485414565752e+01,1.552237094982694998e+02
1.190000000000000036e+01,6.094500792752673135e+01,1.537363004328518628e+02,2.483808771821618393e+02,1.253932279812744888e+01,2.046663474189217879e+01,2.818121287362003713e+01,1.541996214938480705e+02
1.195000000000000107e+01,6.032066577666239482e+01,1.527163658732976330e+02,2.469759994383649939e+02,1.243449205890796705e+01,2.033089852835889033e+01,2.801406941454553134e+01,1.531823492404056708e+02
1.200000000000000000e+01,5.970154588556830078e+01,1.517031955415059201e+02,2.455794530419040314e+02,1.233043148503191233e+01,2.019606462677102243e+01,2.784795788508537129e+01,1.521718475026210342e+02
1.205000000000000071e+01,5.908760988399951941e+01,1.506967444722379241e+02,2.441911865602097009e+02,1.222713556201589391e+01,2.006212702947345150e+01,2.768287173583999206e+01,1.511680713471712636e+02
1.210000000000000142e+01,5.847881967647635548e+01,1.496969679996369678e+02,2.428111488871270183e+02,1.212459881368998360e+01,1.992907976879520504e+01,2.751880445957471721e+01,1.501709761407193184e+02
1.215000000000000036e+01,5.787513744037517682e+01,1.487038217552359072e+02,2.414392892408145599e+02,1.202281580194328825e+01,1.979691691678416277e+01,2.735574959094923386e+01,1.491805175479153718e+02
1.220000000000000107e+01,5.727652562403166314e+01,1.477172616659775031e+02,2.400755571616562349e+02,1.192178112647107469e+01,1.966563258494342392e+01,2.719370070624873392e+01,1.481966515294107296e+02
1.225000000000000000e+01,5.668294694485670959e+01,1.467372439522487753e+02,2.387199025101864436e+02,1.182148942452346141e+01,1.953522092396951848e+01,2.703265142311674296e+01,1.472193343398851653e+02
1.230000000000000071e+01,5.609436438746521247e+01,1.457637251259270954e+02,2.373722754650288778e+02,1.172193537065576230e+01,1.940567612349226678e+01,2.687259540028959748e+01,1.462485225260870720e+02
1.235000000000000142e+01,5.551074120181672100e+01,1.447966619884408033e+02,2.360326265208488508e+02,1.162311367648026739e+01,1.927699241181641909e+01,2.671352633733268434e+01,1.452841729248867750e+02
1.240000000000000036e+01,5.493204090136893569e+01,1.438360116288412485e+02,2.347009064863179333e+02,1.152501909041967210e+01,1.914916405566492230e+01,2.655543797437821851e+01,1.443262426613423486e+02
1.245000000000000107e+01,5.435822726124322912e+01,1.428817314218885315e+02,2.333770664820925163e+02,1.142764639746200039e+01,1.902218535992394166e+01,2.639832409186476170e+01,1.433746891467782234e+02
1.250000000000000000e+01,5.378926431640257988e+01,1.419337790261496650e+02,2.320610579388047938e+02,1.133099041891708403e+01,1.889605066738957007e+01,2.624217851027833248e+01,1.424294700768766688e+02
1.255000000000000071e+01,5.322511635984140099e+01,1.409921123821093261e+02,2.307528325950666215e+02,1.123504601217453924e+01,1.877075435851613960e+01,2.608699508989515081e+01,1.414905434297816669e+02
1.260000000000000142e+01,5.266574794078768917e+01,1.400566897102933126e+02,2.294523424954869029e+02,1.113980807046329247e+01,1.864629085116630236e+01,2.593276773052598472e+01,1.405578674642152919e+02
1.265000000000000036e+01,5.211112386291706144e+01,1.391274695094041647e+02,2.281595399887006579e+02,1.104527152261259459e+01,1.852265460036263889e+01,2.577949037126216325e+01,1.396314007176065104e+02
1.270000000000000107e+01,5.156120918257839492e+01,1.382044105544693480e+02,2.268743777254117333e+02,1.095143133281449721e+01,1.839984009804099685e+01,2.562715699022312066e+01,1.387111020042322025e+02
1.275000000000000000e+01,5.101596920703212845e+01,1.372874718950021133e+02,2.255968086564477062e+02,1.085828250038793286e+01,1.827784187280543193e+01,2.547576160430556769e+01,1.377969304133710011e+02
1.280000000000000071e+01,5.047536949269916562e+01,1.363766128531736399e+02,2.243267860308267529e+02,1.076582005954410270e+01,1.815665448968474394e+01,2.532529826893418701e+01,1.368888453074683014e+02
1.285000000000000142e+01,4.993937584342257452e+01,1.354717930219981668e+02,2.230642633938378481e+02,1.067403907915351269e+01,1.803627254989066131e+01,2.517576107781402328e+01,1.359868063203142015e+02
1.290000000000000036e+01,4.940795430874028682e+01,1.345729722635298344e+02,2.218091945851331843e+02,1.058293466251436143e+01,1.791669069057759245e+01,2.502714416268428010e+01,1.350907733552332957e+02
1.295000000000000107e+01,4.888107118216924363e+01,1.336801107070711794e+02,2.205615337368316489e+02,1.049250194712240436e+01,1.779790358460391886e+01,2.487944169307374054e+01,1.342007065832858075e+02
1.300000000000000000e+01,4.835869299950160638e+01,1.327931687473945601e+02,2.193212352716365956e+02,1.040273610444229391e+01,1.767990594029502205e+01,2.473264787605774373e+01,1.333165664414818252e+02
1.305000000000000071e+01,4.784078653711166851e+01,1.319121070429740996e+02,2.180882539009635366e+02,1.031363233968034443e+01,1.756269250120766401e+01,2.458675695601667854e+01,1.324383136310058546e+02
1.310000000000000142e+01,4.732731881027472554e+01,1.310368865142301331e+02,2.168625446230816465e+02,1.022518589155872171e+01,1.744625804589609075e+01,2.444176321439597288e+01,1.315659091154541613e+02
1.315000000000000036e+01,4.681825707149661753e+01,1.301674683417853942e+02,2.156440627212660388e+02,1.013739203209104467e+01,1.733059738767961377e+01,2.429766096946762488e+01,1.306993141190833398e+02
1.320000000000000107e+01,4.631356880885491023e+01,1.293038139647320577e+02,2.144327637619626330e+02,1.005024606635942774e+01,1.721570537441167659e+01,2.415444457609322271e+01,1.298384901250704218e+02
1.325000000000000000e+01,4.581322174435104699e+01,1.284458850789114024e+02,2.132286035929639922e+02,9.963743332292933630e+00,1.710157688825059807e+01,2.401210842548845292e+01,1.289833988737844663e+02
1.330000000000000071e+01,4.531718383227327962e+01,1.275936436352034775e+02,2.120315383415985480e+02,9.877879200447356567e+00,1.698820684543160908e+01,2.387064694498912232e+01,1.281340023610696903e+02
1.335000000000000142e+01,4.482542325757109580e+01,1.267470518378297442e+02,2.108415244129294308e+02,9.792649073786497738e+00,1.687559019604064048e+01,2.373005459781863280e+01,1.272902628365399949e+02
1.340000000000000036e+01,4.433790843424011285e+01,1.259060721426656926e+02,2.096585184879662052e+02,9.708048387464764062e+00,1.676372192378941861e+01,2.359032588285692000e+01,1.264521428018844205e+02
1.345000000000000107e+01,4.385460800371780721e+01,1.250706672555650414e+02,2.084824775218880575e+02,9.624072608611081492e+00,1.665259704579209554e+01,2.345145533441085561e+01,1.256196050091839993e+02
1.350000000000000000e+01,4.337549083329054156e+01,1.242408001306956464e+02,2.073133587422775577e+02,9.540717236114346633e+00,1.654221061234343182e+01,2.331343752198612052e+01,1.247926124592398480e+02
1.355000000000000071e+01,4.290052601451055381e+01,1.234164339688854568e+02,2.061511196473670111e+02,9.457977800410038327e+00,1.643255770669832572e+01,2.317626705006045640e+01,1.239711283999121179e+02
1.360000000000000142e+01,4.242968286162415126e+01,1.225975322159805074e+02,2.049957180042952984e+02,9.375849863268339135e+00,1.632363344485290924e+01,2.303993855785844147e+01,1.231551163244701286e+02
1.365000000000000036e+01,4.196293091000997322e+01,1.217840585612127740e+02,2.038471118473757713e+02,9.294329017583448760e+00,1.621543297532699057e+01,2.290444671912760555e+01,1.223445399699528195e+02
1.370000000000000107e+01,4.150023991462840911e+01,1.209759769355798369e+02,2.027052594763761419e+02,9.213410887164405594e+00,1.610795147894801005e+01,2.276978624191597333e+01,1.215393633155410669e+02
1.375000000000000000e+01,4.104157984848080076e+01,1.201732515102346071e+02,2.015701194548088608e+02,9.133091126527084214e+00,1.600118416863639936e+01,2.263595186835109629e+01,1.207395505809397207e+02
1.380000000000000071e+01,4.058692090107923889e+01,1.193758466948860217e+02,2.004416506082325213e+02,9.053365420687571330e+00,1.589512628919232640e+01,2.250293837442032441e+01,1.199450662247709545e+02
1.385000000000000142e+01,4.013623347692692533e+01,1.185837271362105980e+02,1.993198120225642924e+02,8.974229484956884662e+00,1.578977311708393572e+01,2.237074056975263758e+01,1.191558749429781017e+02
1.390000000000000036e+01,3.968948819400831241e+01,1.177968577162739905e+02,1.982045630424037483e+02,8.895679064736940589e+00,1.568511996023687161e+01,2.223935329740174893e+01,1.183719416672400087e+02
1.395000000000000107e+01,3.924665588228971558e+01,1.170152035509635340e+02,1.970958632693662196e+02,8.817709935317839864e+00,1.558116215782528080e+01,2.210877143363057939e+01,1.175932315633957614e+02
1.400000000000000000e+01,3.880770758222995198e+01,1.162387299884310750e+02,1.959936725604282799e+02,8.740317901676442958e+00,1.547789508006418835e+01,2.197898988769714634e+01,1.168197100298800990e+02
1.405000000000000071e+01,3.837261454330098331e+01,1.154674026075458215e+02,1.948979510262832662e+02,8.663498798276227930e+00,1.537531412800319330e+01,2.185000360164180933e+01,1.160513426961689731e+02
1.410000000000000142e+01,3.794134822251859873e+01,1.147011872163579795e+02,1.938086590297071723e+02,8.587248488868432617e+00,1.527341473332156774e+01,2.172180755007577702e+01,1.152880954212354254e+02
1.415000000000000036e+01,3.751388028298296007e+01,1.139400498505723647e+02,1.927257571839358548e+02,8.511562866294427820e+00,1.517219235812473599e+01,2.159439673997106368e+01,1.145299342920158807e+02
1.420000000000000107e+01,3.709018259242894544e+01,1.131839567720319337e+02,1.916492063510514186e+02,8.436437852289367711e+00,1.507164249474202045e+01,2.146776621045168199e+01,1.137768256218860614e+02
1.425000000000000000e+01,3.667022722178647598e+01,1.124328744672119598e+02,1.905789676403807675e+02,8.361869397287133410e+00,1.497176066552581908e+01,2.134191103258624977e+01,1.130287359491477872e+02
1.430000000000000071e+01,3.625398644375029278e+01,1.116867696457234871e+02,1.895150024069026529e+02,8.287853480226429426e+00,1.487254242265202642e+01,2.121682630918179058e+01,1.122856320355249693e+02
1.435000000000000142e+01,3.584143273135956065e+01,1.109456092388273589e+02,1.884572722496666017e+02,8.214386108358201710e+00,1.477398334792182943e+01,2.109250717457894808e+01,1.115474808646702343e+02
1.440000000000000036e+01,3.543253875658724183e+01,1.102093603979579797e+02,1.874057390102208842e+02,8.141463317054263626e+00,1.467607905256481260e+01,2.096894879444848669e+01,1.108142496406810267e+02
1.445000000000000107e+01,3.502727738893844389e+01,1.094779904932564278e+02,1.863603647710510813e+02,8.069081169617088989e+00,1.457882517704330994e+01,2.084614636558898937e+01,1.100859057866256023e+02
1.450000000000000000e+01,3.462562169405898516e+01,1.087514671121140566e+02,1.853211118540290840e+02,7.997235757090904507e+00,1.448221739085813375e+01,2.072409511572595520e+01,1.093624169430790403e+02
1.455000000000000071e+01,3.422754493235274964e+01,1.080297580577251892e+02,1.842879428188713007e+02,7.925923198073929754e+00,1.438625139235550954e+01,2.060279030331206940e+01,1.086437509666686054e+02
1.460000000000000142e+01,3.383302055760879057e+01,1.073128313476496203e+02,1.832608204616075511e+02,7.855139638531846380e+00,1.429092290853534486e+01,2.048222721732884466e+01,1.079298759286288885e+02
1.465000000000000036e+01,3.344202221563752886e+01,1.066006552123849502e+02,1.822397078130594537e+02,7.784881251612451258e+00,1.419622769486074887e+01,2.036240117708941000e+01,1.072207601133667225e+02
1.470000000000000107e+01,3.305452374291628104e+01,1.058931980939477597e+02,1.812245681373287027e+02,7.715144237461479371e+00,1.410216153506878278e+01,2.024330753204262123e+01,1.065163720170351240e+02
1.475000000000000000e+01,3.267049916524402420e+01,1.051904286444651149e+02,1.802153649302953227e+02,7.645924823039674578e+00,1.400872024098252133e+01,2.012494166157842201e+01,1.058166803461173942e+02
1.480000000000000071e+01,3.228992269640496460e+01,1.044923157247744285e+02,1.792120619181252721e+02,7.577219261940908446e+00,1.391589965232428661e+01,2.000729897483438080e+01,1.051216540160197752e+02
1.485000000000000142e+01,3.191276873684168436e+01,1.037988284030335535e+02,1.782146230557879392e+02,7.509023834211610016e+00,1.382369563653020528e+01,1.989037491050348905e+01,1.044312621496741826e+02
1.490000000000000036e+01,3.153901187233682535e+01,1.031099359533394448e+02,1.772230125255833002e+02,7.441334846171248074e+00,1.373210408856589737e+01,1.977416493664323127e+01,1.037454740761497476e+02
1.495000000000000107e+01,3.116862687270392129e+01,1.024256078543563859e+02,1.762371947356780595e+02,7.374148630233996471e+00,1.364112093074344223e+01,1.965866455048574579e+01,1.030642593292736819e+02
1.500000000000000000e+01,3.080158869048715786e+01,1.017458137879531392e+02,1.752571343186520778e+02,7.307461544731572722e+00,1.355074211253955418e+01,1.954386927824931774e+01,1.023875876462613803e+02
1.505000000000000071e+01,3.043787245966981558e+01,1.010705236378493339e+02,1.742827961300534128e+02,7.241269973737166410e+00,1.346096361041495015e+01,1.942977467495097343e+01,1.017154289663554749e+02
1.510000000000000142e+01,3.007745349439172600e+01,1.003997074882706642e+02,1.733141452469631929e+02,7.175570326890563955e+00,1.337178142763490207e+01,1.931637632422034656e+01,1.010477534294740565e+02
1.515000000000000036e+01,2.972030728767511576e+01,9.973333562261328211e+01,1.723511469665700417e+02,7.110359039224312561e+00,1.328319159409100614e+01,1.920366983811468131e+01,1.003845313748679331e+02
1.520000000000000107e+01,2.936640951015934320e+01,9.907137852211653239e+01,1.713937668047519480e+02,7.045632570991073429e+00,1.319519016612408358e+01,1.909165085693494746e+01,9.972573333978608900e+01
1.525000000000000000e+01,2.901573600884427506e+01,9.841380686454549220e+01,1.704419704946704712e+02,6.981387407492069208e+00,1.310777322634833020e+01,1.898031504904333033e+01,9.907133005815143179e+01
1.530000000000000071e+01,2.866826280584197661e+01,9.776059152288108578e+01,1.694957239853708302e+02,6.917620058906608804e+00,1.302093688347653533e+01,1.886965811068160548e+01,9.842129245924374459e+01
1.535000000000000142e+01,2.832396609713719116e+01,9.711170356401977699e+01,1.685549934403931331e+02,6.854327060122753501e+00,1.293467727214653706e+01,1.875967576579091300e+01,9.777559166639247223e+01
1.540000000000000036e+01,2.798282225135606893e+01,9.646711424748176000e+01,1.676197452363914238e+02,6.791504970569052446e+00,1.284899055274880020e+01,1.865036376583251254e+01,9.713419899567776383e+01
1.545000000000000107e+01,2.764480780854322717e+01,9.582679502412726436e+01,1.666899459617626462e+02,6.729150374047341288e+00,1.276387291125508838e+01,1.854171788960978162e+01,9.649708595464009875e+01
1.550000000000000000e+01,2.730989947894733305e+01,9.519071753488213972e+01,1.657655624152837106e+02,6.667259878566658138e+00,1.267932055904838506e+01,1.843373394309129054e+01,9.586422424099882278e+01
1.555000000000000071e+01,2.697807414181495744e+01,9.455885360947122820e+01,1.648465616047574542e+02,6.605830116178243117e+00,1.259532973275380208e+01,1.832640775923501764e+01,9.523558574137871346e+01
1.560000000000000142e+01,2.664930884419233337e+01,9.393117526516041949e+01,1.639329107456677548e+02,6.544857742811521106e+00,1.251189669407069260e+01,1.821973519781367656e+01,9.461114253004522823e+01
1.565000000000000036e+01,2.632358079973577603e+01,9.330765470550754515e+01,1.630245772598431984e+02,6.484339438111260456e+00,1.242901772960589390e+01,1.811371214524121598e+01,9.399086686764852061e+01
1.570000000000000107e+01,2.600086738752979443e+01,9.268826431912066255e+01,1.621215287741293594e+02,6.424271905275690031e+00,1.234668915070800033e+01,1.800833451440033173e+01,9.337473119997511617e+01
1.575000000000000000e+01,2.568114615091352348e+01,9.207297667842546218e+01,1.612237331190692373e+02,6.364651870895715824e+00,1.226490729330278207e+01,1.790359824447111947e+01,9.276270815670841330e+01
1.580000000000000071e+01,2.536439479631503602e+01,9.146176453844003618e+01,1.603311583275929877e+02,6.305476084795152758e+00,1.218366851772967330e+01,1.779949930076083575e+01,9.215477055019701424e+01
1.585000000000000142e+01,2.505059119209376561e+01,9.085460083555877020e+01,1.594437726337160370e+02,6.246741319872016085e+00,1.210296920857939185e+01,1.769603367453476039e+01,9.155089137423183843e+01
1.590000000000000036e+01,2.473971336739061044e+01,9.025145868634366764e+01,1.585615444712448152e+02,6.188444371940813760e+00,1.202280577453256605e+01,1.759319738284806078e+01,9.095104380283069645e+01
1.595000000000000107e+01,2.443173951098614438e+01,8.965231138632348973e+01,1.576844424724917531e+02,6.130582059575881537e+00,1.194317464819943098e+01,1.749098646837877880e+01,9.035520118903122011e+01
1.600000000000000000e+01,2.412664797016643092e+01,8.905713240880191961e+01,1.568124354669985223e+02,6.073151223955718159e+00,1.186407228596071128e+01,1.738939699926194749e+01,8.976333706369220522e+01
1.605000000000000071e+01,2.382441724959674545e+01,8.846589540367236282e+01,1.559454924802664948e+02,6.016148728708348159e+00,1.178549516780935136e+01,1.728842506892458530e+01,8.917542513430198881e+01
1.610000000000000142e+01,2.352502601020293227e+01,8.787857419624167221e+01,1.550835827324975469e+02,5.959571459757685652e+00,1.170743979719348715e+01,1.718806679592199060e+01,8.859143928379594968e+01
1.615000000000000213e+01,2.322845306806046040e+01,8.729514278606113464e+01,1.542266756373404064e+02,5.903416325170881329e+00,1.162990270086034172e+01,1.708831832377483551e+01,8.801135356938078758e+01
1.619999999999999929e+01,2.293467739329095423e+01,8.671557534576550097e+01,1.533747408006475439e+02,5.847680255006672212e+00,1.155288042870121146e+01,1.698917582080750321e+01,8.743514222136737146e+01
1.625000000000000000e+01,2.264367810896648692e+01,8.613984621991950519e+01,1.525277480192376061e+02,5.792360201164714617e+00,1.147636955359742394e+01,1.689063547998725312e+01,8.686277964201077850e+01
1.630000000000000071e+01,2.235543449002121363e+01,8.556792992387212848e+01,1.516856672796689907e+02,5.737453137235907441e+00,1.140036667126737768e+01,1.679269351876466487e+01,8.629424040435861798e+01
1.635000000000000142e+01,2.206992596217065739e+01,8.499980114261896347e+01,1.508484687570183667e+02,5.682956058353683559e+00,1.132486840011458185e+01,1.669534617891488892e+01,8.572949925110674485e+01
1.640000000000000213e+01,2.178713210083806828e+01,8.443543472967117225e+01,1.500161228136688862e+02,5.628865981046250688e+00,1.124987138107665530e+01,1.659858972637997354e+01,8.516853109346232031e+01
1.644999999999999929e+01,2.150703263008858102e+01,8.387480570593305629e+01,1.491885999981058148e+02,5.575179943089837664e+00,1.117537227747539852e+01,1.650242045111228251e+01,8.461131101001512889e+01
1.650000000000000000e+01,2.122960742157024328e+01,8.331788925858603534e+01,1.483658710437195793e+02,5.521895003362836007e+00,1.110136777486777326e+01,1.640683466691877257e+01,8.405781424561547510e+01
1.655000000000000071e+01,2.095483649346278199e+01,8.276466073998116713e+01,1.475479068676173711e+02,5.469008241700982431e+00,1.102785458089797466e+01,1.631182871130639356e+01,8.350801621026062094e+01
1.660000000000000142e+01,2.068270000943306286e+01,8.221509566653797663e+01,1.467346785694413995e+02,5.416516758753362026e+00,1.095482942515038616e+01,1.621739894532838377e+01,8.296189247798760391e+01
1.665000000000000213e+01,2.041317827759826997e+01,8.166916971765144240e+01,1.459261574301960422e+02,5.364417675839494137e+00,1.088228905900357013e+01,1.612354175343164542e+01,8.241941878577429748e+01
1.669999999999999929e+01,2.014625174949575026e+01,8.112685873460580410e+01,1.451223149110815882e+02,5.312708134807229143e+00,1.081023025548521410e+01,1.603025354330498331e+01,8.188057103244723578e+01
1.675000000000000000e+01,1.988190101906019081e+01,8.058813871949544705e+01,1.443231226523358259e+02,5.261385297891640889e+00,1.073864980912799183e+01,1.593753074572839878e+01,8.134532527759672860e+01
1.680000000000000071e+01,1.962010682160775943e+01,8.005298583415380165e+01,1.435285524720835042e+02,5.210446347574823278e+00,1.066754453582646889e+01,1.584536981442332859e+01,8.081365774049970696e+01
1.685000000000000142e+01,1.936085003282731165e+01,7.952137639908832512e+01,1.427385763651928698e+02,5.159888486446619460e+00,1.059691127269488753e+01,1.575376722590383416e+01,8.028554479904920527e+01
1.690000000000000213e+01,1.910411166777833003e+01,7.899328689242324231e+01,1.419531665021398510e+02,5.109708937066224088e+00,1.052674687792590547e+01,1.566271947932874475e+01,7.976096298869117618e+01
1.694999999999999929e+01,1.884987287989600446e+01,7.846869394884913618e+01,1.411722952278791752e+02,5.059904941824730606e+00,1.045704823065029387e+01,1.557222309635474922e+01,7.923988900136836833e+01
1.700000000000000000e+01,1.859811496000296671e+01,7.794757435857933103e+01,1.403959350607232466e+02,5.010473762808554277e+00,1.038781223079752891e+01,1.548227462099041318e+01,7.872229968447120996e+01
1.705000000000000071e+01,1.834881933532807707e+01,7.742990506631387859e+01,1.396240586912286119e+02,4.961412681663784241e+00,1.031903579895736911e+01,1.539287061945119461e+01,7.820817203979611065e+01
1.710000000000000142e+01,1.810196756853158817e+01,7.691566317020948418e+01,1.388566389810885653e+02,4.912718999461360703e+00,1.025071587624228897e+01,1.530400768001530842e+01,7.769748322250978845e+01
1.715000000000000213e+01,1.785754135673749943e+01,7.640482592085714941e+01,1.380936489620341376e+02,4.864390036563224662e+00,1.018284942415083982e+01,1.521568241288056456e+01,7.719021054012148397e+01
1.719999999999999929e+01,1.761552253057211104e+01,7.589737072026606768e+01,1.373350618347412535e+02,4.816423132489256353e+00,1.011543342443195392e+01,1.512789145002210134e+01,7.668633145146137053e+01
1.725000000000000000e+01,1.737589305320958744e+01,7.539327512085445449e+01,1.365808509677458176e+02,4.768815645785149826e+00,1.004846487895007989e+01,1.504063144505105853e+01,7.618582356566608382e+01
1.730000000000000071e+01,1.713863501942386947e+01,7.489251682444734115e+01,1.358309898963648266e+02,4.721564953891128624e+00,9.981940809551289817e+00,1.495389907307409949e+01,7.568866464117084547e+01
1.735000000000000142e+01,1.690373065464724789e+01,7.439507368128060705e+01,1.350854523216258372e+02,4.674668453011532776e+00,9.915858257930224795e+00,1.486769103055394403e+01,7.519483258470857834e+01
1.740000000000000213e+01,1.667116231403542059e+01,7.390092368901204622e+01,1.343442121092021750e+02,4.628123557985261982e+00,9.850214285497937539e+00,1.478200403517066519e+01,7.470430545031541669e+01
1.744999999999999929e+01,1.644091248153896601e+01,7.341004499173860154e+01,1.336072432883555621e+02,4.581927702157072346e+00,9.785005973250591182e+00,1.469683482568398425e+01,7.421706143834293812e+01
1.750000000000000000e+01,1.621296376898118652e+01,7.292241587902046263e+01,1.328745200508853657e+02,4.536078337249699111e+00,9.720230421639064033e+00,1.461218016179635093e+01,7.373307889447687558e+01
1.755000000000000071e+01,1.598729891514248003e+01,7.243801478491180035e+01,1.321460167500855221e+02,4.490572933236860464e+00,9.655884750439417630e+00,1.452803682401703078e+01,7.325233630876289226e+01
1.760000000000000142e+01,1.576390078485095181e+01,7.195682028699738453e+01,1.314217078997069450e+02,4.445408978217077589e+00,9.591966098624185477e+00,1.444440161352694219e+01,7.277481231463816869e+01
1.765000000000000213e+01,1.554275236807919391e+01,7.147881110543612238e+01,1.307015681729273808e+02,4.400583978288301168e+00,9.528471624234532200e+00,1.436127135204441885e+01,7.230048568796971153e+01
1.769999999999999929e+01,1.532383677904759622e+01,7.100396610201090652e+01,1.299855724013282838e+02,4.356095457423423412e+00,9.465398504253320411e+00,1.427864288169185869e+01,7.182933534609942683e+01
1.775000000000000000e+01,1.510713725533351059e+01,7.053226427918438901e+01,1.292736955738773759e+02,4.311940957346537928e+00,9.402743934478889898e+00,1.419651306486316145e+01,7.136134034689490591e+01
1.780000000000000071e+01,1.489263715698697865e+01,7.006368477916174697e+01,1.285659128359187378e+02,4.268118037410102872e+00,9.340505129399826245e+00,1.411487878409208285e+01,7.089647988780730259e+01
1.785000000000000142e+01,1.468031996565217057e+01,6.959820688295883429e+01,1.278621994881690966e+02,4.224624274472819963e+00,9.278679322070432889e+00,1.403373694192142374e+01,7.043473330493472417e+01
1.790000000000000213e+01,1.447016928369523114e+01,6.913581000947741018e+01,1.271625309857205082e+02,4.181457262778400796e+00,9.217263763987117997e+00,1.395308446077302200e+01,6.997608007209264258e+01
1.794999999999999929e+01,1.426216883333801100e+01,6.867647371458592431e+01,1.264668829370495473e+02,4.138614613835085443e+00,9.156255724965562948e+00,1.387291828281862749e+01,6.952049979988984774e+01
1.800000000000000000e+01,1.405630245579779469e+01,6.822017769020636990e+01,1.257752311030330361e+02,4.096093956295975502e+00,9.095652493018665297e+00,1.379323536985155485e+01,6.906797223481089532e+01
1.805000000000000071e+01,1.385255411043308449e+01,6.776690176340792959e+01,1.250875513959705501e+02,4.053892935840155864e+00,9.035451374235405453e+00,1.371403270315925305e+01,6.861847725830487832e+01
1.810000000000000142e+01,1.365090787389526383e+01,6.731662589550587938e+01,1.244038198786122962e+02,4.012009215054614941e+00,8.975649692660407908e+00,1.363530728339659603e+01,6.817199488587982614e+01
1.815000000000000213e+01,1.345134793928607841e+01,6.686933018116691585e+01,1.237240127631943665e+02,3.970440473316916297e+00,8.916244790174349788e+00,1.355705613046005631e+01,6.772850526620356959e+01
1.819999999999999929e+01,1.325385861532111420e+01,6.642499484752015348e+01,1.230481064104795337e+02,3.929184406678689179e+00,8.857234026375145675e+00,1.347927628336264405e+01,6.728798868021024759e+01
1.825000000000000000e+01,1.305842432549886567e+01,6.598360025327443168e+01,1.223760773288045414e+02,3.888238727749840251e+00,8.798614778459958430e+00,1.340196480010969715e+01,6.685042554021306671e+01
1.830000000000000071e+01,1.286502960727582767e+01,6.554512688784106444e+01,1.217079021731337036e+02,3.847601165583589999e+00,8.740384441107922342e+00,1.332511875757542796e+01,6.641579638902291549e+01
1.835000000000000142e+01,1.267365911124709577e+01,6.510955537046302766e+01,1.210435577441183028e+02,3.807269465562221900e+00,8.682540426363752673e+00,1.324873525138029429e+01,6.598408189907286214e+01
1.840000000000000213e+01,1.248429760033283387e+01,6.467686644934916274e+01,1.203830209871628512e+02,3.767241389283626063e+00,8.625080163522003573e+00,1.317281139576917859e+01,6.555526287154850706e+01
1.844999999999999929e+01,1.229692994897022906e+01,6.424704100081478941e+01,1.197262689914960987e+02,3.727514714448564970e+00,8.568001099012189314e+00,1.309734432349028488e+01,6.512932023552397709e+01
1.850000000000000000e+01,1.211154114231120893e+01,6.382006002842763337e+01,1.190732789892495731e+02,3.688087234748715915e+00,8.511300696284607170e+00,1.302233118567488290e+01,6.470623504710401619e+01
1.855000000000000071e+01,1.192811627542566555e+01,6.339590466215995690e+01,1.184240283545410648e+02,3.648956759755439094e+00,8.454976435696982762e+00,1.294776915171781262e+01,6.428598848857166104e+01
1.860000000000000142e+01,1.174664055251025019e+01,6.297455615754567049e+01,1.177784946025645070e+02,3.610121114809298426e+00,8.399025814401795742e+00,1.287365540915874362e+01,6.386856186754152276e+01
1.865000000000000213e+01,1.156709928610259475e+01,6.255599589484356216e+01,1.171366553886856963e+02,3.571578140910290244e+00,8.343446346234404842e+00,1.279998716356419841e+01,6.345393661611885250e+01
1.869999999999999929e+01,1.138947789630118024e+01,6.214020537820580614e+01,1.164984885075439962e+02,3.533325694608850487e+00,8.288235561601892343e+00,1.272676163841038388e+01,6.304209429006419896e+01
1.875000000000000000e+01,1.121376190999039579e+01,6.172716623485239040e+01,1.158639718921593271e+02,3.495361647897526680e+00,8.233391007372668824e+00,1.265397607496669252e+01,6.263301656796362238e+01
1.880000000000000071e+01,1.103993696007125713e+01,6.131686021425049660e+01,1.152330836130461336e+02,3.457683888103433745e+00,8.178910246766768921e+00,1.258162773218007580e+01,6.222668525040459997e+01
1.885000000000000142e+01,1.086798878469724450e+01,6.090926918729990547e+01,1.146058018773315581e+02,3.420290317781372380e+00,8.124790859246935781e+00,1.250971388656003036e+01,6.182308225915714672e+01
1.890000000000000213e+01,1.069790322651565084e+01,6.050437514552331919e+01,1.139821050278809480e+02,3.383178854607697073e+00,8.071030440410364548e+00,1.243823183206444583e+01,6.142218963636081241e+01
1.894999999999999929e+01,1.052966623191409923e+01,6.010216020026260253e+01,1.133619715424278098e+02,3.346347431274871553e+00,8.017626601881225668e+00,1.236717887998612397e+01,6.102398954371678030e+01
1.900000000000000000e+01,1.036326385027232178e+01,5.970260658187979175e+01,1.127453800327097042e+02,3.309793995386724141e+00,7.964576971203839229e+00,1.229655235884000497e+01,6.062846426168540148e+01
1.905000000000000071e+01,1.019868223321931744e+01,5.930569663896407917e+01,1.121323092436105924e+02,3.273516509354435389e+00,7.911879191736627348e+00,1.222634961425124267e+01,6.023559618868952015e+01
1.910000000000000142e+01,1.003590763389546581e+01,5.891141283754352287e+01,1.115227380523075738e+02,3.237512950293180758e+00,7.859530922546715814e+00,1.215656800884386790e+01,5.984536784032252399e+01
1.915000000000000213e+01,9.874926406219922015e+00,5.851973776030222041e+01,1.109166454674239617e+02,3.201781309919478513e+00,7.807529838305254266e+00,1.208720492213025821e+01,5.945776184856208602e+01
1.920000000000000284e+01,9.715725004163120460e+00,5.813065410580287562e+01,1.103140106281873756e+02,3.166319594449230834e+00,7.755873629183447804e+00,1.201825775040126665e+01,5.907276096098905782e+01
1.925000000000000000e+01,9.558289981024318038e+00,5.774414468771424680e+01,1.097148128035939436e+02,3.131125824496435506e+00,7.704560000749253845e+00,1.194972390661713924e+01,5.869034804001168482e+01
1.930000000000000071e+01,9.402607988714226650e+00,5.736019243404390977e+01,1.091190313915770531e+02,3.096198034972585056e+00,7.653586673864785084e+00,1.188160082029901510e+01,5.831050606209477394e+01
1.935000000000000142e+01,9.248665777042603509e+00,5.697878038637608711e+01,1.085266459181824956e+02,3.061534274986722259e+00,7.602951384584367922e+00,1.181388593742128457e+01,5.793321811699431834e+01
1.940000000000000213e+01,9.096450193010904073e+00,5.659989169911464302e+01,1.079376360367479180e+02,3.027132607746189752e+00,7.552651884053326548e+00,1.174657672030448907e+01,5.755846740699702480e+01
1.945000000000000284e+01,8.945948180109819958e+00,5.622350963873092411e+01,1.073519815270889239e+02,2.992991110458024462e+00,7.502685938407380739e+00,1.167967064750905948e+01,5.718623724616514892e+01
1.950000000000000000e+01,8.797146777621753344e+00,5.584961758301694346e+01,1.067696622946889988e+02,2.959107874231024837e+00,7.453051328672763098e+00,1.161316521372962107e+01,5.681651105958616199e+01
1.955000000000000071e+01,8.650033119928105307e+00,5.547819902034302686e+01,1.061906583698958428e+02,2.925481003978448680e+00,7.403745850666950901e+00,1.154705792969003575e+01,5.644927238262749825e+01
1.960000000000000142e+01,8.504594435821539733e+00,5.510923754892100845e+01,1.056149499071222806e+02,2.892108618321405533e+00,7.354767314900112929e+00,1.148134632203915295e+01,5.608450486019646064e+01
1.965000000000000213e+01,8.360818047822998977e+00,5.474271687607196668e+01,1.050425171840530112e+02,2.858988849492869466e+00,7.306113546477168263e+00,1.141602793324719656e+01,5.572219224600498677e+01
1.970000000000000284e+01,8.218691371503409115e+00,5.437862081749884169e+01,1.044733406008554795e+02,2.826119843242326457e+00,7.257782385000510317e+00,1.135110032150279835e+01,5.536231840183914699e+01
1.975000000000000000e+01,8.078201914810351880e+00,5.401693329656406917e+01,1.039074006793971563e+02,2.793499758741101680e+00,7.209771684473383679e+00,1.128656106061080067e+01,5.500486729683390763e+01
1.980000000000000071e+01,7.939337277399184600e+00,5.365763834357180428e+01,1.033446780624667554e+02,2.761126768488270322e+00,7.162079313203882691e+00,1.122240773989058482e+01,5.464982300675238491e+01
1.985000000000000142e+01,7.802085149969124167e+00,5.330072009505525443e+01,1.027851535130015037e+02,2.728999058217250973e+00,7.114703153709619698e+00,1.115863796407519537e+01,5.429716971327028574e+01
1.990000000000000213e+01,7.666433313603755906e+00,5.294616279306847417e+01,1.022288079133184908e+02,2.697114826802989640e+00,7.067641102623006155e+00,1.109524935321099015e+01,5.394689170326479655e+01
1.995000000000000284e+01,7.532369639116331506e+00,5.259395078448299188e+01,1.016756222643519152e+02,2.665472286169789928e+00,7.020891070597160777e+00,1.103223954255806305e+01,5.359897336810855961e+01
2.000000000000000000e+01,7.399882086399549586e+00,5.224406852028914017e+01,1.011255776848946368e+02,2.634069661199752943e+00,6.974450982212458960e+00,1.096960618249122632e+01,5.325339920296811158e+01
2.005000000000000071e+01,7.268958703779930808e+00,5.189650055490182723e+01,1.005786554108448456e+02,2.602905189641826933e+00,6.928318775883664848e+00,1.090734693840164127e+01,5.291015380610710395e+01
2.010000000000000142e+01,7.139587627376782208e+00,5.155123154547143827e+01,1.000348367944578882e+02,2.571977122021492423e+00,6.882492403767756173e+00,1.084545949059916836e+01,5.256922187819438363e+01
2.015000000000000213e+01,7.011757080465609526e+00,5.120824625119889362e+01,9.949410330360271359e+01,2.541283721551041097e+00,6.836969831672290887e+00,1.078394153421524670e+01,5.223058822161652870e+01
2.020000000000000284e+01,6.885455372845957989e+00,5.086752953265524013e+01,9.895643652102323529e+01,2.510823264040444869e+00,6.791749038964397300e+00,1.072279077910648759e+01,5.189423773979491727e+01
2.025000000000000000e+01,6.760670900213818335e+00,5.052906635110613820e+01,9.842181814360418457e+01,2.480594037808861341e+00,6.746828018480396594e+00,1.066200494975882052e+01,5.156015543650757138e+01
2.030000000000000071e+01,6.637392143538278333e+00,5.019284176784060492e+01,9.789022998164233513e+01,2.450594343596690816e+00,6.702204776436013312e+00,1.060158178519232663e+01,5.122832641521545582e+01
2.035000000000000142e+01,6.515607668442724432e+00,4.985884094350411999e+01,9.736165395812227530e+01,2.420822494478274578e+00,6.657877332337151621e+00,1.054151903886667263e+01,5.089873587839331037e+01
2.040000000000000213e+01,6.395306124590280028e+00,4.952704913743662729e+01,9.683607210799615927e+01,2.391276815775147835e+00,6.613843718891333268e+00,1.048181447858710413e+01,5.057136912686492280e+01
2.045000000000000284e+01,6.276476245073615345e+00,4.919745170701433779e+01,9.631346657746962592e+01,2.361955644969891743e+00,6.570101981919642675e+00,1.042246588641118166e+01,5.024621155914297788e+01
2.050000000000000000e+01,6.159106845809020570e+00,4.887003410699647787e+01,9.579381962329085809e+01,2.332857331620564079e+00,6.526650180269327528e+00,1.036347105855595530e+01,4.992324867077320505e+01
2.055000000000000071e+01,6.043186824934766221e+00,4.854478188887605228e+01,9.527711361204505636e+01,2.303980237275710774e+00,6.483486385726939361e+00,1.030482780530586950e+01,4.960246605368298134e+01
2.060000000000000142e+01,5.928705162213693036e+00,4.822168070023506203e+01,9.476333101945357384e+01,2.275322735389948559e+00,6.440608682932071005e+00,1.024653395092122210e+01,4.928384939553434663e+01
2.065000000000000213e+01,5.815650918440031347e+00,4.790071628410400706e+01,9.425245442967711540e+01,2.246883211240130240e+00,6.398015169291652704e+00,1.018858733354722013e+01,4.896738447908128933e+01
2.070000000000000284e+01,5.704013234850298097e+00,4.758187447832551698e+01,9.374446653462396739e+01,2.218660061842046005e+00,6.355703954894822871e+00,1.013098580512362012e+01,4.865305718153132375e+01
2.075000000000000000e+01,5.593781332538528162e+00,4.726514121492265730e+01,9.323935013326239130e+01,2.190651695867738002e+00,6.313673162428392160e+00,1.007372723129497771e+01,4.834085347391155807e+01
2.080000000000000071e+01,5.484944511875410988e+00,4.695050251947073860e+01,9.273708813093772108e+01,2.162856533563320749e+00,6.271920927092804909e+00,1.001680949132146026e+01,4.803075942043865609e+01
2.085000000000000142e+01,5.377492151931722475e+00,4.663794451047417056e+01,9.223766353869365275e+01,2.135273006667407714e+00,6.230445396518756063e+00,9.960230477990263509e+00,4.772276117789343175e+01
2.090000000000000213e+01,5.271413709905650613e+00,4.632745339874669099e+01,9.174105947259829463e+01,2.107899558330046386e+00,6.189244730684262841e+00,9.903988097527580692e+00,4.741684499499933025e+01
2.095000000000000284e+01,5.166698720554303570e+00,4.601901548679613541e+01,9.124725915307416813e+01,2.080734643032242648e+00,6.148317101832340370e+00,9.848080269511148899e+00,4.711299721180518674e+01
2.100000000000000000e+01,5.063336795629122200e+00,4.571261716821338439e+01,9.075624590423308291e+01,2.053776726506001182e+00,6.107660694389244860e+00,9.792504926783404784e+00,4.681120425907224103e+01
2.105000000000000071e+01,4.961317623315290248e+00,4.540824492706495619e+01,9.026800315321466428e+01,2.027024285654908109e+00,6.067273704883190177e+00,9.737260015365116317e+00,4.651145265766496806e+01
2.110000000000000142e+01,4.860630967675215075e+00,4.510588533729023908e+01,8.978251442953002481e+01,2.000475808475293604e+00,6.027154341863690590e+00,9.682343494369694881e+00,4.621372901794643440e+01
2.115000000000000213e+01,4.761266668095793797e+00,4.480552506210221253e+01,8.929976336440910245e+01,1.974129793977879688e+00,5.987300825821376016e+00,9.627753335917978106e+00,4.591802003917733543e+01
2.120000000000000284e+01,4.663214638739630935e+00,4.450715085339248134e+01,8.881973369015219077e+01,1.947984752109979345e+00,5.947711389108361502e+00,9.573487525053597125e+00,4.562431250891919632e+01
2.125000000000000000e+01,4.566464868000185362e+00,4.421074955114013960e+01,8.834240923948631519e+01,1.922039203678237884e+00,5.908384275859157597e+00,9.519544059658899826e+00,4.533259330244169405e+01
2.130000000000000071e+01,4.471007417960668029e+00,4.391630808282464216e+01,8.786777394492494864e+01,1.896291680271870561e+00,5.869317741912086994e+00,9.465920950371405240e+00,4.504284938213372413e+01
2.135000000000000142e+01,4.376832423856891197e+00,4.362381346284260530e+01,8.739581183813260168e+01,1.870740724186457982e+00,5.830510054731250058e+00,9.412616220500835240e+00,4.475506779691868076e+01
2.140000000000000213e+01,4.283930093543773410e+00,4.333325279192828106e+01,8.692650704929319261e+01,1.845384888348222674e+00,5.791959493328969977e+00,9.359627905946647175e+00,4.446923568167338203e+01
2.145000000000000284e+01,4.192290706965739133e+00,4.304461325657831594e+01,8.645984380648273770e+01,1.820222736238850114e+00,5.753664348188799238e+00,9.306954055116156255e+00,4.418534025665127274e+01
2.150000000000000000e+01,4.101904615630814988e+00,4.275788212848000569e+01,8.599580643504583577e+01,1.795252841820813794e+00,5.715622921189016381e+00,9.254592728843123339e+00,4.390336882690916553e+01
2.155000000000000071e+01,4.012762242088392384e+00,4.247304676394337974e+01,8.553437935697627381e+01,1.770473789463186343e+00,5.677833525526613911e+00,9.202542000306925374e+00,4.362330878173785464e+01
2.160000000000000142e+01,3.924854079410819097e+00,4.219009460333722927e+01,8.507554709030218021e+01,1.745884173868001099e+00,5.640294485641827116e+00,9.150799954952267612e+00,4.334514759409686491e+01
2.165000000000000213e+01,3.838170690678511576e+00,4.190901317052892239e+01,8.461929424847427583e+01,1.721482599997067764e+00,5.603004137143155816e+00,9.099364690409352363e+00,4.306887282005266115e+01
2.170000000000000284e+01,3.752702708468846460e+00,4.162979007232757311e+01,8.416560553975881476e+01,1.697267682999327176e+00,5.565960826732852418e+00,9.048234316414632161e+00,4.279447209822070164e+01
2.175000000000000000e+01,3.668440834348546620e+00,4.135241299793154468e+01,8.371446576663429084e+01,1.673238048138663947e+00,5.529162912132957075e+00,8.997406954732053208e+00,4.252193314921147760e+01
2.180000000000000071e+01,3.585375838369783796e+00,4.107686971837902945e+01,8.326585982519178231e+01,1.649392330722250222e+00,5.492608762011785828e+00,8.946880739074810407e+00,4.225124377507990658e+01
2.185000000000000142e+01,3.503498558569759336e+00,4.080314808600269316e+01,8.281977270453982953e+01,1.625729176029344858e+00,5.456296755910925889e+00,8.896653815027653067e+00,4.198239185877874036e+01
2.190000000000000213e+01,3.422799900473904255e+00,4.053123603388784346e+01,8.237618948621235404e+01,1.602247239240607746e+00,5.420225284172720315e+00,8.846724339969615158e+00,4.171536536361548997e+01
2.195000000000000284e+01,3.343270836602519669e+00,4.026112157533409430e+01,8.193509534358122437e+01,1.578945185367865767e+00,5.384392747868217199e+00,8.797090482997351302e+00,4.145015233271298172e+01
2.200000000000000000e+01,3.264902405981021882e+00,3.999279280332088149e+01,8.149647554127204785e+01,1.555821689184395451e+00,5.348797558725620682e+00,8.747750424848904416e+00,4.118674088847370740e+01
2.205000000000000071e+01,3.187685713653520825e+00,3.972623788997612593e+01,8.106031543458392719e+01,1.532875435155633737e+00,5.313438139059186938e+00,8.698702357827965415e+00,4.092511923204742175e+01
2.210000000000000142e+01,3.111611930200035570e+00,3.946144508604896828e+01,8.062660046891353716e+01,1.510105117370427186e+00,5.278312921698641524e+00,8.649944485728715549e+00,4.066527564280288232e+01
2.215000000000000213e+01,3.036672291256953482e+00,3.919840272038565843e+01,8.019531617918185873e+01,1.487509439472685768e+00,5.243420349919029277e+00,8.601475023761043559e+00,4.040719847780253104e+01
2.220000000000000284e+01,2.962858097041022543e+00,3.893709919940895503e+01,7.976644818926560276e+01,1.465087114593552897e+00,5.208758877371027829e+00,8.553292198476336594e+00,4.015087617128113351e+01
2.225000000000000000e+01,2.890160711876637034e+00,3.867752300660111331e+01,7.933998221143201590e+01,1.442836865284006231e+00,5.174326968011746075e+00,8.505394247693736531e+00,3.989629723412771511e+01
2.230000000000000071e+01,2.818571563726556040e+00,3.841966270199036160e+01,7.891590404577716811e+01,1.420757423447947199e+00,5.140123096035989825e+00,8.457779420426838612e+00,3.964345025337111394e+01
2.235000000000000142e+01,2.748082143725900650e+00,3.816350692164066771e+01,7.849419957966797767e+01,1.398847530275729056e+00,5.106145745807951997e+00,8.410445976810924762e+00,3.939232389166880210e+01
2.240000000000000213e+01,2.678684005719493832e+00,3.790904437714492303e+01,7.807485478718825789e+01,1.377105936178153023e+00,5.072393411793382434e+00,8.363392188030644547e+00,3.914290688679939478e+01
2.245000000000000284e+01,2.610368765802460800e+00,3.765626385512162244e+01,7.765785572858764851e+01,1.355531400720903612e+00,5.038864598492206248e+00,8.316616336248177532e+00,3.889518805115834255e+01
2.250000000000000000e+01,2.543128101864154278e+00,3.740515421671485541e+01,7.724318854973500947e+01,1.334122692559456924e+00,5.005557820371594246e+00,8.270116714531868141e+00,3.864915627125721898e+01
2.255000000000000071e+01,2.476953753135221703e+00,3.715570439709747319e+01,7.683083948157431564e+01,1.312878589374399718e+00,4.972471601799457019e+00,8.223891626785302833e+00,3.840480050722612049e+01
2.260000000000000142e+01,2.411837519738022628e+00,3.690790340497783006e+01,7.642079483958511332e+01,1.291797877807234096e+00,4.939604476978407988e+00,8.177939387676897098e+00,3.816210979231969702e+01
2.265000000000000213e+01,2.347771262240127665e+00,3.666174032210962253e+01,7.601304102324583312e+01,1.270879353396584976e+00,4.906954989880158102e+00,8.132258322569908771e+00,3.792107323242630201e+01
2.270000000000000284e+01,2.284746901211089032e+00,3.641720430280518173e+01,7.560756451550078339e+01,1.250121820514877635e+00,4.874521694180351084e+00,8.086846767452904317e+00,3.768168000558056008e+01
2.275000000000000000e+01,2.222756416782278421e+00,3.617428457345172887e+01,7.520435188223083856e+01,1.229524092305417371e+00,4.842303153193807219e+00,8.041703068870740267e+00,3.744391936147914635e+01
2.280000000000000071e+01,2.161791848209952516e+00,3.593297043203104835e+01,7.480338977172678483e+01,1.209084990619938349e+00,4.810297939810229906e+00,7.996825583855884823e+00,3.720778062099971351e+01
2.285000000000000142e+01,2.101845293441351181e+00,3.569325124764253587e+01,7.440466491416731287e+01,1.188803345956547464e+00,4.778504636430339403e+00,7.952212679860317657e+00,3.697325317572343550e+01
2.290000000000000213e+01,2.042908908683946922e+00,3.545511646002903205e+01,7.400816412109934106e+01,1.168677997398122281e+00,4.746921834902412485e+00,7.907862734687794770e+00,3.674032648746033658e+01
2.295000000000000284e+01,1.984974907977714365e+00,3.521855557910605228e+01,7.361387428492233198e+01,1.148707792551112661e+00,4.715548136459243977e+00,7.863774136426577854e+00,3.650899008777803800e+01
2.300000000000000000e+01,1.928035562770493039e+00,3.498355818449425669e+01,7.322178237837542270e+01,1.128891587484777581e+00,4.684382151655562154e+00,7.819945283382597090e+00,3.627923357753360278e+01
2.305000000000000071e+01,1.872083201496337779e+00,3.475011392505471974e+01,7.283187545402847718e+01,1.109228246670828089e+00,4.653422500305809173e+00,7.776374584013064251e+00,3.605104662640856361e+01
2.310000000000000142e+01,1.817110209156902911e+00,3.451821251842763871e+01,7.244414064377605200e+01,1.089716642923495682e+00,4.622667811422387807e+00,7.733060456860526344e+00,3.582441897244706297e+01
2.315000000000000213e+01,1.763109026905824273e+00,3.428784375057391287e+01,7.205856515833495735e+01,1.070355657340014144e+00,4.592116723154281210e+00,7.690001330487343800e+00,3.559934042159714807e+01
2.320000000000000284e+01,1.710072151636019999e+00,3.405899747531989163e+01,7.167513628674451809e+01,1.051144179241501053e+00,4.561767882726108780e+00,7.647195643410573673e+00,3.537580084725507845e+01
2.325000000000000000e+01,1.657992135569991365e+00,3.383166361390495069e+01,7.129384139587099867e+01,1.032081106114259406e+00,4.531619946377557717e+00,7.604641844037342224e+00,3.515379018981272452e+01
2.330000000000000071e+01,1.606861585852991992e+00,3.360583215453250006e+01,7.091466792991394641e+01,1.013165343551468256e+00,4.501671579303255122e+00,7.562338390600547022e+00,3.493329845620798579e+01
2.335000000000000142e+01,1.556673164149170896e+00,3.338149315192347188e+01,7.053760340991739497e+01,9.943958051952987987e-01,4.471921455593006911e+00,7.520283751095099944e+00,3.471431571947837824e+01
2.340000000000000213e+01,1.507419586240532627e+00,3.315863672687324737e+01,7.016263543328270202e+01,9.757714126794062581e-01,4.442368258172459505e+00,7.478476403214488144e+00,3.449683211831742824e+01
2.345000000000000284e+01,1.459093621628802850e+00,3.293725306581121970e+01,6.978975167328539442e+01,9.572910955718313408e-01,4.413010678744138993e+00,7.436914834287779996e+00,3.428083785663415739e+01
2.350000000000000000e+01,1.411688093140128109e+00,3.271733242036342659e+01,6.941893987859496917e+01,9.389537913182945950e-01,4.383847417728893525e+00,7.395597541217085791e+00,3.406632320311548767e+01
2.355000000000000071e+01,1.365195876532602659e+00,3.249886510691818131e+01,6.905018787279777825e+01,9.207584451858823460e-01,4.354877184207728291e+00,7.354523030415361262e+00,3.385327849079168061e+01
2.360000000000000142e+01,1.319609900106594402e+00,3.228184150619444637e+01,6.868348355392313920e+01,9.027040102071162142e-01,4.326098695864022403e+00,7.313689817744689847e+00,3.364169411660465414e+01
2.365000000000000213e+01,1.274923144317873902e+00,3.206625206281305651e+01,6.831881489397211737e+01,8.847894471244208692e-01,4.297510678926117045e+00,7.273096428454898010e+00,3.343156054097902086e+01
2.370000000000000284e+01,1.231128641393485657e+00,3.185208728487114271e+01,6.795616993845017362e+01,8.670137243349608225e-01,4.269111868110329056e+00,7.232741397122647520e+00,3.322286828739648712e+01
2.375000000000000000e+01,1.188219474950400256e+00,3.163933774351887607e+01,6.759553680590167346e+01,8.493758178358754574e-01,4.240901006564286924e+00,7.192623267590848357e+00,3.301560794197245485e+01
2.380000000000000071e+01,1.146188779616844622e+00,3.142799407253946953e+01,6.723690368744868806e+01,8.318747111698695518e-01,4.212876845810687776e+00,7.152740592908546802e+00,3.280977015303611921e+01
2.385000000000000142e+01,1.105029740656420678e+00,3.121804696793182998e+01,6.688025884633181306e+01,8.145093953712143620e-01,4.185038145691422073e+00,7.113091935271160793e+00,3.260534563071297498e+01
2.390000000000000213e+01,1.064735593594832164e+00,3.100948718749589972e+01,6.652559061745441227e+01,7.972788689120866579e-01,4.157383674312044697e+00,7.073675865961110532e+00,3.240232514651026463e+01
2.395000000000000284e+01,1.025299623849344588e+00,3.080230555042090757e+01,6.617288740693000193e+01,7.801821376493054405e-01,4.129912207986651929e+00,7.034490965288870079e+00,3.220069953290528986e+01
2.400000000000000000e+01,9.867151663608643153e-01,3.059649293687636273e+01,6.582213769163188033e+01,7.632182147714227094e-01,4.102622531183105714e+00,6.995535822534368897e+00,3.200045968293636633e+01
2.405000000000000071e+01,9.489756052286761889e-01,3.039204028760560305e+01,6.547333001874636693e+01,7.463861207461888192e-01,4.075513436468616746e+00,6.956809035888787740e+00,3.180159654979656381e+01
2.410000000000000142e+01,9.120743733477754134e-01,3.018893860352224578e+01,6.512645300532869896e+01,7.296848832683746622e-01,4.048583724455705024e+00,6.918309212396767549e+00,3.160410114643024215e+01
2.415000000000000213e+01,8.760049520488377706e-01,2.998717894530932782e+01,6.478149533786164227e+01,7.131135372079707713e-01,4.021832203748527235e+00,6.880034967898947862e+00,3.140796454513228397e+01
2.420000000000000284e+01,8.407608707407201454e-01,2.978675243302096476e+01,6.443844577181731381e+01,6.966711245587222656e-01,3.995257690889532753e+00,6.841984926974935100e+00,3.121317787714999170e+01
2.425000000000000000e+01,8.063357065555742942e-01,2.958765024568679891e+01,6.409729313122164740e+01,6.803566943870461570e-01,3.968859010306500235e+00,6.804157722886608362e+00,3.101973233228770255e+01
2.430000000000000071e+01,7.727230839964577269e-01,2.938986362091902649e+01,6.375802630822137473e+01,6.641693027812773931e-01,3.942634994259918813e+00,6.766551997521792039e+00,3.082761915851397205e+01
2.435000000000000142e+01,7.399166745875270790e-01,2.919338385452213558e+01,6.342063426265448811e+01,6.481080128012948194e-01,3.916584482790724131e+00,6.729166401338350312e+00,3.063682966157157139e+01
2.440000000000000213e+01,7.079101965266937357e-01,2.899820230010511679e+01,6.308510602162304082e+01,6.321718944284733244e-01,3.890706323668375433e+00,6.691999593308596950e+00,3.044735520458999289e+01
2.445000000000000284e+01,6.766974143407982201e-01,2.880431036869632067e+01,6.275143067906859073e+01,6.163600245159956970e-01,3.864999372339283479e+00,6.655050240864071931e+00,3.025918720770050641e+01
2.450000000000000000e+01,6.462721385432574905e-01,2.861169952836097963e+01,6.241959739535090534e+01,6.006714867395094304e-01,3.839462491875583972e+00,6.618317019840734616e+00,3.007231714765403296e+01
2.455000000000000071e+01,6.166282252941654995e-01,2.842036130382107828e+01,6.208959539682897599e+01,5.851053715481219220e-01,3.814094552924247594e+00,6.581798614424459792e+00,2.988673655744132418e+01
2.460000000000000142e+01,5.877595760628365751e-01,2.823028727607796640e+01,6.176141397544485301e+01,5.696607761157392869e-01,3.788894433656534222e+00,6.545493717096907638e+00,2.970243702591590562e+01
2.465000000000000213e+01,5.596601372927829665e-01,2.804146908203739130e+01,6.143504248831028036e+01,5.543368042927458994e-01,3.763861019717784195e+00,6.509401028581780047e+00,2.951941019741946093e+01
2.470000000000000284e+01,5.323239000690789258e-01,2.785389841413698164e+01,6.111047035729583143e+01,5.391325665580128934e-01,3.738993204177536001e+00,6.473519257791375381e+00,2.933764777140972058e+01
2.475000000000000000e+01,5.057448997881469621e-01,2.766756701997634948e+01,6.078768706862276616e+01,5.240471799712523859e-01,3.714289887479990337e+00,6.437847121773542014e+00,2.915714150209090150e+01
2.480000000000000071e+01,4.799172158298732338e-01,2.748246670194948393e+01,6.046668217245787247e+01,5.090797681256826746e-01,3.689749977394781499e+00,6.402383345658966718e+00,2.897788319804667623e+01
2.485000000000000142e+01,4.548349712321397287e-01,2.729858931687989809e+01,6.014744528251024036e+01,4.942294611010540906e-01,3.665372388968121342e+00,6.367126662608802334e+00,2.879986472187554369e+01
2.490000000000000213e+01,4.304923323676430047e-01,2.711592677565778331e+01,5.982996607563131874e+01,4.794953954169720589e-01,3.641156044474208375e+00,6.332075813762643612e+00,2.862307798982863005e+01
2.495000000000000284e+01,4.068835086230732645e-01,2.693447104287999494e+01,5.951423429141716781e+01,4.648767139865634945e-01,3.617099873367013885e+00,6.297229548186850323e+00,2.844751497145005814e+01
2.500000000000000000e+01,3.840027520805841532e-01,2.675421413649214131e+01,5.920023973181345411e+01,4.503725660704591682e-01,3.593202812232356713e+00,6.262586622823206994e+00,2.827316768921958001e+01
2.505000000000000071e+01,3.618443572015579979e-01,2.657514812743329102e+01,5.888797226072288993e+01,4.359821072310943180e-01,3.569463804740318658e+00,6.228145802437915712e+00,2.810002821819775676e+01
2.510000000000000142e+01,3.404026605126656002e-01,2.639726513928283325e+01,5.857742180361533713e+01,4.217044992873421605e-01,3.545881801597958294e+00,6.193905859570932648e+00,2.792808868567341563e+01
2.515000000000000213e+01,3.196720402941524708e-01,2.622055734790989590e+01,5.826857834714036244e+01,4.075389102694401133e-01,3.522455760502357869e+00,6.159865574485635875e+00,2.775734127081357627e+01
2.520000000000000284e+01,2.996469162704097355e-01,2.604501698112497010e+01,5.796143193874232225e+01,3.934845143742575768e-01,3.499184646093970397e+00,6.126023735118826252e+00,2.758777820431566852e+01
2.525000000000000000e+01,2.803217493027407858e-01,2.587063631833390787e+01,5.765597268627804084e+01,3.795404919208527073e-01,3.476067429910284723e+00,6.092379137031053382e+00,2.741939176806214817e+01
2.530000000000000071e+01,2.616910410843621415e-01,2.569740769019417215e+01,5.735219075763655638e+01,3.657060293063531531e-01,3.453103090339791237e+00,6.058930583357255983e+00,2.725217429477731557e+01
2.535000000000000142e+01,2.437493338375948393e-01,2.552532347827354897e+01,5.705007638036184403e+01,3.519803189621396045e-01,3.430290612576275766e+00,6.025676884757753982e+00,2.708611816768663516e+01
2.540000000000000213e+01,2.264912100132446815e-01,2.535437611471093788e+01,5.674961984127800463e+01,3.383625593103400941e-01,3.407628988573390583e+00,5.992616859369570115e+00,2.692121582017828274e+01
2.545000000000000284e+01,2.099112919921401199e-01,2.518455808187944456e+01,5.645081148611605926e+01,3.248519547206205615e-01,3.385117216999539380e+00,5.959749332758006446e+00,2.675745973546677448e+01
2.550000000000000000e+01,1.940042417888341308e-01,2.501586191205187504e+01,5.615364171914428226e+01,3.114477154672848358e-01,3.362754303193077110e+00,5.927073137868625885e+00,2.659484244625921434e+01
2.555000000000000071e+01,1.787647607574331110e-01,2.484828018706826924e+01,5.585810100279995538e+01,2.981490576866681619e-01,3.340539259117788706e+00,5.894587114979479736e+00,2.643335653442348132e+01
2.560000000000000142e+01,1.641875892995633135e-01,2.468180553800577215e+01,5.556417985732426246e+01,2.849552033348390911e-01,3.318471103318672011e+00,5.862290111653705615e+00,2.627299463065884311e+01
2.565000000000000213e+01,1.502675065744257243e-01,2.451643064485070411e+01,5.527186886039913816e+01,2.718653801455822583e-01,3.296548860878025788e+00,5.830180982692402480e+00,2.611374941416874407e+01
2.570000000000000284e+01,1.369993302109620559e-01,2.435214823617265267e+01,5.498115864678637621e+01,2.588788215886900224e-01,3.274771563371804195e+00,5.798258590087817410e+00,2.595561361233566089e+01
2.575000000000000000e+01,1.243779160220861574e-01,2.418895108880107259e+01,5.469203990796942350e+01,2.459947668285347999e-01,3.253138248826299428e+00,5.766521802976856570e+00,2.579858000039841315e+01
2.580000000000000071e+01,1.123981577209849925e-01,2.402683202750366576e+01,5.440450339179715655e+01,2.332124606829358016e-01,3.231647961675073955e+00,5.734969497594884835e+00,2.564264140113136747e+01
2.585000000000000142e+01,1.010549866394713642e-01,2.386578392466720544e+01,5.411853990213019472e+01,2.205311535823173963e-01,3.210299752716218258e+00,5.703600557229852264e+00,2.548779068452601848e+01
2.590000000000000213e+01,9.034337144836845912e-02,2.370579969998032865e+01,5.383414029848949411e+01,2.079501015291492783e-01,3.189092679069859493e+00,5.672413872176706562e+00,2.533402076747463028e+01
2.595000000000000284e+01,8.025831787991220823e-02,2.354687232011846021e+01,5.355129549570687431e+01,1.954685660576685191e-01,3.168025804135977008e+00,5.641408339692096874e+00,2.518132461345592787e+01
2.600000000000000000e+01,7.079486845216892421e-02,2.338899479843099982e+01,5.326999646357840845e+01,1.830858141938925265e-01,3.147098197552498533e+00,5.610582863949409749e+00,2.502969523222314407e+01
2.605000000000000071e+01,6.194810219543375046e-02,2.323216019463024651e+01,5.299023422651931270e+01,1.708011184158987616e-01,3.126308935153646384e+00,5.579936355994049357e+00,2.487912567949381071e+01
2.610000000000000142e+01,5.371313438062273043e-02,2.307636161448279921e+01,5.271199986322176301e+01,1.586137566144023570e-01,3.105657098928604309e+00,5.549467733699069427e+00,2.472960905664199771e+01
2.615000000000000213e+01,4.608511624961265929e-02,2.292159220950279419e+01,5.243528450631455229e+01,1.465230120535868374e-01,3.085141776980436124e+00,5.519175921721062750e+00,2.458113851039243869e+01
2.620000000000000284e+01,3.905923474754820213e-02,2.276784517664721008e+01,5.216007934202480811e+01,1.345281733322330475e-01,3.064762063485278354e+00,5.489059851456337569e+00,2.443370723251669574e+01
2.625000000000000000e+01,3.263071225707333406e-02,2.261511375801324064e+01,5.188637560984251706e+01,1.226285343451021387e-01,3.044517058651811769e+00,5.459118460997418154e+00,2.428730845953151629e+01
2.630000000000000071e+01,2.679480633449404098e-02,2.246339124053764280e+01,5.161416460218623570e+01,1.108233942445999987e-01,3.024405868680993592e+00,5.429350695089772749e+00,2.414193547239900539e+01
2.635000000000000142e+01,2.154680944784835572e-02,2.231267095569815240e+01,5.134343766407202025e+01,9.911205740270771780e-02,3.004427605726073036e+00,5.399755505088895902e+00,2.399758159622904330e+01
2.640000000000000213e+01,1.688204871687480971e-02,2.216294627921692140e+01,5.107418619278379879e+01,8.749383337318203391e-02,2.984581387852869305e+00,5.370331848917628825e+00,2.385424019998362866e+01
2.645000000000000284e+01,1.279588565486143061e-02,2.201421063076577056e+01,5.080640163754593175e+01,7.596803685401505579e-02,2.964866339000302276e+00,5.341078691023755098e+00,2.371190469618308327e+01
2.650000000000000000e+01,9.283715912368244866e-03,2.186645747367356307e+01,5.054007549919823106e+01,6.453398765016540861e-02,2.945281588941198070e+00,5.311995002337915217e+00,2.357056854061443119e+01
2.655000000000000071e+01,6.340969022804067781e-03,2.171968031463549664e+01,5.027519932987269868e+01,5.319101063654371048e-02,2.925826273243353537e+00,5.283079760231755628e+00,2.343022523204162155e+01
2.660000000000000142e+01,3.963108149850550280e-03,2.157387270342431052e+01,5.001176473267272371e+01,4.193843572126922797e-02,2.906499533230867627e+00,5.254331948476393954e+00,2.329086831191779794e+01
2.665000000000000213e+01,2.145629836713283320e-03,2.142902823260341805e+01,4.974976336135389943e+01,3.077559780917062462e-02,2.887300515945713464e+00,5.225750557201119584e+00,2.315249136409936170e+01
2.670000000000000284e+01,8.840637571944650426e-04,2.128514053724205723e+01,4.948918692000729891e+01,1.970183676555700703e-02,2.868228374109591083e+00,5.197334582852390916e+00,2.301508801456215281e+01
2.675000000000000000e+01,1.739724685687366209e-04,2.114220329463204351e+01,4.923002716274463353e+01,8.716497380233140246e-03,2.849282266085999993e+00,5.169083028153101722e+00,2.287865193111932172e+01
2.680000000000000071e+01,0.000000000000000000e+00,2.100021022400687087e+01,4.897227589338530862e+01,-0.000000000000000000e+00,2.830461355842607496e+00,5.140994902062092642e+00,2.274317408534976437e+01
2.685000000000000142e+01,0.000000000000000000e+00,2.085915508626229098e+01,4.871592496514581683e+01,-0.000000000000000000e+00,2.811764812913835954e+00,5.113069219733969994e+00,2.260855878441759970e+01
2.690000000000000213e+01,0.000000000000000000e+00,2.071903168367889592e+01,4.846096628033075149e+01,-0.000000000000000000e+00,2.793191812363706727e+00,5.085305002479138636e+00,2.247475741192213405e+01
2.695000000000000284e+01,0.000000000000000000e+00,2.057983385964668699e+01,4.820739179002625718e+01,-0.000000000000000000e+00,2.774741534748950134e+00,5.057701277724158118e+00,2.234176487732990779e+01
2.700000000000000000e+01,0.000000000000000000e+00,2.044155549839121377e+01,4.795519349379497243e+01,-0.000000000000000000e+00,2.756413166082329891e+00,5.030257078972302232e+00,2.220957612264434999e+01
2.705000000000000071e+01,0.000000000000000000e+00,2.030419052470175600e+01,4.770436343937329582e+01,-0.000000000000000000e+00,2.738205897796241128e+00,5.002971445764411662e+00,2.207818612219420373e+01
2.710000000000000142e+01,0.000000000000000000e+00,2.016773290366128890e+01,4.745489372237044989e+01,-0.000000000000000000e+00,2.720118926706541540e+00,4.975843423639997987e+00,2.194758988242325870e+01
2.715000000000000213e+01,0.000000000000000000e+00,2.003217664037806500e+01,4.720677648596953446e+01,-0.000000000000000000e+00,2.702151454976606360e+00,4.948872064098603474e+00,2.181778244168141612e+01
2.720000000000000284e+01,0.000000000000000000e+00,1.989751577971929564e+01,4.696000392063047002e+01,-0.000000000000000000e+00,2.684302690081660003e+00,4.922056424561412236e+00,2.168875887001726710e+01
2.725000000000000000e+01,0.000000000000000000e+00,1.976374440604639204e+01,4.671456826379483829e+01,-0.000000000000000000e+00,2.666571844773316879e+00,4.895395568333115399e+00,2.156051426897190737e+01
2.730000000000000071e+01,0.000000000000000000e+00,1.963085664295188337e+01,4.647046179959270518e+01,-0.000000000000000000e+00,2.648958137044352235e+00,4.868888564564033850e+00,2.143304377137411620e+01
2.735000000000000142e+01,0.000000000000000000e+00,1.949884665299850894e+01,4.622767685855133379e+01,-0.000000000000000000e+00,2.631460790093751889e+00,4.842534488212486110e+00,2.130634254113708792e+01
2.740000000000000213e+01,0.000000000000000000e+00,1.936770863745953619e+01,4.598620581730555301e+01,-0.000000000000000000e+00,2.614079032291942273e+00,4.816332420007392479e+00,2.118040577305615813e+01
2.745000000000000284e+01,0.000000000000000000e+00,1.923743683606120669e+01,4.574604109831028609e+01,-0.000000000000000000e+00,2.596812097146290910e+00,4.790281446411150057e+00,2.105522869260817487e+01
2.750000000000000000e+01,0.000000000000000000e+00,1.910802552672665300e+01,4.550717516955477748e+01,-0.000000000000000000e+00,2.579659223266815626e+00,4.764380659582729827e+00,2.093080655575202087e+01
2.755000000000000071e+01,0.000000000000000000e+00,1.897946902532159541e+01,4.526960054427868130e+01,-0.000000000000000000e+00,2.562619654332124686e+00,4.738629157341033959e+00,2.080713464873046803e+01
2.760000000000000142e+01,0.000000000000000000e+00,1.885176168540190034e+01,4.503330978068995449e+01,-0.000000000000000000e+00,2.545692639055606499e+00,4.713026043128478726e+00,2.068420828787343879e+01
2.765000000000000213e+01,0.000000000000000000e+00,1.872489789796255977e+01,4.479829548168462594e+01,-0.000000000000000000e+00,2.528877431151814736e+00,4.687570425974829647e+00,2.056202281940243637e+01
2.770000000000000284e+01,0.000000000000000000e+00,1.859887209118853590e+01,4.456455029456822103e+01,-0.000000000000000000e+00,2.512173289303098134e+00,4.662261420461269346e+00,2.044057361923632499e+01
2.775000000000000000e+01,0.000000000000000000e+00,1.847367873020711215e+01,4.433206691077921136e+01,-0.000000000000000000e+00,2.495579477126439016e+00,4.637098146684700772e+00,2.031985609279836069e+01
2.780000000000000071e+01,0.000000000000000000e+00,1.834931231684208441e+01,4.410083806561419095e+01,-0.000000000000000000e+00,2.479095263140526750e+00,4.612079730222298224e+00,2.019986567482458995e+01
2.785000000000000142e+01,0.000000000000000000e+00,1.822576738936943386e+01,4.387085653795443108e+01,-0.000000000000000000e+00,2.462719920733040802e+00,4.587205302096262649e+00,2.008059782917332470e+01
2.790000000000000213e+01,0.000000000000000000e+00,1.810303852227472987e+01,4.364211514999472286e+01,-0.000000000000000000e+00,2.446452728128161169e+00,4.562473998738841630e+00,1.996204804863604565e+01
2.795000000000000284e+01,0.000000000000000000e+00,1.798112032601207844e+01,4.341460676697390397e+01,-0.000000000000000000e+00,2.430292968354286209e+00,4.537884961957572294e+00,1.984421185474951699e+01
2.800000000000000000e+01,0.000000000000000000e+00,1.786000744676475094e+01,4.318832429690655061e+01,-0.000000000000000000e+00,2.414239929211974278e+00,4.513437338900725848e+00,1.972708479760901312e+01
2.805000000000000071e+01,0.000000000000000000e+00,1.773969456620730156e+01,4.296326069031706396e+01,-0.000000000000000000e+00,2.398292903242086549e+00,4.489130282023015006e+00,1.961066245568291677e+01
2.810000000000000142e+01,0.000000000000000000e+00,1.762017640126943263e+01,4.273940893997534118e+01,-0.000000000000000000e+00,2.382451187694164307e+00,4.464962949051522578e+00,1.949494043562854984e+01
2.815000000000000213e+01,0.000000000000000000e+00,1.750144770390131654e+01,4.251676208063363305e+01,-0.000000000000000000e+00,2.366714084494999426e+00,4.440934502951822793e+00,1.937991437210906653e+01
2.820000000000000284e+01,0.000000000000000000e+00,1.738350326084047737e+01,4.229531318876567525e+01,-0.000000000000000000e+00,2.351080900217415337e+00,4.417044111894356639e+00,1.926557992761165750e+01
2.825000000000000000e+01,0.000000000000000000e+00,1.726633789338029956e+01,4.207505538230731190e+01,-0.000000000000000000e+00,2.335550946049268273e+00,4.393290949221025699e+00,1.915193279226697598e+01
2.830000000000000071e+01,0.000000000000000000e+00,1.714994645714005017e+01,4.185598182039869641e+01,-0.000000000000000000e+00,2.320123537762643906e+00,4.369674193412000029e+00,1.903896868366970097e+01
2.835000000000000142e+01,0.000000000000000000e+00,1.703432384183641801e+01,4.163808570312811952e+01,-0.000000000000000000e+00,2.304797995683264933e+00,4.346193028052730334e+00,1.892668334670023711e+01
2.840000000000000213e+01,0.000000000000000000e+00,1.691946497105662317e+01,4.142136027127774156e+01,-0.000000000000000000e+00,2.289573644660106932e+00,4.322846641801209699e+00,1.881507255334774698e+01
2.845000000000000284e+01,0.000000000000000000e+00,1.680536480203293692e+01,4.120579880607067480e+01,-0.000000000000000000e+00,2.274449814035202078e+00,4.299634228355424526e+00,1.870413210253413894e+01
2.850000000000000000e+01,0.000000000000000000e+00,1.669201832541885722e+01,4.099139462891979235e+01,-0.000000000000000000e+00,2.259425837613663557e+00,4.276554986421027493e+00,1.859385781993937670e+01
2.855000000000000071e+01,0.000000000000000000e+00,1.657942056506664841e+01,4.077814110117811452e+01,-0.000000000000000000e+00,2.244501053633896070e+00,4.253608119679218369e+00,1.848424555782785461e+01
2.860000000000000142e+01,0.000000000000000000e+00,1.646756657780647970e+01,4.056603162389095019e+01,-0.000000000000000000e+00,2.229674804738018157e+00,4.230792836754856623e+00,1.837529119487597740e+01
2.865000000000000213e+01,0.000000000000000000e+00,1.635645145322691363e+01,4.035505963754943792e+01,-0.000000000000000000e+00,2.214946437942465707e+00,4.208108351184760565e+00,1.826699063600081629e+01
2.870000000000000284e+01,0.000000000000000000e+00,1.624607031345693997e+01,4.014521862184567169e+01,-0.000000000000000000e+00,2.200315304608805977e+00,4.185553881386216979e+00,1.815933981218988791e+01
2.875000000000000000e+01,0.000000000000000000e+00,1.613641831294943074e+01,3.993650209542953888e+01,-0.000000000000000000e+00,2.185780760414733237e+00,4.163128650625713689e+00,1.805233468033210187e+01
2.880000000000000071e+01,0.000000000000000000e+00,1.602749063826608733e+01,3.972890361566701500e+01,-0.000000000000000000e+00,2.171342165325277573e+00,4.140831886987864863e+00,1.794597122304979564e+01
2.885000000000000142e+01,0.000000000000000000e+00,1.591928250786376786e+01,3.952241677840012102e+01,-0.000000000000000000e+00,2.156998883564184677e+00,4.118662823344554802e+00,1.784024544853191330e+01
2.890000000000000213e+01,0.000000000000000000e+00,1.581178917188229605e+01,3.931703521770817389e+01,-0.000000000000000000e+00,2.142750283585504789e+00,4.096620697324255822e+00,1.773515339036818972e+01
2.895000000000000284e+01,0.000000000000000000e+00,1.570500591193357209e+01,3.911275260567069267e+01,-0.000000000000000000e+00,2.128595738045352626e+00,4.074704751281577053e+00,1.763069110738445744e+01
2.900000000000000000e+01,0.000000000000000000e+00,1.559892804089224683e+01,3.890956265213210230e+01,-0.000000000000000000e+00,2.114534623773872912e+00,4.052914232267009531e+00,1.752685468347915076e+01
2.905000000000000071e+01,0.000000000000000000e+00,1.549355090268771917e+01,3.870745910446750315e+01,-0.000000000000000000e+00,2.100566321747388443e+00,4.031248391996857805e+00,1.742364022746073715e+01
2.910000000000000142e+01,0.000000000000000000e+00,1.538886987209744639e+01,3.850643574735003227e+01,-0.000000000000000000e+00,2.086690217060725328e+00,4.009706486823369609e+00,1.732104387288623215e+01
2.915000000000000213e+01,0.000000000000000000e+00,1.528488035454180682e+01,3.830648640252011461e+01,-0.000000000000000000e+00,2.072905698899738081e+00,3.988287777705083581e+00,1.721906177790093295e+01
2.920000000000000284e+01,0.000000000000000000e+00,1.518157778588013684e+01,3.810760492855554560e+01,-0.000000000000000000e+00,2.059212160514001688e+00,3.966991530177339076e+00,1.711769012507895482e+01
2.925000000000000000e+01,0.000000000000000000e+00,1.507895763220828123e+01,3.790978522064367695e+01,-0.000000000000000000e+00,2.045608999189699961e+00,3.945817014323013350e+00,1.701692512126506074e+01
2.930000000000000071e+01,0.000000000000000000e+00,1.497701538965742785e+01,3.771302121035448351e+01,-0.000000000000000000e+00,2.032095616222687973e+00,3.924763504743417286e+00,1.691676299741733658e+01
2.935000000000000142e+01,0.000000000000000000e+00,1.487574658419427642e+01,3.751730686541571202e+01,-0.000000000000000000e+00,2.018671416891736126e+00,3.903830280529430485e+00,1.681720000845106711e+01
2.940000000000000213e+01,0.000000000000000000e+00,1.477514677142258215e+01,3.732263618948874750e+01,-0.000000000000000000e+00,2.005335810431952304e+00,3.883016625232756702e+00,1.671823243308347884e+01
2.945000000000000284e+01,0.000000000000000000e+00,1.467521153638597831e+01,3.712900322194650471e+01,-0.000000000000000000e+00,1.992088210008383209e+00,3.862321826837435079e+00,1.661985657367961622e+01
2.950000000000000000e+01,0.000000000000000000e+00,1.457593649337214892e+01,3.693640203765259855e+01,-0.000000000000000000e+00,1.978928032689789340e+00,3.841745177731514360e+00,1.652206875609922321e+01
2.955000000000000071e+01,0.000000000000000000e+00,1.447731728571828569e+01,3.674482674674156613e+01,-0.000000000000000000e+00,1.965854699422595164e+00,3.821285974678884312e+00,1.642486532954453438e+01
2.960000000000000142e+01,0.000000000000000000e+00,1.437934958561785770e+01,3.655427149440102141e+01,-0.000000000000000000e+00,1.952867635005018920e+00,3.800943518791341624e+00,1.632824266640918509e+01
2.965000000000000213e+01,0.000000000000000000e+00,1.428202909392866182e+01,3.636473046065486159e+01,-0.000000000000000000e+00,1.939966268061367183e+00,3.780717115500810799e+00,1.623219716212804542e+01
2.970000000000000284e+01,0.000000000000000000e+00,1.418535153998215925e+01,3.617619786014794414e+01,-0.000000000000000000e+00,1.927150031016506393e+00,3.760606074531746668e+00,1.613672523502806655e+01
2.975000000000000000e+01,0.000000000000000000e+00,1.408931268139411230e+01,3.598866794193218510e+01,-0.000000000000000000e+00,1.914418360070506475e+00,3.740609709873730537e+00,1.604182332618010065e+01
2.980000000000000071e+01,0.000000000000000000e+00,1.399390830387636697e+01,3.580213498925393623e+01,-0.000000000000000000e+00,1.901770695173442549e+00,3.720727339754236862e+00,1.594748789925166754e+01
2.985000000000000142e+01,0.000000000000000000e+00,1.389913422105009388e+01,3.561659331934282591e+01,-0.000000000000000000e+00,1.889206480000383603e+00,3.700958286611584214e+00,1.585371544036075342e+01
2.990000000000000213e+01,0.000000000000000000e+00,1.380498627426006131e+01,3.543203728320178669e+01,-0.000000000000000000e+00,1.876725161926529051e+00,3.681301877068058115e+00,1.576050245793047822e+01
2.995000000000000284e+01,0.000000000000000000e+00,1.371146033239029904e+01,3.524846126539864599e+01,-0.000000000000000000e+00,1.864326192002524252e+00,3.661757441903221277e+00,1.566784548254481102e+01
3.000000000000000000e+01,0.000000000000000000e+00,1.361855229168097026e+01,3.506585968385894603e+01,-0.000000000000000000e+00,1.852009024929941239e+00,3.642324316027392594e+00,1.557574106680522164e+01
3.005000000000000071e+01,0.000000000000000000e+00,1.352625807554631621e+01,3.488422698965976565e+01,-0.000000000000000000e+00,1.839773119036905991e+00,3.623001838455279344e+00,1.548418578518809952e+01
3.010000000000000142e+01,0.000000000000000000e+00,1.343457363439408958e+01,3.470355766682570220e+01,-0.000000000000000000e+00,1.827617936253918440e+00,3.603789352279843428e+00,1.539317623390347123e+01
3.015000000000000213e+01,0.000000000000000000e+00,1.334349494544592396e+01,3.452384623212500259e+01,-0.000000000000000000e+00,1.815542942089802603e+00,3.584686204646252872e+00,1.530270903075421174e+01
3.020000000000000284e+01,0.000000000000000000e+00,1.325301801255903023e+01,3.434508723486806048e+01,-0.000000000000000000e+00,1.803547605607837667e+00,3.565691746726085576e+00,1.521278081499653112e+01
3.025000000000000000e+01,0.000000000000000000e+00,1.316313886604914885e+01,3.416727525670652454e+01,-0.000000000000000000e+00,1.791631399402046743e+00,3.546805333691649409e+00,1.512338824720120556e+01
3.030000000000000071e+01,0.000000000000000000e+00,1.307385356251447384e+01,3.399040491143389886e+01,-0.000000000000000000e+00,1.779793799573628821e+00,3.528026324690491045e+00,1.503452800911571074e+01
3.035000000000000142e+01,0.000000000000000000e+00,1.298515818466099603e+01,3.381447084478747911e+01,-0.000000000000000000e+00,1.768034285707571041e+00,3.509354082820075771e+00,1.494619680352736779e+01
3.040000000000000213e+01,0.000000000000000000e+00,1.289704884112883221e+01,3.363946773425148962e+01,-0.000000000000000000e+00,1.756352340849398619e+00,3.490787975102620067e+00,1.485839135412728851e+01
3.045000000000000284e+01,0.000000000000000000e+00,1.280952166631977107e+01,3.346539028886143541e+01,-0.000000000000000000e+00,1.744747451482086653e+00,3.472327372460103589e+00,1.477110840537524439e+01
3.050000000000000000e+01,0.000000000000000000e+00,1.272257282022604308e+01,3.329223324900976166e+01,-0.000000000000000000e+00,1.733219107503134016e+00,3.453971649689433043e+00,1.468434472236546284e+01
3.055000000000000071e+01,0.000000000000000000e+00,1.263619848826005665e+01,3.311999138625265005e+01,-0.000000000000000000e+00,1.721766802201769364e+00,3.435720185437771246e+00,1.459809709069319084e+01
3.060000000000000142e+01,0.000000000000000000e+00,1.255039488108544710e+01,3.294865950311821479e+01,-0.000000000000000000e+00,1.710390032236332791e+00,3.417572362178040724e+00,1.451236231632227813e+01
3.065000000000000213e+01,0.000000000000000000e+00,1.246515823444923576e+01,3.277823243291583566e+01,-0.000000000000000000e+00,1.699088297611802911e+00,3.399527566184571636e+00,1.442713722545357768e+01
3.070000000000000284e+01,0.000000000000000000e+00,1.238048480901493065e+01,3.260870503954655675e+01,-0.000000000000000000e+00,1.687861101657456508e+00,3.381585187508914903e+00,1.434241866439410451e+01
3.075000000000000000e+01,0.000000000000000000e+00,1.229637089019696816e+01,3.244007221731497737e+01,-0.000000000000000000e+00,1.676707951004702490e+00,3.363744619955818305e+00,1.425820349942722842e+01
3.080000000000000071e+01,0.000000000000000000e+00,1.221281278799606085e+01,3.227232889074208799e+01,-0.000000000000000000e+00,1.665628355565039076e+00,3.346005261059351810e+00,1.417448861668355242e+01
3.085000000000000142e+01,0.000000000000000000e+00,1.212980683683586669e+01,3.210547001437947756e+01,-0.000000000000000000e+00,1.654621828508189951e+00,3.328366512059202975e+00,1.409127092201280362e+01
3.090000000000000213e+01,0.000000000000000000e+00,1.204734939540053951e+01,3.193949057262455327e+01,-0.000000000000000000e+00,1.643687886240354334e+00,3.310827777877108691e+00,1.400854734085640807e+01
3.095000000000000284e+01,0.000000000000000000e+00,1.196543684647344108e+01,3.177438557953714948e+01,-0.000000000000000000e+00,1.632826048382616690e+00,3.293388467093465000e+00,1.392631481812100702e+01
3.100000000000000000e+01,0.000000000000000000e+00,1.188406559677696706e+01,3.161015007865698578e+01,-0.000000000000000000e+00,1.622035837749506326e+00,3.276047991924056380e+00,1.384457031805272997e+01
3.105000000000000071e+01,0.000000000000000000e+00,1.180323207681339781e+01,3.144677914282272013e+01,-0.000000000000000000e+00,1.611316780327688880e+00,3.258805768196983976e+00,1.376331082411237894e+01
3.110000000000000142e+01,0.000000000000000000e+00,1.172293274070678848e+01,3.128426787399159181e+01,-0.000000000000000000e+00,1.600668405254803695e+00,3.241661215329688872e+00,1.368253333885129308e+01
3.115000000000000213e+01,0.000000000000000000e+00,1.164316406604603138e+01,3.112261140306098994e+01,-0.000000000000000000e+00,1.590090244798454844e+00,3.224613756306196066e+00,1.360223488378826318e+01
3.120000000000000284e+01,0.000000000000000000e+00,1.156392255372877109e+01,3.096180488969008593e+01,-0.000000000000000000e+00,1.579581834335315627e+00,3.207662817654418408e+00,1.352241249928690792e+01
3.125000000000000000e+01,0.000000000000000000e+00,1.148520472780655766e+01,3.080184352212378229e+01,-0.000000000000000000e+00,1.569142712330402700e+00,3.190807829423705222e+00,1.344306324443422440e+01
3.130000000000000071e+01,0.000000000000000000e+00,1.140700713533090038e+01,3.064272251701682137e+01,-0.000000000000000000e+00,1.558772420316468343e+00,3.174048225162458881e+00,1.336418419691965553e+01
3.135000000000000142e+01,0.000000000000000000e+00,1.132932634620040169e+01,3.048443711925953181e+01,-0.000000000000000000e+00,1.548470502873535937e+00,3.157383441895943221e+00,1.328577245291508291e+01
3.140000000000000213e+01,0.000000000000000000e+00,1.125215895300891944e+01,3.032698260180455208e+01,-0.000000000000000000e+00,1.538236507608578663e+00,3.140812920104225636e+00,1.320782512695559774e+01
3.145000000000000284e+01,0.000000000000000000e+00,1.117550157089468854e+01,3.017035426549455224e+01,-0.000000000000000000e+00,1.528069985135320552e+00,3.124336103700251055e+00,1.313033935182098233e+01
3.150000000000000000e+01,0.000000000000000000e+00,1.109935083739050121e+01,3.001454743889120991e+01,-0.000000000000000000e+00,1.517970489054186967e+00,3.107952440008084238e+00,1.305331227841805308e+01
3.155000000000000071e+01,0.000000000000000000e+00,1.102370341227491402e+01,2.985955747810518091e+01,-0.000000000000000000e+00,1.507937575932381868e+00,3.091661379741270199e+00,1.297674107566375312e+01
3.160000000000000142e+01,0.000000000000000000e+00,1.094855597742432352e+01,2.970537976662714641e+01,-0.000000000000000000e+00,1.497970805284092988e+00,3.075462376981351387e+00,1.290062293036894836e+01
3.165000000000000213e+01,0.000000000000000000e+00,1.087390523666619835e+01,2.955200971515998276e+01,-0.000000000000000000e+00,1.488069739550845316e+00,3.059354889156522095e+00,1.282495504712309398e+01
3.170000000000000284e+01,0.000000000000000000e+00,1.079974791563311065e+01,2.939944276145186208e+01,-0.000000000000000000e+00,1.478233944081965179e+00,3.043338377020411656e+00,1.274973464817952085e+01
3.175000000000000000e+01,0.000000000000000000e+00,1.072608076161789548e+01,2.924767437013063542e+01,-0.000000000000000000e+00,1.468462987115190410e+00,3.027412304631026618e+00,1.267495897334160659e+01
3.180000000000000071e+01,0.000000000000000000e+00,1.065290054342969306e+01,2.909670003253909698e+01,-0.000000000000000000e+00,1.458756439757405543e+00,3.011576139329817270e+00,1.260062527984961989e+01
3.185000000000000142e+01,0.000000000000000000e+00,1.058020405125095920e+01,2.894651526657126439e+01,-0.000000000000000000e+00,1.449113875965502896e+00,2.995829351720877831e+00,1.252673084226829658e+01
3.190000000000000213e+01,0.000000000000000000e+00,1.050798809649547216e+01,2.879711561650983498e+01,-0.000000000000000000e+00,1.439534872527377107e+00,2.980171415650291866e+00,1.245327295237519394e+01
3.195000000000000284e+01,0.000000000000000000e+00,1.043624951166721537e+01,2.864849665286458347e+01,-0.000000000000000000e+00,1.430019009043039135e+00,2.964601808185610032e+00,1.238024891904975355e+01
3.200000000000000000e+01,0.000000000000000000e+00,1.036498515022026545e+01,2.850065397221180064e+01,-0.000000000000000000e+00,1.420565867905864144e+00,2.949120009595461056e+00,1.230765606816308377e+01
3.205000000000000426e+01,0.000000000000000000e+00,1.029419188641956140e+01,2.835358319703472674e+01,-0.000000000000000000e+00,1.411175034283956187e+00,2.933725503329291495e+00,1.223549174246846150e+01
3.210000000000000142e+01,0.000000000000000000e+00,1.022386661520272888e+01,2.820727997556505784e+01,-0.000000000000000000e+00,1.401846096101655448e+00,2.918417775997251606e+00,1.216375330149262979e+01
3.214999999999999858e+01,0.000000000000000000e+00,1.015400625204256357e+01,2.806173998162534744e+01,-0.000000000000000000e+00,1.392578644021136958e+00,2.903196317350190014e+00,1.209243812142761954e+01
3.220000000000000284e+01,0.000000000000000000e+00,1.008460773281071887e+01,2.791695891447245970e+01,-0.000000000000000000e+00,1.383372271424163635e+00,2.888060620259796263e+00,1.202154359502347347e+01
3.225000000000000000e+01,0.000000000000000000e+00,1.001566801364219472e+01,2.777293249864223768e+01,-0.000000000000000000e+00,1.374226574393954126e+00,2.873010180698889471e+00,1.195106713148165767e+01
3.230000000000000426e+01,0.000000000000000000e+00,9.947184070800579647e+00,2.762965648379455530e+01,-0.000000000000000000e+00,1.365141151697146782e+00,2.858044497721774491e+00,1.188100615634892776e+01
3.235000000000000142e+01,0.000000000000000000e+00,9.879152900544513116e+00,2.748712664456008525e+01,-0.000000000000000000e+00,1.356115604765929517e+00,2.843163073444809008e+00,1.181135811141227876e+01
3.239999999999999858e+01,0.000000000000000000e+00,9.811571518994698593e+00,2.734533878038747190e+01,-0.000000000000000000e+00,1.347149537680242926e+00,2.828365413027024822e+00,1.174212045459421816e+01
3.245000000000000284e+01,0.000000000000000000e+00,9.744436962002010816e+00,2.720428871539169791e+01,-0.000000000000000000e+00,1.338242557150129963e+00,2.813651024650916099e+00,1.167329065984893077e+01
3.250000000000000000e+01,0.000000000000000000e+00,9.677746285016484151e+00,2.706397229820354511e+01,-0.000000000000000000e+00,1.329394272498204188e+00,2.799019419503357309e+00,1.160486621705912924e+01
3.255000000000000426e+01,0.000000000000000000e+00,9.611496562957018597e+00,2.692438540181963447e+01,-0.000000000000000000e+00,1.320604295642213932e+00,2.784470111756605970e+00,1.153684463193341792e+01
3.260000000000000142e+01,0.000000000000000000e+00,9.545684890082164031e+00,2.678552392345386934e+01,-0.000000000000000000e+00,1.311872241077751911e+00,2.770002618549481710e+00,1.146922342590454846e+01
3.264999999999999858e+01,0.000000000000000000e+00,9.480308379861542178e+00,2.664738378438921629e+01,-0.000000000000000000e+00,1.303197725861047207e+00,2.755616459968607934e+00,1.140200013602807516e+01
3.270000000000000284e+01,0.000000000000000000e+00,9.415364164848339712e+00,2.650996092983123020e+01,-0.000000000000000000e+00,1.294580369591906699e+00,2.741311159029845346e+00,1.133517231488197652e+01
3.275000000000000000e+01,0.000000000000000000e+00,9.350849396552517234e+00,2.637325132876171097e+01,-0.000000000000000000e+00,1.286019794396745963e+00,2.727086241659787191e+00,1.126873753046668725e+01
3.280000000000000426e+01,0.000000000000000000e+00,9.286761245314870905e+00,2.623725097379369942e+01,-0.000000000000000000e+00,1.277515624911738978e+00,2.712941236677394841e+00,1.120269336610586031e+01
3.285000000000000142e+01,0.000000000000000000e+00,9.223096900182056856e+00,2.610195588102752495e+01,-0.000000000000000000e+00,1.269067488266096166e+00,2.698875675775783467e+00,1.113703742034790878e+01
3.289999999999999858e+01,0.000000000000000000e+00,9.159853568782219568e+00,2.596736208990722972e+01,-0.000000000000000000e+00,1.260675014065421040e+00,2.684889093504065016e+00,1.107176730686791721e+01
3.295000000000000284e+01,0.000000000000000000e+00,9.097028477201691388e+00,2.583346566307843162e+01,-0.000000000000000000e+00,1.252337834375214731e+00,2.670981027249367035e+00,1.100688065437045360e+01
3.300000000000000000e+01,0.000000000000000000e+00,9.034618869862379498e+00,2.570026268624676291e+01,-0.000000000000000000e+00,1.244055583704467338e+00,2.657151017218931877e+00,1.094237510649288048e+01
3.305000000000000426e+01,0.000000000000000000e+00,8.972622009399985998e+00,2.556774926803749892e+01,-0.000000000000000000e+00,1.235827898989366291e+00,2.643398606422362462e+00,1.087824832170936773e+01
3.310000000000000142e+01,0.000000000000000000e+00,8.911035176543069980e+00,2.543592153985560955e+01,-0.000000000000000000e+00,1.227654419577114409e+00,2.629723340653947972e+00,1.081449797323543649e+01
3.314999999999999858e+01,0.000000000000000000e+00,8.849855669992853890e+00,2.530477565574713950e+01,-0.000000000000000000e+00,1.219534787209847648e+00,2.616124768475132978e+00,1.075112174893321182e+01
3.320000000000000284e+01,0.000000000000000000e+00,8.789080806303958937e+00,2.517430779226125281e+01,-0.000000000000000000e+00,1.211468646008680317e+00,2.602602441197092720e+00,1.068811735121729356e+01
3.325000000000000000e+01,0.000000000000000000e+00,8.728707919765779977e+00,2.504451414831320122e+01,-0.000000000000000000e+00,1.203455642457832431e+00,2.589155912863419839e+00,1.062548249696119029e+01
3.330000000000000426e+01,0.000000000000000000e+00,8.668734362284769901e+00,2.491539094504802776e+01,-0.000000000000000000e+00,1.195495425388881205e+00,2.575784740232916370e+00,1.056321491740439100e+01
3.335000000000000142e+01,0.000000000000000000e+00,8.609157503267431011e+00,2.478693442570537897e+01,-0.000000000000000000e+00,1.187587645965106686e+00,2.562488482762518949e+00,1.050131235806006025e+01
3.339999999999999858e+01,0.000000000000000000e+00,8.549974729504135951e+00,2.465914085548498136e+01,-0.000000000000000000e+00,1.179731957665950404e+00,2.549266702590316847e+00,1.043977257862331243e+01
3.345000000000000284e+01,0.000000000000000000e+00,8.491183445053692935e+00,2.453200652141282845e+01,-0.000000000000000000e+00,1.171928016271569284e+00,2.536118964518670360e+00,1.037859335288005269e+01
3.350000000000000000e+01,0.000000000000000000e+00,8.432781071128729877e+00,2.440552773220871074e+01,-0.000000000000000000e+00,1.164175479847504580e+00,2.523044835997481972e+00,1.031777246861654262e+01
3.355000000000000426e+01,0.000000000000000000e+00,8.374765045981767742e+00,2.427970081815401215e+01,-0.000000000000000000e+00,1.156474008729440062e+00,2.510043887107528793e+00,1.025730772752938691e+01
3.360000000000000142e+01,0.000000000000000000e+00,8.317132824792087931e+00,2.415452213096061129e+01,-0.000000000000000000e+00,1.148823265508068792e+00,2.497115690543923794e+00,1.019719694513619679e+01
3.364999999999999858e+01,0.000000000000000000e+00,8.259881879553402584e+00,2.402998804364073848e+01,-0.000000000000000000e+00,1.141222915014063810e+00,2.484259821599697382e+00,1.013743795068688591e+01
3.370000000000000284e+01,0.000000000000000000e+00,8.203009698962185681e+00,2.390609495037718446e+01,-0.000000000000000000e+00,1.133672624303142085e+00,2.471475858149448257e+00,1.007802858707538896e+01
3.375000000000000000e+01,0.000000000000000000e+00,8.146513788306815940e+00,2.378283926639496926e+01,-0.000000000000000000e+00,1.126172062641235927e+00,2.458763380633151474e+00,1.001896671075214940e+01
3.380000000000000426e+01,0.000000000000000000e+00,8.090391669357433813e+00,2.366021742783323845e+01,-0.000000000000000000e+00,1.118720901489755892e+00,2.446121972040022907e+00,9.960250191637026518e+00
3.385000000000000142e+01,0.000000000000000000e+00,8.034640880256498363e+00,2.353822589161827139e+01,-0.000000000000000000e+00,1.111318814490955820e+00,2.433551217892518270e+00,9.901876913032817029e+00
3.389999999999999858e+01,0.000000000000000000e+00,7.979258975410187915e+00,2.341686113533728886e+01,-0.000000000000000000e+00,1.103965477453402233e+00,2.421050706230431615e+00,9.843844771539416172e+00
3.395000000000000284e+01,0.000000000000000000e+00,7.924243525380323838e+00,2.329611965711280774e+01,-0.000000000000000000e+00,1.096660568337521235e+00,2.408620027595080426e+00,9.786151676968364299e+00
3.400000000000000000e+01,0.000000000000000000e+00,7.869592116777287316e+00,2.317599797547825702e+01,-0.000000000000000000e+00,1.089403767241272414e+00,2.396258775013629716e+00,9.728795552258208801e+00
3.405000000000000426e+01,0.000000000000000000e+00,7.815302352153342902e+00,2.305649262925361853e+01,-0.000000000000000000e+00,1.082194756385882251e+00,2.383966543983454311e+00,9.671774333390075640e+00
3.410000000000000142e+01,0.000000000000000000e+00,7.761371849897004793e+00,2.293760017742284774e+01,-0.000000000000000000e+00,1.075033220101714093e+00,2.371742932456693431e+00,9.615085969304214331e+00
3.414999999999999858e+01,0.000000000000000000e+00,7.707798244127736176e+00,2.281931719901109545e+01,-0.000000000000000000e+00,1.067918844814184975e+00,2.359587540824812368e+00,9.558728421816642395e+00
3.420000000000000284e+01,0.000000000000000000e+00,7.654579184591677077e+00,2.270164029296320862e+01,-0.000000000000000000e+00,1.060851319029819217e+00,2.347499971903316052e+00,9.502699665536640694e+00
3.425000000000000000e+01,0.000000000000000000e+00,7.601712336557946870e+00,2.258456607802315830e+01,-0.000000000000000000e+00,1.053830333322377744e+00,2.335479830916574961e+00,9.446997687784762121e+00
3.430000000000000426e+01,0.000000000000000000e+00,7.549195380715502779e+00,2.246809119261363819e+01,-0.000000000000000000e+00,1.046855580319065782e+00,2.323526725482694122e+00,9.391620488511161824e+00
3.435000000000000142e+01,0.000000000000000000e+00,7.497026013070973605e+00,2.235221229471702031e+01,-0.000000000000000000e+00,1.039926754686866905e+00,2.311640265598539745e+00,9.336566080214740992e+00
3.439999999999999858e+01,0.000000000000000000e+00,7.445201944846867370e+00,2.223692606175660202e+01,-0.000000000000000000e+00,1.033043553118931257e+00,2.299820063624813837e+00,9.281832487862583747e+00
3.445000000000000284e+01,0.000000000000000000e+00,7.393720902380684912e+00,2.212222919047885483e+01,-0.000000000000000000e+00,1.026205674321081673e+00,2.288065734271260698e+00,9.227417748810056608e+00
3.450000000000000000e+01,0.000000000000000000e+00,7.342580627024615225e+00,2.200811839683636961e+01,-0.000000000000000000e+00,1.019412818998400194e+00,2.276376894581952470e+00,9.173319912721400016e+00
3.455000000000000426e+01,0.000000000000000000e+00,7.291778875045840103e+00,2.189459041587145904e+01,-0.000000000000000000e+00,1.012664689841896282e+00,2.264753163920670609e+00,9.119537041490785256e+00
3.460000000000000142e+01,0.000000000000000000e+00,7.241313417527676322e+00,2.178164200160063046e+01,-0.000000000000000000e+00,1.005960991515284730e+00,2.253194163956393936e+00,9.066067209163996665e+00
3.464999999999999858e+01,0.000000000000000000e+00,7.191182040271177911e+00,2.166926992689949216e+01,-0.000000000000000000e+00,9.993014306418291914e-01,2.241699518648856415e+00,9.012908501860461996e+00
3.470000000000000284e+01,0.000000000000000000e+00,7.141382543697520902e+00,2.155747098338877521e+01,-0.000000000000000000e+00,9.926857157912879481e-01,2.230268854234225717e+00,8.960059017695954253e+00
3.475000000000000000e+01,0.000000000000000000e+00,7.091912742751012466e+00,2.144624198132078163e+01,-0.000000000000000000e+00,9.861135574669430692e-01,2.218901799210860837e+00,8.907516866705702085e+00
3.480000000000000426e+01,0.000000000000000000e+00,7.042770466802716456e+00,2.133557974946663194e+01,-0.000000000000000000e+00,9.795846680927146055e-01,2.207597984325159413e+00,8.855280170768015324e+00
3.485000000000000142e+01,0.000000000000000000e+00,6.993953559554761945e+00,2.122548113500421607e+01,-0.000000000000000000e+00,9.730987620003641592e-01,2.196357042557502304e+00,8.803347063528434546e+00
3.489999999999999858e+01,0.000000000000000000e+00,6.945459878945245968e+00,2.111594300340680874e+01,-0.000000000000000000e+00,9.666555554167793884e-01,2.185178609108281211e+00,8.751715690324324726e+00
3.495000000000000284e+01,0.000000000000000000e+00,6.897287297053821042e+00,2.100696223833250187e+01,-0.000000000000000000e+00,9.602547664513498837e-01,2.174062321384035545e+00,8.700384208110035544e+00
3.500000000000000000e+01,0.000000000000000000e+00,6.849433700007853787e+00,2.089853574151420545e+01,-0.000000000000000000e+00,9.538961150834193159e-01,2.163007818983658126e+00,8.649350785382477369e+00
3.505000000000000426e+01,0.000000000000000000e+00,6.801896987889261226e+00,2.079066043265031638e+01,-0.000000000000000000e+00,9.475793231498292890e-01,2.152014743684694587e+00,8.598613602107210596e+00
3.510000000000000142e+01,0.000000000000000000e+00,6.754675074641948385e+00,2.068333324929620076e+01,-0.000000000000000000e+00,9.413041143325430182e-01,2.141082739429742254e+00,8.548170849645025271e+00
3.514999999999999858e+01,0.000000000000000000e+00,6.707765887979835639e+00,2.057655114675624475e+01,-0.000000000000000000e+00,9.350702141463487216e-01,2.130211452312924081e+00,8.498020730678979007e+00
3.520000000000000284e+01,0.000000000000000000e+00,6.661167369295544205e+00,2.047031109797658388e+01,-0.000000000000000000e+00,9.288773499266501643e-01,2.119400530566454055e+00,8.448161459141918073e+00
3.525000000000000000e+01,0.000000000000000000e+00,6.614877473569665156e+00,2.036461009343864248e+01,-0.000000000000000000e+00,9.227252508173369172e-01,2.108649624547298540e+00,8.398591260144492310e+00
3.530000000000000426e+01,0.000000000000000000e+00,6.568894169280622641e+00,2.025944514105308869e+01,-0.000000000000000000e+00,9.166136477587341069e-01,2.097958386723905999e+00,8.349308369903583937e+00
3.535000000000000142e+01,0.000000000000000000e+00,6.523215438315176584e+00,2.015481326605470969e+01,-0.000000000000000000e+00,9.105422734756360992e-01,2.087326471663040195e+00,8.300311035671265714e+00
3.539999999999999858e+01,0.000000000000000000e+00,6.477839275879488490e+00,2.005071151089771675e+01,-0.000000000000000000e+00,9.045108624654181195e-01,2.076753536016682666e+00,8.251597515664172988e+00
3.545000000000000284e+01,0.000000000000000000e+00,6.432763690410748580e+00,1.994713693515186037e+01,-0.000000000000000000e+00,8.985191509862214820e-01,2.066239238509028908e+00,8.203166078993339383e+00
3.550000000000000000e+01,0.000000000000000000e+00,6.387986703489529461e+00,1.984408661539923102e+01,-0.000000000000000000e+00,8.925668770452361844e-01,2.055783239923578698e+00,8.155015005594572486e+00
3.555000000000000426e+01,0.000000000000000000e+00,6.343506349752480844e+00,1.974155764513143652e+01,-0.000000000000000000e+00,8.866537803870321310e-01,2.045385203090277937e+00,8.107142586159099551e+00
3.560000000000000142e+01,0.000000000000000000e+00,6.299320676805888475e+00,1.963954713464772084e+01,-0.000000000000000000e+00,8.807796024820011560e-01,2.035044792872776398e+00,8.059547122064874003e+00
3.564999999999999858e+01,0.000000000000000000e+00,6.255427745139606088e+00,1.953805221095361233e+01,-0.000000000000000000e+00,8.749440865148530033e-01,2.024761676155756529e+00,8.012226925308205239e+00
3.570000000000000284e+01,0.000000000000000000e+00,6.211825628041585112e+00,1.943707001766002307e+01,-0.000000000000000000e+00,8.691469773731912429e-01,2.014535521832325315e+00,7.965180318435798767e+00
3.575000000000000000e+01,0.000000000000000000e+00,6.168512411513131788e+00,1.933659771488343537e+01,-0.000000000000000000e+00,8.633880216361845550e-01,2.004366000791530489e+00,7.918405634477425181e+00
3.580000000000000426e+01,0.000000000000000000e+00,6.125486194184494693e+00,1.923663247914605279e+01,-0.000000000000000000e+00,8.576669675632827561e-01,1.994252785905900272e+00,7.871901216878760543e+00
3.585000000000000142e+01,0.000000000000000000e+00,6.082745087231185011e+00,1.913717150327727623e+01,-0.000000000000000000e+00,8.519835650830346330e-01,1.984195552019122788e+00,7.825665419434911563e+00
3.589999999999999858e+01,0.000000000000000000e+00,6.040287214290786189e+00,1.903821199631521210e+01,-0.000000000000000000e+00,8.463375657819666165e-01,1.974193975933753897e+00,7.779696606224195676e+00
3.595000000000000284e+01,0.000000000000000000e+00,5.998110711380345350e+00,1.893975118340911834e+01,-0.000000000000000000e+00,8.407287228935405032e-01,1.964247736399034050e+00,7.733993151542452260e+00
3.600000000000000000e+01,0.000000000000000000e+00,5.956213726814304721e+00,1.884178630572246860e+01,-0.000000000000000000e+00,8.351567912871873389e-01,1.954356514098784636e+00,7.688553439837769510e+00
3.605000000000000426e+01,0.000000000000000000e+00,5.914594421122912671e+00,1.874431462033629714e+01,-0.000000000000000000e+00,8.296215274574011422e-01,1.944519991639354073e+00,7.643375865645531064e+00
3.610000000000000142e+01,0.000000000000000000e+00,5.873250966971358622e+00,1.864733340015362018e+01,-0.000000000000000000e+00,8.241226895129306618e-01,1.934737853537678909e+00,7.598458833524084355e+00
3.614999999999999858e+01,0.000000000000000000e+00,5.832181549079221483e+00,1.855083993380404195e+01,-0.000000000000000000e+00,8.186600371660154307e-01,1.925009786209392226e+00,7.553800757990621229e+00
3.620000000000000284e+01,0.000000000000000000e+00,5.791384364140598429e+00,1.845483152554912110e+01,-0.000000000000000000e+00,8.132333317217108615e-01,1.915335477957020416e+00,7.509400063457579932e+00
3.625000000000000000e+01,0.000000000000000000e+00,5.750857620744754151e+00,1.835930549518846178e+01,-0.000000000000000000e+00,8.078423360672835063e-01,1.905714618958267215e+00,7.465255184169492964e+00
3.630000000000000426e+01,0.000000000000000000e+00,5.710599539297250615e+00,1.826425917796607123e+01,-0.000000000000000000e+00,8.024868146616707110e-01,1.896146901254342598e+00,7.421364564140143116e+00
3.635000000000000142e+01,0.000000000000000000e+00,5.670608351941632819e+00,1.816968992447758779e+01,-0.000000000000000000e+00,7.971665335250162077e-01,1.886632018738401362e+00,7.377726657090213358e+00
3.639999999999999858e+01,0.000000000000000000e+00,5.630882302481614587e+00,1.807559510057789964e+01,-0.000000000000000000e+00,7.918812602282704338e-01,1.877169667144027443e+00,7.334339926385282205e+00
3.645000000000000284e+01,0.000000000000000000e+00,5.591419646303797286e+00,1.798197208728946350e+01,-0.000000000000000000e+00,7.866307638828643478e-01,1.867759544033812835e+00,7.291202844974264963e+00
3.650000000000000000e+01,0.000000000000000000e+00,5.552218650300956959e+00,1.788881828071111713e+01,-0.000000000000000000e+00,7.814148151304574075e-01,1.858401348787999341e+00,7.248313895328257317e+00
3.655000000000000426e+01,0.000000000000000000e+00,5.513277592795682303e+00,1.779613109192746379e+01,-0.000000000000000000e+00,7.762331861327356197e-01,1.849094782593191599e+00,7.205671569379706654e+00
3.660000000000000142e+01,0.000000000000000000e+00,5.474594763464740943e+00,1.770390794691889980e+01,-0.000000000000000000e+00,7.710856505613035150e-01,1.839839548431156713e+00,7.163274368462095865e+00
3.664999999999999858e+01,0.000000000000000000e+00,5.436168463263751249e+00,1.761214628647203284e+01,-0.000000000000000000e+00,7.659719835876199756e-01,1.830635351067673611e+00,7.121120803249883835e+00
3.670000000000000284e+01,0.000000000000000000e+00,5.397997004352482087e+00,1.752084356609082150e+01,-0.000000000000000000e+00,7.608919618730173307e-01,1.821481897041470122e+00,7.079209393698945973e+00
3.675000000000000000e+01,0.000000000000000000e+00,5.360078710020589554e+00,1.742999725590821569e+01,-0.000000000000000000e+00,7.558453635587781827e-01,1.812378894653233763e+00,7.037538668987348700e+00
3.680000000000000426e+01,0.000000000000000000e+00,5.322411914613883965e+00,1.733960484059830520e+01,-0.000000000000000000e+00,7.508319682562843989e-01,1.803326053954676045e+00,6.996107167456518283e+00
3.685000000000000142e+01,0.000000000000000000e+00,5.284994963461050688e+00,1.724966381928903303e+01,-0.000000000000000000e+00,7.458515570372276082e-01,1.794323086737683814e+00,6.954913436552783601e+00
3.689999999999999858e+01,0.000000000000000000e+00,5.247826212800872803e+00,1.716017170547544879e+01,-0.000000000000000000e+00,7.409039124238840923e-01,1.785369706523526556e+00,6.913956032769299043e+00
3.695000000000000284e+01,0.000000000000000000e+00,5.210904029709974239e+00,1.707112602693358028e+01,-0.000000000000000000e+00,7.359888183794631722e-01,1.776465628552150955e+00,6.873233521588382189e+00
3.700000000000000000e+01,0.000000000000000000e+00,5.174226792030989230e+00,1.698252432563467451e+01,-0.000000000000000000e+00,7.311060602985093304e-01,1.767610569771521867e+00,6.832744477424163243e+00
3.705000000000000426e+01,0.000000000000000000e+00,5.137792888301247807e+00,1.689436415766008892e+01,-0.000000000000000000e+00,7.262554249973763865e-01,1.758804248827046113e+00,6.792487483565645690e+00
3.710000000000000142e+01,0.000000000000000000e+00,5.101600717681883168e+00,1.680664309311672966e+01,-0.000000000000000000e+00,7.214367007047567393e-01,1.750046386051063774e+00,6.752461132120123999e+00
3.714999999999999858e+01,0.000000000000000000e+00,5.065648689887544798e+00,1.671935871605294111e+01,-0.000000000000000000e+00,7.166496770522908788e-01,1.741336703452402768e+00,6.712664023957007231e+00
3.720000000000000284e+01,0.000000000000000000e+00,5.029935225116344277e+00,1.663250862437488564e+01,-0.000000000000000000e+00,7.118941450652112035e-01,1.732674924705994490e+00,6.673094768651893105e+00
3.725000000000000000e+01,0.000000000000000000e+00,4.994458753980533849e+00,1.654609042976355227e+01,-0.000000000000000000e+00,7.071698971530799849e-01,1.724060775142568724e+00,6.633751984431155435e+00
3.730000000000000426e+01,0.000000000000000000e+00,4.959217717437462092e+00,1.646010175759222705e+01,-0.000000000000000000e+00,7.024767271005685210e-01,1.715493981738408724e+00,6.594634298116787363e+00
3.735000000000000142e+01,0.000000000000000000e+00,4.924210566721058058e+00,1.637454024684441833e+01,-0.000000000000000000e+00,6.978144300583034587e-01,1.706974273105165807e+00,6.555740345071633612e+00
3.739999999999999858e+01,0.000000000000000000e+00,4.889435763273754176e+00,1.628940355003247475e+01,-0.000000000000000000e+00,6.931828025337751775e-01,1.698501379479757878e+00,6.517068769144995777e+00
3.745000000000000284e+01,0.000000000000000000e+00,4.854891778678871894e+00,1.620468933311633464e+01,-0.000000000000000000e+00,6.885816423823059029e-01,1.690075032714296377e+00,6.478618222618520051e+00
3.750000000000000000e+01,0.000000000000000000e+00,4.820577094593476275e+00,1.612039527542331285e+01,-0.000000000000000000e+00,6.840107487980816581e-01,1.681694966266130020e+00,6.440387366152566351e+00
3.755000000000000426e+01,0.000000000000000000e+00,4.786490202681614292e+00,1.603651906956778461e+01,-0.000000000000000000e+00,6.794699223052351744e-01,1.673360915187893871e+00,6.402374868732753299e+00
3.760000000000000142e+01,0.000000000000000000e+00,4.752629604548067377e+00,1.595305842137191199e+01,-0.000000000000000000e+00,6.749589647489988575e-01,1.665072616117671656e+00,6.364579407617011242e+00
3.764999999999999858e+01,0.000000000000000000e+00,4.718993811672532956e+00,1.587001104978652855e+01,-0.000000000000000000e+00,6.704776792869135971e-01,1.656829807269196930e+00,6.326999668282898170e+00
3.770000000000000284e+01,0.000000000000000000e+00,4.685581345344175475e+00,1.578737468681251954e+01,-0.000000000000000000e+00,6.660258703800882030e-01,1.648632228422109325e+00,6.289634344375217623e+00
3.775000000000000000e+01,0.000000000000000000e+00,4.652390736596716536e+00,1.570514707742288607e+01,-0.000000000000000000e+00,6.616033437845316723e-01,1.640479620912295156e+00,6.252482137654079786e+00
3.780000000000000426e+01,0.000000000000000000e+00,4.619420526143867001e+00,1.562332597948513424e+01,-0.000000000000000000e+00,6.572099065425286435e-01,1.632371727622276447e+00,6.215541757943217505e+00
3.785000000000000142e+01,0.000000000000000000e+00,4.586669264315276884e+00,1.554190916368418129e+01,-0.000000000000000000e+00,6.528453669740876819e-01,1.624308292971662127e+00,6.178811923078683321e+00
3.789999999999999858e+01,0.000000000000000000e+00,4.554135510992789904e+00,1.546089441344572002e+01,-0.000000000000000000e+00,6.485095346684284223e-01,1.616289062907660501e+00,6.142291358857825401e+00
3.795000000000000284e+01,0.000000000000000000e+00,4.521817835547246034e+00,1.538027952486004146e+01,-0.000000000000000000e+00,6.442022204755424308e-01,1.608313784895651022e+00,6.105978798988633827e+00
3.800000000000000000e+01,0.000000000000000000e+00,4.489714816775673079e+00,1.530006230660654154e+01,-0.000000000000000000e+00,6.399232364978061360e-01,1.600382207909832211e+00,6.069872985039472368e+00
3.805000000000000426e+01,0.000000000000000000e+00,4.457825042838790885e+00,1.522024057987823475e+01,-0.000000000000000000e+00,6.356723960816360597e-01,1.592494082423894231e+00,6.033972666388954131e+00
3.810000000000000142e+01,0.000000000000000000e+00,4.426147111199125739e+00,1.514081217830723247e+01,-0.000000000000000000e+00,6.314495138092253157e-01,1.584649160401790491e+00,5.998276600176371431e+00
3.814999999999999858e+01,0.000000000000000000e+00,4.394679628559323703e+00,1.506177494789038462e+01,-0.000000000000000000e+00,6.272544054903079758e-01,1.576847195288541448e+00,5.962783551252258007e+00
3.820000000000000284e+01,0.000000000000000000e+00,4.363421210801056382e+00,1.498312674691543300e+01,-0.000000000000000000e+00,6.230868881540005955e-01,1.569087942001106351e+00,5.927492292129386442e+00
3.825000000000000000e+01,0.000000000000000000e+00,4.332370482924211785e+00,1.490486544588766726e+01,-0.000000000000000000e+00,6.189467800406847076e-01,1.561371156919314052e+00,5.892401602934022264e+00
3.830000000000000426e+01,0.000000000000000000e+00,4.301526078986543489e+00,1.482698892745697705e+01,-0.000000000000000000e+00,6.148339005939482682e-01,1.553696597876845553e+00,5.857510271357515563e+00
3.835000000000000142e+01,0.000000000000000000e+00,4.270886642043722148e+00,1.474949508634548856e+01,-0.000000000000000000e+00,6.107480704525822812e-01,1.546064024152290495e+00,5.822817092608232770e+00
3.840000000000000568e+01,0.000000000000000000e+00,4.240450824089746718e+00,1.467238182927533074e+01,-0.000000000000000000e+00,6.066891114426260501e-01,1.538473196460226733e+00,5.788320869363706045e+00
3.845000000000000284e+01,0.000000000000000000e+00,4.210217285997828185e+00,1.459564707489733415e+01,-0.000000000000000000e+00,6.026568465694744914e-01,1.530923876942404727e+00,5.754020411723248074e+00
3.850000000000000000e+01,0.000000000000000000e+00,4.180184697461553966e+00,1.451928875371963557e+01,-0.000000000000000000e+00,5.986511000100239732e-01,1.523415829158940360e+00,5.719914537160685875e+00
3.855000000000000426e+01,0.000000000000000000e+00,4.150351736936560343e+00,1.444330480803715844e+01,-0.000000000000000000e+00,5.946716971048856548e-01,1.515948818079597915e+00,5.686002070477569781e+00
3.860000000000000142e+01,0.000000000000000000e+00,4.120717091582524638e+00,1.436769319186122296e+01,-0.000000000000000000e+00,5.907184643506426802e-01,1.508522610075107240e+00,5.652281843756568058e+00
3.865000000000000568e+01,0.000000000000000000e+00,4.091279457205533987e+00,1.429245187084977609e+01,-0.000000000000000000e+00,5.867912293921567768e-01,1.501136972908551082e+00,5.618752696315210571e+00
3.870000000000000284e+01,0.000000000000000000e+00,4.062037538200915954e+00,1.421757882223804437e+01,-0.000000000000000000e+00,5.828898210149369152e-01,1.493791675726803270e+00,5.585413474659969069e+00
3.875000000000000000e+01,0.000000000000000000e+00,4.032990047496336494e+00,1.414307203476941055e+01,-0.000000000000000000e+00,5.790140691375444959e-01,1.486486489052008642e+00,5.552263032440521329e+00
3.880000000000000426e+01,0.000000000000000000e+00,4.004135706495381086e+00,1.406892950862700076e+01,-0.000000000000000000e+00,5.751638048040620399e-01,1.479221184773136688e+00,5.519300230404440732e+00
3.885000000000000142e+01,0.000000000000000000e+00,3.975473245021441837e+00,1.399514925536545107e+01,-0.000000000000000000e+00,5.713388601766048458e-01,1.471995536137576055e+00,5.486523936352083908e+00
3.890000000000000568e+01,0.000000000000000000e+00,3.947001401262020259e+00,1.392172929784329050e+01,-0.000000000000000000e+00,5.675390685278859371e-01,1.464809317742788553e+00,5.453933025091832754e+00
3.895000000000000284e+01,0.000000000000000000e+00,3.918718921713356451e+00,1.384866767015557798e+01,-0.000000000000000000e+00,5.637642642338266397e-01,1.457662305528011126e+00,5.421526378395572721e+00
3.900000000000000000e+01,0.000000000000000000e+00,3.890624561125474390e+00,1.377596241756702078e+01,-0.000000000000000000e+00,5.600142827662224487e-01,1.450554276766013562e+00,5.389302884954492612e+00
3.905000000000000426e+01,0.000000000000000000e+00,3.862717082447554962e+00,1.370361159644553872e+01,-0.000000000000000000e+00,5.562889606854514168e-01,1.443485010054911033e+00,5.357261440335162384e+00
3.910000000000000142e+01,0.000000000000000000e+00,3.834995256773712224e+00,1.363161327419614643e+01,-0.000000000000000000e+00,5.525881356332396077e-01,1.436454285310019507e+00,5.325400946935892499e+00
3.915000000000000568e+01,0.000000000000000000e+00,3.807457863289083200e+00,1.355996552919540044e+01,-0.000000000000000000e+00,5.489116463254646305e-01,1.429461883755779983e+00,5.293720313943391709e+00
3.920000000000000284e+01,0.000000000000000000e+00,3.780103689216294693e+00,1.348866645072601500e+01,-0.000000000000000000e+00,5.452593325450137973e-01,1.422507587917711591e+00,5.262218457289651319e+00
3.925000000000000000e+01,0.000000000000000000e+00,3.752931529762332019e+00,1.341771413891210329e+01,-0.000000000000000000e+00,5.416310351346926844e-01,1.415591181614435978e+00,5.230894299609191833e+00
3.930000000000000426e+01,0.000000000000000000e+00,3.725940188065644865e+00,1.334710670465465832e+01,-0.000000000000000000e+00,5.380265959901674444e-01,1.408712449949736767e+00,5.199746770196487233e+00
3.935000000000000142e+01,0.000000000000000000e+00,3.699128475143767858e+00,1.327684226956750102e+01,-0.000000000000000000e+00,5.344458580529756198e-01,1.401871179304679860e+00,5.168774804963758740e+00
3.940000000000000568e+01,0.000000000000000000e+00,3.672495209841127206e+00,1.320691896591371517e+01,-0.000000000000000000e+00,5.308886653035612690e-01,1.395067157329786589e+00,5.137977346398992395e+00
3.945000000000000284e+01,0.000000000000000000e+00,3.646039218777310964e+00,1.313733493654218876e+01,-0.000000000000000000e+00,5.273548627543738210e-01,1.388300172937235288e+00,5.107353343524202671e+00
3.950000000000000000e+01,0.000000000000000000e+00,3.619759336295623964e+00,1.306808833482487486e+01,-0.000000000000000000e+00,5.238442964430025661e-01,1.381570016293139247e+00,5.076901751854030920e+00
3.955000000000000426e+01,0.000000000000000000e+00,3.593654404412010006e+00,1.299917732459420527e+01,-0.000000000000000000e+00,5.203568134253627742e-01,1.374876478809856639e+00,5.046621533354556099e+00
3.960000000000000142e+01,0.000000000000000000e+00,3.567723272764296016e+00,1.293060008008104056e+01,-0.000000000000000000e+00,5.168922617689242216e-01,1.368219353138357741e+00,5.016511656402408370e+00
3.965000000000000568e+01,0.000000000000000000e+00,3.541964798561782590e+00,1.286235478585282976e+01,-0.000000000000000000e+00,5.134504905459847945e-01,1.361598433160629451e+00,4.986571095744098514e+00
3.970000000000000284e+01,0.000000000000000000e+00,3.516377846535179152e+00,1.279443963675233853e+01,-0.000000000000000000e+00,5.100313498269921642e-01,1.355013513982141760e+00,4.956798832455674209e+00
3.975000000000000000e+01,0.000000000000000000e+00,3.490961288886866409e+00,1.272685283783661703e+01,-0.000000000000000000e+00,5.066346906739079836e-01,1.348464391924353967e+00,4.927193853902587684e+00
3.980000000000000426e+01,0.000000000000000000e+00,3.465714005241450568e+00,1.265959260431638000e+01,-0.000000000000000000e+00,5.032603651336119421e-01,1.341950864517265307e+00,4.897755153699820063e+00
3.985000000000000142e+01,0.000000000000000000e+00,3.440634882596742106e+00,1.259265716149585401e+01,-0.000000000000000000e+00,4.999082262313626623e-01,1.335472730492029081e+00,4.868481731672334334e+00
3.990000000000000568e+01,0.000000000000000000e+00,3.415722815274932600e+00,1.252604474471271701e+01,-0.000000000000000000e+00,4.965781279642843549e-01,1.329029789773581882e+00,4.839372593815645551e+00
3.995000000000000284e+01,0.000000000000000000e+00,3.390976704874218761e+00,1.245975359927883552e+01,-0.000000000000000000e+00,4.932699252949140356e-01,1.322621843473362757e+00,4.810426752256818261e+00
4.000000000000000000e+01,0.000000000000000000e+00,3.366395460220651170e+00,1.239378198042090062e+01,-0.000000000000000000e+00,4.899834741447790520e-01,1.316248693882033916e+00,4.781643225215550963e+00
4.005000000000000426e+01,0.000000000000000000e+00,3.341977997320375149e+00,1.232812815322175659e+01,-0.000000000000000000e+00,4.867186313880266235e-01,1.309910144462279158e+00,4.753021036965626500e+00
4.010000000000000142e+01,0.000000000000000000e+00,3.317723239312143413e+00,1.226279039256199788e+01,-0.000000000000000000e+00,4.834752548450897969e-01,1.303605999841638496e+00,4.724559217796571176e+00
4.015000000000000568e+01,0.000000000000000000e+00,3.293630116420145804e+00,1.219776698306181650e+01,-0.000000000000000000e+00,4.802532032763964231e-01,1.297336065805378302e+00,4.696256803975527028e+00
4.020000000000000284e+01,0.000000000000000000e+00,3.269697565907210723e+00,1.213305621902343212e+01,-0.000000000000000000e+00,4.770523363761270952e-01,1.291100149289426957e+00,4.668112837709463392e+00
4.025000000000000000e+01,0.000000000000000000e+00,3.245924532028216625e+00,1.206865640437352205e+01,-0.000000000000000000e+00,4.738725147660020065e-01,1.284898058373326268e+00,4.640126367107488825e+00
4.030000000000000426e+01,0.000000000000000000e+00,3.222309965983895630e+00,1.200456585260644715e+01,-0.000000000000000000e+00,4.707135999891204348e-01,1.278729602273261712e+00,4.612296446143560047e+00
4.035000000000000142e+01,0.000000000000000000e+00,3.198852825874945349e+00,1.194078288672745103e+01,-0.000000000000000000e+00,4.675754545038398047e-01,1.272594591335109104e+00,4.584622134619335654e+00
4.040000000000000568e+01,0.000000000000000000e+00,3.175552076656361855e+00,1.187730583919637084e+01,-0.000000000000000000e+00,4.644579416776870584e-01,1.266492837027535012e+00,4.557102498127273194e+00
4.045000000000000284e+01,0.000000000000000000e+00,3.152406690092179886e+00,1.181413305187172469e+01,-0.000000000000000000e+00,4.613609257813224840e-01,1.260424151935148229e+00,4.529736608014021115e+00
4.050000000000000000e+01,0.000000000000000000e+00,3.129415644710431987e+00,1.175126287595498731e+01,-0.000000000000000000e+00,4.582842719825334088e-01,1.254388349751676124e+00,4.502523541343962599e+00
4.055000000000000426e+01,0.000000000000000000e+00,3.106577925758474468e+00,1.168869367193541464e+01,-0.000000000000000000e+00,4.552278463402776310e-01,1.248385245273206490e+00,4.475462380863090672e+00
4.060000000000000142e+01,0.000000000000000000e+00,3.083892525158554054e+00,1.162642380953500698e+01,-0.000000000000000000e+00,4.521915157987583256e-01,1.242414654391452711e+00,4.448552214963028995e+00
4.065000000000000568e+01,0.000000000000000000e+00,3.061358441463675195e+00,1.156445166765391441e+01,-0.000000000000000000e+00,4.491751481815397518e-01,1.236476394087071107e+00,4.421792137645316423e+00
4.070000000000000284e+01,0.000000000000000000e+00,3.038974679813853719e+00,1.150277563431621708e+01,-0.000000000000000000e+00,4.461786121857139187e-01,1.230570282423023132e+00,4.395181248485981129e+00
4.075000000000000000e+01,0.000000000000000000e+00,3.016740251892479741e+00,1.144139410661589373e+01,-0.000000000000000000e+00,4.432017773760832391e-01,1.224696138537968215e+00,4.368718652600213304e+00
4.080000000000000426e+01,0.000000000000000000e+00,2.994654175883168179e+00,1.138030549066323616e+01,-0.000000000000000000e+00,4.402445141794070205e-01,1.218853782639709005e+00,4.342403460607393129e+00
4.085000000000000142e+01,0.000000000000000000e+00,2.972715476426751380e+00,1.131950820153155846e+01,-0.000000000000000000e+00,4.373066938786681068e-01,1.213043035998672803e+00,4.316234788596265304e+00
4.090000000000000568e+01,0.000000000000000000e+00,2.950923184578615022e+00,1.125900066320421544e+01,-0.000000000000000000e+00,4.343881886073848175e-01,1.207263720941435414e+00,4.290211758090361371e+00
4.095000000000000284e+01,0.000000000000000000e+00,2.929276337766346661e+00,1.119878130852199050e+01,-0.000000000000000000e+00,4.314888713439649082e-01,1.201515660844287403e+00,4.264333496013670732e+00
4.100000000000000000e+01,0.000000000000000000e+00,2.907773979747592108e+00,1.113884857913070192e+01,-0.000000000000000000e+00,4.286086159060875089e-01,1.195798680126832991e+00,4.238599134656471534e+00
4.105000000000000426e+01,0.000000000000000000e+00,2.886415160568249316e+00,1.107920092542928003e+01,-0.000000000000000000e+00,4.257472969451302491e-01,1.190112604245643135e+00,4.213007811641444889e+00
4.110000000000000142e+01,0.000000000000000000e+00,2.865198936520928719e+00,1.101983680651798991e+01,-0.000000000000000000e+00,4.229047899406319089e-01,1.184457259687933695e+00,4.187558669889961394e+00
4.115000000000000568e+01,0.000000000000000000e+00,2.844124370103662258e+00,1.096075469014712311e+01,-0.000000000000000000e+00,4.200809711947883773e-01,1.178832473965294447e+00,4.162250857588611908e+00
4.120000000000000284e+01,0.000000000000000000e+00,2.823190529978929941e+00,1.090195305266593451e+01,-0.000000000000000000e+00,4.172757178269916878e-01,1.173238075607454745e+00,4.137083528155948819e+00
4.125000000000000000e+01,0.000000000000000000e+00,2.802396490932927531e+00,1.084343037897183848e+01,-0.000000000000000000e+00,4.144889077684001388e-01,1.167673894156082470e+00,4.112055840209423607e+00
4.130000000000000426e+01,0.000000000000000000e+00,2.781741333835088703e+00,1.078518516245998526e+01,-0.000000000000000000e+00,4.117204197565437207e-01,1.162139760158628521e+00,4.087166957532540223e+00
4.135000000000000142e+01,0.000000000000000000e+00,2.761224145597957147e+00,1.072721590497318012e+01,-0.000000000000000000e+00,4.089701333299755603e-01,1.156635505162211031e+00,4.062416049042273158e+00
4.140000000000000568e+01,0.000000000000000000e+00,2.740844019137206100e+00,1.066952111675194992e+01,-0.000000000000000000e+00,4.062379288229437946e-01,1.151160961707529129e+00,4.037802288756590308e+00
4.145000000000000284e+01,0.000000000000000000e+00,2.720600053332030033e+00,1.061209931638512671e+01,-0.000000000000000000e+00,4.035236873601128482e-01,1.145715963322829545e+00,4.013324855762296473e+00
4.150000000000000000e+01,0.000000000000000000e+00,2.700491352985732174e+00,1.055494903076054669e+01,-0.000000000000000000e+00,4.008272908513106914e-01,1.140300344517894526e+00,3.988982934183002982e+00
4.155000000000000426e+01,0.000000000000000000e+00,2.680517028786595368e+00,1.049806879501612400e+01,-0.000000000000000000e+00,3.981486219863147324e-01,1.134913940778077279e+00,3.964775713147328684e+00
4.160000000000000142e+01,0.000000000000000000e+00,2.660676197269052690e+00,1.044145715249127626e+01,-0.000000000000000000e+00,3.954875642296771798e-01,1.129556588558378705e+00,3.940702386757345188e+00
4.165000000000000568e+01,0.000000000000000000e+00,2.640967980775012158e+00,1.038511265467850109e+01,-0.000000000000000000e+00,3.928440018155712199e-01,1.124228125277546120e+00,3.916762154057131351e+00
4.170000000000000284e+01,0.000000000000000000e+00,2.621391507415563815e+00,1.032903386117545885e+01,-0.000000000000000000e+00,3.902178197426889317e-01,1.118928389312230820e+00,3.892954219001646621e+00
4.175000000000000000e+01,0.000000000000000000e+00,2.601945911032842673e+00,1.027321933963708922e+01,-0.000000000000000000e+00,3.876089037691592964e-01,1.113657219991156966e+00,3.869277790425693642e+00
4.180000000000000426e+01,0.000000000000000000e+00,2.582630331162198534e+00,1.021766766572820018e+01,-0.000000000000000000e+00,3.850171404075075077e-01,1.108414457589347313e+00,3.845732082013149089e+00
4.185000000000000142e+01,0.000000000000000000e+00,2.563443912994606499e+00,1.016237742307641767e+01,-0.000000000000000000e+00,3.824424169196470324e-01,1.103199943322385135e+00,3.822316312266407667e+00
4.190000000000000568e+01,0.000000000000000000e+00,2.544385807339306194e+00,1.010734720322505353e+01,-0.000000000000000000e+00,3.798846213119012050e-01,1.098013519340687250e+00,3.799029704475916702e+00
4.195000000000000284e+01,0.000000000000000000e+00,2.525455170586723863e+00,1.005257560558676744e+01,-0.000000000000000000e+00,3.773436423300639553e-01,1.092855028723849653e+00,3.775871486690054013e+00
4.200000000000000000e+01,0.000000000000000000e+00,2.506651164671607201e+00,9.998061237397067202e+00,-0.000000000000000000e+00,3.748193694544880161e-01,1.087724315474998704e+00,3.752840891685070623e+00
4.205000000000000426e+01,0.000000000000000000e+00,2.487972957036408417e+00,9.943802713668297599e+00,-0.000000000000000000e+00,3.723116928952071580e-01,1.082621224515186054e+00,3.729937156935278608e+00
4.210000000000000142e+01,0.000000000000000000e+00,2.469419720594963508e+00,9.889798657144007521e+00,-0.000000000000000000e+00,3.698205035870970603e-01,1.077545601677835752e+00,3.707159524583483634e+00
4.215000000000000568e+01,0.000000000000000000e+00,2.450990633696325194e+00,9.836047698253301164e+00,-0.000000000000000000e+00,3.673456931850578311e-01,1.072497293703196686e+00,3.684507241411488110e+00
4.220000000000000284e+01,0.000000000000000000e+00,2.432684880088918256e+00,9.782548475065777183e+00,-0.000000000000000000e+00,3.648871540592390494e-01,1.067476148232856303e+00,3.661979558810903423e+00
4.225000000000000000e+01,0.000000000000000000e+00,2.414501648884849416e+00,9.729299633246482060e+00,-0.000000000000000000e+00,3.624447792902857346e-01,1.062482013804268099e+00,3.639575732754045223e+00
4.230000000000000426e+01,0.000000000000000000e+00,2.396440134524555177e+00,9.676299826011343086e+00,-0.000000000000000000e+00,3.600184626646293351e-01,1.057514739845330176e+00,3.617295023765113360e+00
4.235000000000000142e+01,0.000000000000000000e+00,2.378499536741594866e+00,9.623547714082729243e+00,-0.000000000000000000e+00,3.576080986697981468e-01,1.052574176668985562e+00,3.595136696891479744e+00
4.240000000000000568e+01,0.000000000000000000e+00,2.360679060527714590e+00,9.571041965645338934e+00,-0.000000000000000000e+00,3.552135824897645899e-01,1.047660175467862942e+00,3.573100021675192028e+00
4.245000000000000284e+01,0.000000000000000000e+00,2.342977916098156310e+00,9.518781256302387916e+00,-0.000000000000000000e+00,3.528348100003245169e-01,1.042772588308950032e+00,3.551184272124674912e+00
4.250000000000000000e+01,0.000000000000000000e+00,2.325395318857165883e+00,9.466764269031958889e+00,-0.000000000000000000e+00,3.504716777645032755e-01,1.037911268128295816e+00,3.529388726686572664e+00
4.255000000000000426e+01,0.000000000000000000e+00,2.307930489363759552e+00,9.414989694143736543e+00,-0.000000000000000000e+00,3.481240830279968002e-01,1.033076068725752306e+00,3.507712668217814134e+00
4.260000000000000142e+01,0.000000000000000000e+00,2.290582653297686289e+00,9.363456229235914918e+00,-0.000000000000000000e+00,3.457919237146387381e-01,1.028266844759745169e+00,3.486155383957822096e+00
4.265000000000000568e+01,0.000000000000000000e+00,2.273351041425657026e+00,9.312162579152415631e+00,-0.000000000000000000e+00,3.434750984219032133e-01,1.023483451742078998e+00,3.464716165500932199e+00
4.270000000000000284e+01,0.000000000000000000e+00,2.256234889567747537e+00,9.261107455940372546e+00,-0.000000000000000000e+00,3.411735064164302944e-01,1.018725746032775215e+00,3.443394308768966905e+00
4.275000000000000000e+01,0.000000000000000000e+00,2.239233438564070422e+00,9.210289578807758559e+00,-0.000000000000000000e+00,3.388870476295887668e-01,1.013993584834935069e+00,3.422189113983974629e+00
4.280000000000000426e+01,0.000000000000000000e+00,2.222345934241646948e+00,9.159707674081460027e+00,-0.000000000000000000e+00,3.366156226530644946e-01,1.009286826189648600e+00,3.401099885641188258e+00
4.285000000000000142e+01,0.000000000000000000e+00,2.205571627381492483e+00,9.109360475165471982e+00,-0.000000000000000000e+00,3.343591327344777597e-01,1.004605328970925360e+00,3.380125932482114237e+00
4.290000000000000568e+01,0.000000000000000000e+00,2.188909773685941307e+00,9.059246722499352700e+00,-0.000000000000000000e+00,3.321174797730325201e-01,9.999489528806566607e-01,3.359266567467808606e+00
4.295000000000000284e+01,0.000000000000000000e+00,2.172359633746151708e+00,9.009365163516978470e+00,-0.000000000000000000e+00,3.298905663151903700e-01,9.953175584436142476e-01,3.338521107752320471e+00
4.300000000000000000e+01,0.000000000000000000e+00,2.155920473009894867e+00,8.959714552605509752e+00,-0.000000000000000000e+00,3.276782955503815820e-01,9.907110070024763848e-01,3.317888874656325093e+00
4.305000000000000426e+01,0.000000000000000000e+00,2.139591561749448978e+00,8.910293651064653986e+00,-0.000000000000000000e+00,3.254805713067308037e-01,9.861291607128884751e-01,3.297369193640887985e+00
4.310000000000000142e+01,0.000000000000000000e+00,2.123372175029837550e+00,8.861101227066081165e+00,-0.000000000000000000e+00,3.232972980468286073e-01,9.815718825385494339e-01,3.276961394281439066e+00
4.315000000000000568e+01,0.000000000000000000e+00,2.107261592677170281e+00,8.812136055613200014e+00,-0.000000000000000000e+00,3.211283808635169157e-01,9.770390362463341472e-01,3.256664810241884922e+00
4.320000000000000284e+01,0.000000000000000000e+00,2.091259099247239739e+00,8.763396918501102917e+00,-0.000000000000000000e+00,3.189737254757085139e-01,9.725304864014441275e-01,3.236478779248895599e+00
4.325000000000000000e+01,0.000000000000000000e+00,2.075363983994338302e+00,8.714882604276732891e+00,-0.000000000000000000e+00,3.168332382242359802e-01,9.680460983625841509e-01,3.216402643066352596e+00
4.330000000000000426e+01,0.000000000000000000e+00,2.059575540840240748e+00,8.666591908199380967e+00,-0.000000000000000000e+00,3.147068260677228779e-01,9.635857382771779722e-01,3.196435747469965616e+00
4.335000000000000142e+01,0.000000000000000000e+00,2.043893068343447972e+00,8.618523632201370077e+00,-0.000000000000000000e+00,3.125943965784900858e-01,9.591492730766089103e-01,3.176577442222066505e+00
4.340000000000000568e+01,0.000000000000000000e+00,2.028315869668576354e+00,8.570676584848897051e+00,-0.000000000000000000e+00,3.104958579384812789e-01,9.547365704714834145e-01,3.156827081046512440e+00
4.345000000000000284e+01,0.000000000000000000e+00,2.012843252555988283e+00,8.523049581303300926e+00,-0.000000000000000000e+00,3.084111189352204963e-01,9.503474989469400391e-01,3.137184021603819595e+00
4.350000000000000000e+01,0.000000000000000000e+00,1.997474529291623169e+00,8.475641443282379228e+00,-0.000000000000000000e+00,3.063400889577974628e-01,9.459819277579736285e-01,3.117647625466406502e+00
4.355000000000000426e+01,0.000000000000000000e+00,1.982209016676998781e+00,8.428450999021992018e+00,-0.000000000000000000e+00,3.042826779928743952e-01,9.416397269247895885e-01,3.098217258093997284e+00
4.360000000000000142e+01,0.000000000000000000e+00,1.967046035999449050e+00,8.381477083238035419e+00,-0.000000000000000000e+00,3.022387966207255583e-01,9.373207672282031222e-01,3.078892288809233158e+00
4.365000000000000568e+01,0.000000000000000000e+00,1.951984913002535293e+00,8.334718537088367185e+00,-0.000000000000000000e+00,3.002083560112993599e-01,9.330249202050407975e-01,3.059672090773359443e+00
4.370000000000000284e+01,0.000000000000000000e+00,1.937024977856669716e+00,8.288174208135256293e+00,-0.000000000000000000e+00,2.981912679203090333e-01,9.287520581435960709e-01,3.040556040962148820e+00
4.375000000000000000e+01,0.000000000000000000e+00,1.922165565129897447e+00,8.241842950307816551e+00,-0.000000000000000000e+00,2.961874446853446363e-01,9.245020540790939156e-01,3.021543520141902750e+00
4.380000000000000426e+01,0.000000000000000000e+00,1.907406013758924157e+00,8.195723623864832774e+00,-0.000000000000000000e+00,2.941967992220179684e-01,9.202747817891963056e-01,3.002633912845670494e+00
4.385000000000000142e+01,0.000000000000000000e+00,1.892745667020319544e+00,8.149815095357794803e+00,-0.000000000000000000e+00,2.922192450201303582e-01,9.160701157895347890e-01,2.983826607349608473e+00
4.390000000000000568e+01,0.000000000000000000e+00,1.878183872501864693e+00,8.104116237593965266e+00,-0.000000000000000000e+00,2.902546961398604353e-01,9.118879313292556077e-01,2.965120995649423552e+00
4.395000000000000284e+01,0.000000000000000000e+00,1.863719982074172554e+00,8.058625929599980253e+00,-0.000000000000000000e+00,2.883030672079885948e-01,9.077281043866173293e-01,2.946516473437081451e+00
4.400000000000000000e+01,0.000000000000000000e+00,1.849353351862413453e+00,8.013343056585362945e+00,-0.000000000000000000e+00,2.863642734141341184e-01,9.035905116645913671e-01,2.928012440077547573e+00
4.405000000000000426e+01,0.000000000000000000e+00,1.835083342218287283e+00,7.968266509906514194e+00,-0.000000000000000000e+00,2.844382305070273231e-01,8.994750305865107931e-01,2.909608298585772079e+00
4.410000000000000142e+01,0.000000000000000000e+00,1.820909317692168017e+00,7.923395187030725317e+00,-0.000000000000000000e+00,2.825248547908028041e-01,8.953815392917304772e-01,2.891303455603765116e+00
4.415000000000000568e+01,0.000000000000000000e+00,1.806830647005399859e+00,7.878727991500487526e+00,-0.000000000000000000e+00,2.806240631213146042e-01,8.913099166313196431e-01,2.873097321377821700e+00
4.420000000000000284e+01,0.000000000000000000e+00,1.792846703022827226e+00,7.834263832898100688e+00,-0.000000000000000000e+00,2.787357729024811381e-01,8.872600421637905077e-01,2.854989309735938896e+00
4.425000000000000000e+01,0.000000000000000000e+00,1.778956862725469268e+00,7.790001626810259872e+00,-0.000000000000000000e+00,2.768599020826509327e-01,8.832317961508310278e-01,2.836978838065299602e+00
4.430000000000000426e+01,0.000000000000000000e+00,1.765160507183390237e+00,7.745940294793141945e+00,-0.000000000000000000e+00,2.749963691509931807e-01,8.792250595530908264e-01,2.819065327289980605e+00
4.435000000000000142e+01,0.000000000000000000e+00,1.751457021528759705e+00,7.702078764337501049e+00,-0.000000000000000000e+00,2.731450931339148847e-01,8.752397140259745578e-01,2.801248201848755226e+00
4.440000000000000568e+01,0.000000000000000000e+00,1.737845794929050669e+00,7.658415968833984344e+00,-0.000000000000000000e+00,2.713059935914952647e-01,8.712756419154631393e-01,2.783526889673021643e+00
4.445000000000000284e+01,0.000000000000000000e+00,1.724326220560486345e+00,7.614950847538841217e+00,-0.000000000000000000e+00,2.694789906139546942e-01,8.673327262539765048e-01,2.765900822164953254e+00
4.450000000000000000e+01,0.000000000000000000e+00,1.710897695581583999e+00,7.571682345539570314e+00,-0.000000000000000000e+00,2.676640048181353482e-01,8.634108507562394674e-01,2.748369434175684578e+00
4.455000000000000426e+01,0.000000000000000000e+00,1.697559621106933925e+00,7.528609413720980470e+00,-0.000000000000000000e+00,2.658609573440144369e-01,8.595098998151895486e-01,2.730932163983712080e+00
4.460000000000000142e+01,0.000000000000000000e+00,1.684311402181113193e+00,7.485731008731359104e+00,-0.000000000000000000e+00,2.640697698512343705e-01,8.556297584979042359e-01,2.713588453273396262e+00
4.465000000000000568e+01,0.000000000000000000e+00,1.671152447752807912e+00,7.443046092948876868e+00,-0.000000000000000000e+00,2.622903645156619001e-01,8.517703125415552190e-01,2.696337747113623173e+00
4.470000000000000284e+01,0.000000000000000000e+00,1.658082170649067377e+00,7.400553634448171714e+00,-0.000000000000000000e+00,2.605226640259638571e-01,8.479314483493847199e-01,2.679179493936576506e+00
4.475000000000000000e+01,0.000000000000000000e+00,1.645099987549759168e+00,7.358252606967149667e+00,-0.000000000000000000e+00,2.587665915802104255e-01,8.441130529867102439e-01,2.662113145516666890e+00
4.480000000000000426e+01,0.000000000000000000e+00,1.632205318962190566e+00,7.316141989873979234e+00,-0.000000000000000000e+00,2.570220708825005085e-01,8.403150141769520909e-01,2.645138156949589980e+00
4.485000000000000142e+01,0.000000000000000000e+00,1.619397589195874509e+00,7.274220768134306958e+00,-0.000000000000000000e+00,2.552890261396064120e-01,8.365372202976879557e-01,2.628253986631514216e+00
4.490000000000000568e+01,0.000000000000000000e+00,1.606676226337487190e+00,7.232487932278603537e+00,-0.000000000000000000e+00,2.535673820576439530e-01,8.327795603767271793e-01,2.611460096238394257e+00
4.495000000000000284e+01,0.000000000000000000e+00,1.594040662225997718e+00,7.190942478369776403e+00,-0.000000000000000000e+00,2.518570638387657157e-01,8.290419240882129781e-01,2.594755950705442960e+00
4.500000000000000000e+01,0.000000000000000000e+00,1.581490332427918144e+00,7.149583407970978577e+00,-0.000000000000000000e+00,2.501579971778706279e-01,8.253242017487526505e-01,2.578141018206703716e+00
4.505000000000000426e+01,0.000000000000000000e+00,1.569024676212775082e+00,7.108409728113521453e+00,-0.000000000000000000e+00,2.484701082593427646e-01,8.216262843135605509e-01,2.561614770134768015e+00
4.510000000000000142e+01,0.000000000000000000e+00,1.556643136528702120e+00,7.067420451265070902e+00,-0.000000000000000000e+00,2.467933237538064151e-01,8.179480633726348149e-01,2.545176681080618675e+00
4.515000000000000568e+01,0.000000000000000000e+00,1.544345159978216753e+00,7.026614595298014798e+00,-0.000000000000000000e+00,2.451275708149058263e-01,8.142894311469554003e-01,2.528826228813612076e+00
4.520000000000000284e+01,0.000000000000000000e+00,1.532130196794141641e+00,6.985991183457994858e+00,-0.000000000000000000e+00,2.434727770761046795e-01,8.106502804847045551e-01,2.512562894261569646e+00
4.525000000000000000e+01,0.000000000000000000e+00,1.519997700815701291e+00,6.945549244332645422e+00,-0.000000000000000000e+00,2.418288706475081318e-01,8.070305048575102669e-01,2.496386161491011890e+00
4.530000000000000426e+01,0.000000000000000000e+00,1.507947129464754843e+00,6.905287811820479682e+00,-0.000000000000000000e+00,2.401957801127037329e-01,8.034299983567110282e-01,2.480295517687497231e+00
4.535000000000000142e+01,0.000000000000000000e+00,1.495977943722226255e+00,6.865205925100081430e+00,-0.000000000000000000e+00,2.385734345256285693e-01,7.998486556896544641e-01,2.464290453136133596e+00
4.540000000000000568e+01,0.000000000000000000e+00,1.484089608104636193e+00,6.825302628599296817e+00,-0.000000000000000000e+00,2.369617634074496770e-01,7.962863721760011781e-01,2.448370461202142412e+00
4.545000000000000284e+01,0.000000000000000000e+00,1.472281590640834636e+00,6.785576971964788484e+00,-0.000000000000000000e+00,2.353606967434719865e-01,7.927430437440683431e-01,2.432535038311614439e+00
4.550000000000000000e+01,0.000000000000000000e+00,1.460553362848868275e+00,6.746028010031647426e+00,-0.000000000000000000e+00,2.337701649800635328e-01,7.892185669271843951e-01,2.416783683932345994e+00
4.555000000000000426e+01,0.000000000000000000e+00,1.448904399712996671e+00,6.706654802793239334e+00,-0.000000000000000000e+00,2.321900990216008986e-01,7.857128388600717050e-01,2.401115900554808391e+00
4.560000000000000142e+01,0.000000000000000000e+00,1.437334179660887168e+00,6.667456415371261436e+00,-0.000000000000000000e+00,2.306204302274384998e-01,7.822257572752521204e-01,2.385531193673259054e+00
4.565000000000000568e+01,0.000000000000000000e+00,1.425842184540909274e+00,6.628431917985885491e+00,-0.000000000000000000e+00,2.290610904088913324e-01,7.787572204994703817e-01,2.370029071766925899e+00
4.570000000000000284e+01,0.000000000000000000e+00,1.414427899599645766e+00,6.589580385926202766e+00,-0.000000000000000000e+00,2.275120118262462798e-01,7.753071274501457388e-01,2.354609046281373352e+00
4.575000000000000000e+01,0.000000000000000000e+00,1.403090813459496600e+00,6.550900899520684106e+00,-0.000000000000000000e+00,2.259731271857862156e-01,7.718753776318354465e-01,2.339270631609919437e+00
4.580000000000000426e+01,0.000000000000000000e+00,1.391830418096452471e+00,6.512392544108013048e+00,-0.000000000000000000e+00,2.244443696368365881e-01,7.684618711327353413e-01,2.324013345075229608e+00
4.585000000000000142e+01,0.000000000000000000e+00,1.380646208818039122e+00,6.474054410007942018e+00,-0.000000000000000000e+00,2.229256727688347373e-01,7.650665086211887456e-01,2.308836706911005177e+00
4.590000000000000568e+01,0.000000000000000000e+00,1.369537684241351583e+00,6.435885592492340379e+00,-0.000000000000000000e+00,2.214169706084114508e-01,7.616891913422190186e-01,2.293740240243760997e+00
4.595000000000000284e+01,0.000000000000000000e+00,1.358504346271294905e+00,6.397885191756520484e+00,-0.000000000000000000e+00,2.199181976164999164e-01,7.583298211140921952e-01,2.278723471074777684e+00
4.600000000000000000e+01,0.000000000000000000e+00,1.347545700078925490e+00,6.360052312890594806e+00,-0.000000000000000000e+00,2.184292886854583005e-01,7.549883003248906155e-01,2.263785928262111558e+00
4.605000000000000426e+01,0.000000000000000000e+00,1.336661254079955619e+00,6.322386065851118175e+00,-0.000000000000000000e+00,2.169501791362138665e-01,7.516645319291136440e-01,2.248927143502757353e+00
4.610000000000000142e+01,0.000000000000000000e+00,1.325850519913398085e+00,6.284885565432819732e+00,-0.000000000000000000e+00,2.154808047154261053e-01,7.483584194442962634e-01,2.234146651314904197e+00
4.615000000000000568e+01,0.000000000000000000e+00,1.315113012420346061e+00,6.247549931240524934e+00,-0.000000000000000000e+00,2.140211015926676841e-01,7.450698669476485403e-01,2.219443989020304375e+00
4.620000000000000284e+01,0.000000000000000000e+00,1.304448249622902400e+00,6.210378287661336039e+00,-0.000000000000000000e+00,2.125710063576254361e-01,7.417987790727246233e-01,2.204818696726785099e+00
4.625000000000000000e+01,0.000000000000000000e+00,1.293855752703235940e+00,6.173369763836754842e+00,-0.000000000000000000e+00,2.111304560173185019e-01,7.385450610060918519e-01,2.190270317310806902e+00
4.630000000000000426e+01,0.000000000000000000e+00,1.283335045982792799e+00,6.136523493635281490e+00,-0.000000000000000000e+00,2.096993879933368998e-01,7.353086184840474937e-01,2.175798396400216994e+00
4.635000000000000142e+01,0.000000000000000000e+00,1.272885656901633133e+00,6.099838615624863181e+00,-0.000000000000000000e+00,2.082777401190969158e-01,7.320893577893298199e-01,2.161402482357032362e+00
4.640000000000000568e+01,0.000000000000000000e+00,1.262507115997904661e+00,6.063314273045757652e+00,-0.000000000000000000e+00,2.068654506371149782e-01,7.288871857478695926e-01,2.147082126260391632e+00
4.645000000000000284e+01,0.000000000000000000e+00,1.252198956887460524e+00,6.026949613783390447e+00,-0.000000000000000000e+00,2.054624581963004903e-01,7.257020097255477697e-01,2.132836881889577985e+00
4.650000000000000000e+01,0.000000000000000000e+00,1.241960716243601937e+00,5.990743790341475083e+00,-0.000000000000000000e+00,2.040687018492655935e-01,7.225337376249818533e-01,2.118666305707169961e+00
4.655000000000000426e+01,0.000000000000000000e+00,1.231791933776963832e+00,5.954695959815219375e+00,-0.000000000000000000e+00,2.026841210496537204e-01,7.193822778823256714e-01,2.104569956842286871e+00
4.660000000000000142e+01,0.000000000000000000e+00,1.221692152215532179e+00,5.918805283864793765e+00,-0.000000000000000000e+00,2.013086556494863844e-01,7.162475394640976933e-01,2.090547397073964753e+00
4.665000000000000568e+01,0.000000000000000000e+00,1.211660917284779648e+00,5.883070928688801438e+00,-0.000000000000000000e+00,1.999422458965246785e-01,7.131294318640155616e-01,2.076598190814590073e+00
4.670000000000000284e+01,0.000000000000000000e+00,1.201697777687960711e+00,5.847492064998078831e+00,-0.000000000000000000e+00,1.985848324316533964e-01,7.100278650998639307e-01,2.062721905093499952e+00
4.675000000000000000e+01,0.000000000000000000e+00,1.191802285086506430e+00,5.812067867989529013e+00,-0.000000000000000000e+00,1.972363562862771702e-01,7.069427497103734082e-01,2.048918109540635690e+00
4.680000000000000426e+01,0.000000000000000000e+00,1.181973994080566026e+00,5.776797517320143349e+00,-0.000000000000000000e+00,1.958967588797373149e-01,7.038739967521190355e-01,2.035186376370318850e+00
4.685000000000000142e+01,0.000000000000000000e+00,1.172212462189684112e+00,5.741680197081220349e+00,-0.000000000000000000e+00,1.945659820167459086e-01,7.008215177964417508e-01,2.021526280365147255e+00
4.690000000000000568e+01,0.000000000000000000e+00,1.162517249833586064e+00,5.706715095772687540e+00,-0.000000000000000000e+00,1.932439678848350273e-01,6.977852249263876150e-01,2.007937398859964695e+00
4.695000000000000284e+01,0.000000000000000000e+00,1.152887920313096615e+00,5.671901406277572555e+00,-0.000000000000000000e+00,1.919306590518231603e-01,6.947650307336598052e-01,1.994419311725941446e+00
4.700000000000000000e+01,0.000000000000000000e+00,1.143324039791203228e+00,5.637238325836689157e+00,-0.000000000000000000e+00,1.906259984633013882e-01,6.917608483156013621e-01,1.980971601354773792e+00
4.705000000000000426e+01,0.000000000000000000e+00,1.133825177274216500e+00,5.602725056023379224e+00,-0.000000000000000000e+00,1.893299294401324939e-01,6.887725912721832655e-01,1.967593852642953056e+00
4.710000000000000142e+01,0.000000000000000000e+00,1.124390904593079776e+00,5.568360802718508751e+00,-0.000000000000000000e+00,1.880423956759693926e-01,6.858001737030222644e-01,1.954285652976166965e+00
4.715000000000000568e+01,0.000000000000000000e+00,1.115020796384776469e+00,5.534144776085508255e+00,-0.000000000000000000e+00,1.867633412347876332e-01,6.828435102044073668e-01,1.941046592213765187e+00
4.720000000000000284e+01,0.000000000000000000e+00,1.105714430073889920e+00,5.500076190545660992e+00,-0.000000000000000000e+00,1.854927105484374117e-01,6.799025158663550839e-01,1.927876262673360319e+00
4.725000000000000000e+01,0.000000000000000000e+00,1.096471385854265845e+00,5.466154264753461334e+00,-0.000000000000000000e+00,1.842304484142096299e-01,6.769771062696722241e-01,1.914774259115498367e+00
4.730000000000000426e+01,0.000000000000000000e+00,1.087291246670792910e+00,5.432378221572133903e+00,-0.000000000000000000e+00,1.829764999924177182e-01,6.740671974830417801e-01,1.901740178728430042e+00
4.735000000000000142e+01,0.000000000000000000e+00,1.078173598201333183e+00,5.398747288049357884e+00,-0.000000000000000000e+00,1.817308108039994152e-01,6.711727060601300199e-01,1.888773621113005952e+00
4.740000000000000568e+01,0.000000000000000000e+00,1.069118028838715206e+00,5.365260695393057944e+00,-0.000000000000000000e+00,1.804933267281266518e-01,6.682935490367063469e-01,1.875874188267621978e+00
4.745000000000000284e+01,0.000000000000000000e+00,1.060124129672922466e+00,5.331917678947378114e+00,-0.000000000000000000e+00,1.792639939998424414e-01,6.654296439277802566e-01,1.863041484573305873e+00
4.750000000000000000e+01,0.000000000000000000e+00,1.051191494473325605e+00,5.298717478168781803e+00,-0.000000000000000000e+00,1.780427592077021837e-01,6.625809087247601648e-01,1.850275116778858253e+00
4.755000000000000426e+01,0.000000000000000000e+00,1.042319719671081613e+00,5.265659336602316998e+00,-0.000000000000000000e+00,1.768295692914383099e-01,6.597472618926264465e-01,1.837574693986120167e+00
4.760000000000000142e+01,0.000000000000000000e+00,1.033508404341633824e+00,5.232742501858004935e+00,-0.000000000000000000e+00,1.756243715396384464e-01,6.569286223671243485e-01,1.824939827635318146e+00
4.765000000000000568e+01,0.000000000000000000e+00,1.024757150187316057e+00,5.199966225587350444e+00,-0.000000000000000000e+00,1.744271135874365664e-01,6.541249095519693357e-01,1.812370131490495639e+00
4.770000000000000284e+01,0.000000000000000000e+00,1.016065561520096416e+00,5.167329763460070780e+00,-0.000000000000000000e+00,1.732377434142237382e-01,6.513360433160797491e-01,1.799865221625065903e+00
4.775000000000000000e+01,0.000000000000000000e+00,1.007433245244411468e+00,5.134832375140833349e+00,-0.000000000000000000e+00,1.720562093413701699e-01,6.485619439908113515e-01,1.787424716407413960e+00
4.780000000000000426e+01,0.000000000000000000e+00,9.988598108401226527e-01,5.102473324266215471e+00,-0.000000000000000000e+00,1.708824600299644336e-01,6.458025323672196283e-01,1.775048236486615139e+00
4.785000000000000142e+01,0.000000000000000000e+00,9.903448703455998148e-01,5.070251878421863978e+00,-0.000000000000000000e+00,1.697164444785686788e-01,6.430577296933431830e-01,1.762735404778265957e+00
4.790000000000000568e+01,0.000000000000000000e+00,9.818880383408868928e-01,5.038167309119597093e+00,-0.000000000000000000e+00,1.685581120209854455e-01,6.403274576714855781e-01,1.750485846450342775e+00
4.795000000000000284e+01,0.000000000000000000e+00,9.734889319310081612e-01,5.006218891774863344e+00,-0.000000000000000000e+00,1.674074123240433531e-01,6.376116384555363670e-01,1.738299188909219861e+00
4.800000000000000000e+01,0.000000000000000000e+00,9.651471707293610702e-01,4.974405905684152529e+00,-0.000000000000000000e+00,1.662642953853934458e-01,6.349101946482883507e-01,1.726175061785718778e+00
4.805000000000000426e+01,0.000000000000000000e+00,9.568623768412399810e-01,4.942727634002654469e+00,-0.000000000000000000e+00,1.651287115313243015e-01,6.322230492987855888e-01,1.714113096921283663e+00
4.810000000000000142e+01,0.000000000000000000e+00,9.486341748474543811e-01,4.911183363722012807e+00,-0.000000000000000000e+00,1.640006114145885485e-01,6.295501258996817340e-01,1.702112928354230448e+00
4.815000000000000568e+01,0.000000000000000000e+00,9.404621917880526816e-01,4.879772385648194266e+00,-0.000000000000000000e+00,1.628799460122442311e-01,6.268913483846138002e-01,1.690174192306074907e+00
4.820000000000000284e+01,0.000000000000000000e+00,9.323460571461800184e-01,4.848493994379524885e+00,-0.000000000000000000e+00,1.617666666235139383e-01,6.242466411255958025e-01,1.678296527167971286e+00
4.825000000000000000e+01,0.000000000000000000e+00,9.242854028319985593e-01,4.817347488284809742e+00,-0.000000000000000000e+00,1.606607248676518163e-01,6.216159289304230562e-01,1.666479573487201771e+00
4.830000000000000426e+01,0.000000000000000000e+00,9.162798631667554705e-01,4.786332169481641863e+00,-0.000000000000000000e+00,1.595620726818307300e-01,6.189991370400992343e-01,1.654722973953788312e+00
4.835000000000000142e+01,0.000000000000000000e+00,9.083290748669381465e-01,4.755447343814761751e+00,-0.000000000000000000e+00,1.584706623190411390e-01,6.163961911262704207e-01,1.643026373387159511e+00
4.840000000000000568e+01,0.000000000000000000e+00,9.004326770285276949e-01,4.724692320834643411e+00,-0.000000000000000000e+00,1.573864463460026564e-01,6.138070172886855858e-01,1.631389418722924756e+00
4.845000000000000284e+01,0.000000000000000000e+00,8.925903111113749899e-01,4.694066413776104341e+00,-0.000000000000000000e+00,1.563093776410923175e-01,6.112315420526620580e-01,1.619811758999713636e+00
4.850000000000000000e+01,0.000000000000000000e+00,8.848016209236559959e-01,4.663568939537112712e+00,-0.000000000000000000e+00,1.552394093922831730e-01,6.086696923665734227e-01,1.608293045346106176e+00
4.855000000000000426e+01,0.000000000000000000e+00,8.770662526064556541e-01,4.633199218657698459e+00,-0.000000000000000000e+00,1.541764950951003132e-01,6.061213955993508540e-01,1.596832930967652331e+00
4.860000000000000142e+01,0.000000000000000000e+00,8.693838546184370353e-01,4.602956575298976283e+00,-0.000000000000000000e+00,1.531205885505880215e-01,6.035865795379987686e-01,1.585431071133962533e+00
4.865000000000000568e+01,0.000000000000000000e+00,8.617540777206103009e-01,4.572840337222318752e+00,-0.000000000000000000e+00,1.520716438632901679e-01,6.010651723851274664e-01,1.574087123165884838e+00
4.870000000000000284e+01,0.000000000000000000e+00,8.541765749612189040e-01,4.542849835768621780e+00,-0.000000000000000000e+00,1.510296154392468393e-01,5.985571027564985380e-01,1.562800746422764897e+00
4.875000000000000000e+01,0.000000000000000000e+00,8.466510016607053934e-01,4.512984405837717539e+00,-0.000000000000000000e+00,1.499944579840006009e-01,5.960622996785875927e-01,1.551571602289782081e+00
4.880000000000000426e+01,0.000000000000000000e+00,8.391770153967869073e-01,4.483243385867896613e+00,-0.000000000000000000e+00,1.489661265006184121e-01,5.935806925861609740e-01,1.540399354165367551e+00
4.885000000000000142e+01,0.000000000000000000e+00,8.317542759896311422e-01,4.453626117815558061e+00,-0.000000000000000000e+00,1.479445762877260595e-01,5.911122113198673533e-01,1.529283667448705142e+00
4.890000000000000568e+01,0.000000000000000000e+00,8.243824454871294671e-01,4.424131947134962495e+00,-0.000000000000000000e+00,1.469297629375561909e-01,5.886567861238423127e-01,1.518224209527305302e+00
4.895000000000000284e+01,0.000000000000000000e+00,8.170611881502588547e-01,4.394760222758134383e+00,-0.000000000000000000e+00,1.459216423340078950e-01,5.862143476433320233e-01,1.507220649764662967e+00
4.900000000000000000e+01,0.000000000000000000e+00,8.097901704385521704e-01,4.365510297074862045e+00,-0.000000000000000000e+00,1.449201706507208531e-01,5.837848269223273601e-01,1.496272659487991596e+00
4.905000000000000426e+01,0.000000000000000000e+00,8.025690609956496191e-01,4.336381525912790025e+00,-0.000000000000000000e+00,1.439253043491599549e-01,5.813681554012115615e-01,1.485379911976022260e+00
4.910000000000000142e+01,0.000000000000000000e+00,7.953975306349746477e-01,4.307373268517715736e+00,-0.000000000000000000e+00,1.429370001767173159e-01,5.789642649144290942e-01,1.474542082446916202e+00
4.915000000000000568e+01,0.000000000000000000e+00,7.882752523254599186e-01,4.278484887533888781e+00,-0.000000000000000000e+00,1.419552151648197924e-01,5.765730876881604017e-01,1.463758848046202043e+00
4.920000000000000284e+01,0.000000000000000000e+00,7.812019011774126165e-01,4.249715748984512764e+00,-0.000000000000000000e+00,1.409799066270564505e-01,5.741945563380158601e-01,1.453029887834834444e+00
4.925000000000000000e+01,0.000000000000000000e+00,7.741771544284433704e-01,4.221065222252324389e+00,-0.000000000000000000e+00,1.400110321573131700e-01,5.718286038667429461e-01,1.442354882777302727e+00
4.930000000000000426e+01,0.000000000000000000e+00,7.672006914294955404e-01,4.192532680060274686e+00,-0.000000000000000000e+00,1.390485496279216526e-01,5.694751636619451718e-01,1.431733515729816553e+00
4.935000000000000142e+01,0.000000000000000000e+00,7.602721936309819739e-01,4.164117498452391430e+00,-0.000000000000000000e+00,1.380924171878222806e-01,5.671341694938211164e-01,1.421165471428588845e+00
4.940000000000000568e+01,0.000000000000000000e+00,7.533913445689806032e-01,4.135819056774648672e+00,-0.000000000000000000e+00,1.371425932607347464e-01,5.648055555129081196e-01,1.410650436478152470e+00
4.945000000000000284e+01,0.000000000000000000e+00,7.465578298515634925e-01,4.107636737656049419e+00,-0.000000000000000000e+00,1.361990365433470296e-01,5.624892562478470692e-01,1.400188099339794157e+00
4.950000000000000000e+01,0.000000000000000000e+00,7.397713371451715147e-01,4.079569926989742079e+00,-0.000000000000000000e+00,1.352617060035094798e-01,5.601852066031580701e-01,1.389778150320021277e+00
4.955000000000000426e+01,0.000000000000000000e+00,7.330315561611141506e-01,4.051618013914294991e+00,-0.000000000000000000e+00,1.343305608784466920e-01,5.578933418570283242e-01,1.379420281559130768e+00
4.960000000000000142e+01,0.000000000000000000e+00,7.263381786421475583e-01,4.023780390795099748e+00,-0.000000000000000000e+00,1.334055606729789845e-01,5.556135976591197734e-01,1.369114187019848661e+00
4.965000000000000568e+01,0.000000000000000000e+00,7.196908983491252521e-01,3.996056453205799830e+00,-0.000000000000000000e+00,1.324866651577538967e-01,5.533459100283805165e-01,1.358859562476012695e+00
4.970000000000000284e+01,0.000000000000000000e+00,7.130894110477690173e-01,3.968445599909908417e+00,-0.000000000000000000e+00,1.315738343674937860e-01,5.510902153508759893e-01,1.348656105501361502e+00
4.975000000000000000e+01,0.000000000000000000e+00,7.065334144954883433e-01,3.940947232842509251e+00,-0.000000000000000000e+00,1.306670285992495850e-01,5.488464503776343539e-01,1.338503515458371540e+00
4.980000000000000426e+01,0.000000000000000000e+00,7.000226084283253103e-01,3.913560757092041875e+00,-0.000000000000000000e+00,1.297662084106716851e-01,5.466145522224984399e-01,1.328401493487173068e+00
4.985000000000000142e+01,0.000000000000000000e+00,6.935566945479610945e-01,3.886285580882252955e+00,-0.000000000000000000e+00,1.288713346182886743e-01,5.443944583600006659e-01,1.318349742494543841e+00
4.990000000000000568e+01,0.000000000000000000e+00,6.871353765088070720e-01,3.859121115554145387e+00,-0.000000000000000000e+00,1.279823682957973718e-01,5.421861066232367410e-01,1.308347967142939883e+00
4.995000000000000284e+01,0.000000000000000000e+00,6.807583599052045020e-01,3.832066775548200077e+00,-0.000000000000000000e+00,1.270992707723678505e-01,5.399894352017717836e-01,1.298395873839652381e+00
5.000000000000000000e+01,0.000000000000000000e+00,6.744253522586771687e-01,3.805121978386508452e+00,-0.000000000000000000e+00,1.262220036309546212e-01,5.378043826395377813e-01,1.288493170725965697e+00
5.005000000000000426e+01,0.000000000000000000e+00,6.681360630052961547e-01,3.778286144655182976e+00,-0.000000000000000000e+00,1.253505287066236651e-01,5.356308878327629142e-01,1.278639567666443710e+00
5.010000000000000142e+01,0.000000000000000000e+00,6.618902034831100067e-01,3.751558697986729474e+00,-0.000000000000000000e+00,1.244848080848875299e-01,5.334688900278974355e-01,1.268834776238237261e+00
5.015000000000000568e+01,0.000000000000000000e+00,6.556874869196624989e-01,3.724939065042643715e+00,-0.000000000000000000e+00,1.236248041000523323e-01,5.313183288195659770e-01,1.259078509720492178e+00
5.020000000000000284e+01,0.000000000000000000e+00,6.495276284196024319e-01,3.698426675496012006e+00,-0.000000000000000000e+00,1.227704793335772926e-01,5.291791441485218517e-01,1.249370483083804162e+00
5.025000000000000000e+01,0.000000000000000000e+00,6.434103449523514984e-01,3.672020962014281409e+00,-0.000000000000000000e+00,1.219217966124412494e-01,5.270512762996201195e-01,1.239710412979746046e+00
5.030000000000000426e+01,0.000000000000000000e+00,6.373353553398879434e-01,3.645721360242084597e+00,-0.000000000000000000e+00,1.210787190075257591e-01,5.249346658997995352e-01,1.230098017730465010e+00
5.035000000000000142e+01,0.000000000000000000e+00,6.313023802445758559e-01,3.619527308784216579e+00,-0.000000000000000000e+00,1.202412098320029543e-01,5.228292539160802610e-01,1.220533017318341962e+00
5.040000000000000568e+01,0.000000000000000000e+00,6.253111421570997086e-01,3.593438249188641187e+00,-0.000000000000000000e+00,1.194092326397385023e-01,5.207349816535682407e-01,1.211015133375710207e+00
5.045000000000000284e+01,0.000000000000000000e+00,6.193613653844638467e-01,3.567453625929672967e+00,-0.000000000000000000e+00,1.185827512237026121e-01,5.186517907534796690e-01,1.201544089174650054e+00
5.050000000000000000e+01,0.000000000000000000e+00,6.134527760380819039e-01,3.541572886391188835e+00,-0.000000000000000000e+00,1.177617296143932124e-01,5.165796231911677916e-01,1.192119609616838272e+00
5.055000000000000426e+01,0.000000000000000000e+00,6.075851020219361631e-01,3.515795480849984944e+00,-0.000000000000000000e+00,1.169461320782686220e-01,5.145184212741696905e-01,1.182741421223464373e+00
5.060000000000000142e+01,0.000000000000000000e+00,6.017580730208164086e-01,3.490120862459237916e+00,-0.000000000000000000e+00,1.161359231161901429e-01,5.124681276402647256e-01,1.173409252125217739e+00
5.065000000000000568e+01,0.000000000000000000e+00,5.959714204886485955e-01,3.464548487231986496e+00,-0.000000000000000000e+00,1.153310674618778786e-01,5.104286852555348641e-01,1.164122832052320922e+00
5.070000000000000284e+01,0.000000000000000000e+00,5.902248776368764771e-01,3.439077814024832147e+00,-0.000000000000000000e+00,1.145315300803719516e-01,5.084000374124528765e-01,1.154881892324646220e+00
5.075000000000000000e+01,0.000000000000000000e+00,5.845181794229449279e-01,3.413708304521614778e+00,-0.000000000000000000e+00,1.137372761665087911e-01,5.063821277279670907e-01,1.145686165841876214e+00
5.080000000000000426e+01,0.000000000000000000e+00,5.788510625388391118e-01,3.388439423217242563e+00,-0.000000000000000000e+00,1.129482711434038333e-01,5.043749001416052424e-01,1.136535387073730252e+00
5.085000000000000142e+01,0.000000000000000000e+00,5.732232653997179073e-01,3.363270637401656327e+00,-0.000000000000000000e+00,1.121644806609473077e-01,5.023782989135929800e-01,1.127429292050273091e+00
5.090000000000000568e+01,0.000000000000000000e+00,5.676345281326052872e-01,3.338201417143770833e+00,-0.000000000000000000e+00,1.113858705943076427e-01,5.003922686229725914e-01,1.118367618352245296e+00
5.095000000000000284e+01,0.000000000000000000e+00,5.620845925651639652e-01,3.313231235275643449e+00,-0.000000000000000000e+00,1.106124070424455014e-01,4.984167541657469336e-01,1.109350105101492900e+00
5.100000000000000000e+01,0.000000000000000000e+00,5.565732022145493119e-01,3.288359567376630377e+00,-0.000000000000000000e+00,1.098440563266391140e-01,4.964517007530225845e-01,1.100376492951432361e+00
5.105000000000000426e+01,0.000000000000000000e+00,5.511001022763195589e-01,3.263585891757697421e+00,-0.000000000000000000e+00,1.090807849890163966e-01,4.944970539091733674e-01,1.091446524077584135e+00
5.110000000000000142e+01,0.000000000000000000e+00,5.456650396134403724e-01,3.238909689445805817e+00,-0.000000000000000000e+00,1.083225597911002813e-01,4.925527594700092604e-01,1.082559942168171752e+00
5.115000000000000568e+01,0.000000000000000000e+00,5.402677627453431608e-01,3.214330444168364220e+00,-0.000000000000000000e+00,1.075693477123608188e-01,4.906187635809582948e-01,1.073716492414762635e+00
5.120000000000000284e+01,0.000000000000000000e+00,5.349080218370706463e-01,3.189847642337825029e+00,-0.000000000000000000e+00,1.068211159487789524e-01,4.886950126952616102e-01,1.064915921502991525e+00
5.125000000000000000e+01,0.000000000000000000e+00,5.295855686884809455e-01,3.165460773036301134e+00,-0.000000000000000000e+00,1.060778319114182300e-01,4.867814535721740055e-01,1.056157977603315867e+00
5.130000000000000426e+01,0.000000000000000000e+00,5.243001567235308080e-01,3.141169328000337213e+00,-0.000000000000000000e+00,1.053394632250068685e-01,4.848780332751823630e-01,1.047442410361849596e+00
5.135000000000000142e+01,0.000000000000000000e+00,5.190515409796317980e-01,3.116972801605748966e+00,-0.000000000000000000e+00,1.046059777265296170e-01,4.829846991702305692e-01,1.038768970891253085e+00
5.140000000000000568e+01,0.000000000000000000e+00,5.138394780970645392e-01,3.092870690852499660e+00,-0.000000000000000000e+00,1.038773434638273763e-01,4.811013989239531496e-01,1.030137411761657074e+00
5.145000000000000284e+01,0.000000000000000000e+00,5.086637263084798910e-01,3.068862495349780506e+00,-0.000000000000000000e+00,1.031535286942084212e-01,4.792280805019287215e-01,1.021547486991685183e+00
5.150000000000000000e+01,0.000000000000000000e+00,5.035240454284513056e-01,3.044947717301030643e+00,-0.000000000000000000e+00,1.024345018830662563e-01,4.773646921669304488e-01,1.012998952039483314e+00
5.155000000000000426e+01,0.000000000000000000e+00,4.984201968431108964e-01,3.021125861489159181e+00,-0.000000000000000000e+00,1.017202317025087815e-01,4.755111824771984241e-01,1.004491563793845188e+00
5.160000000000000142e+01,0.000000000000000000e+00,4.933519434998463460e-01,2.997396435261848513e+00,-0.000000000000000000e+00,1.010106870299954801e-01,4.736675002847225979e-01,9.960250805653853012e-01
5.165000000000000568e+01,0.000000000000000000e+00,4.883190498970648719e-01,2.973758948516827427e+00,-0.000000000000000000e+00,1.003058369469836952e-01,4.718335947335228764e-01,9.875992620777392927e-01
5.170000000000000284e+01,0.000000000000000000e+00,4.833212820740330207e-01,2.950212913687396465e+00,-0.000000000000000000e+00,9.960565073758474719e-02,4.700094152579581963e-01,9.792138694588656822e-01
5.175000000000000000e+01,0.000000000000000000e+00,4.783584076007675323e-01,2.926757845727883556e+00,-0.000000000000000000e+00,9.891009788722686380e-02,4.681949115810294937e-01,9.708686652323545996e-01
5.180000000000000426e+01,0.000000000000000000e+00,4.734301955680124130e-01,2.903393262099305261e+00,-0.000000000000000000e+00,9.821914808132983787e-02,4.663900337127053763e-01,9.625634133088325495e-01
5.185000000000000142e+01,0.000000000000000000e+00,4.685364165772685219e-01,2.880118682755041792e+00,-0.000000000000000000e+00,9.753277120398660960e-02,4.645947319482503501e-01,9.542978789773947090e-01
5.190000000000000568e+01,0.000000000000000000e+00,4.636768427308889939e-01,2.856933630126588852e+00,-0.000000000000000000e+00,9.685093733665320337e-02,4.628089568665638698e-01,9.460718288970917378e-01
5.195000000000000284e+01,0.000000000000000000e+00,4.588512476222525449e-01,2.833837629109477341e+00,-0.000000000000000000e+00,9.617361675684966971e-02,4.610326593285363761e-01,9.378850310884956354e-01
5.200000000000000000e+01,0.000000000000000000e+00,4.540594063259814073e-01,2.810830207049145990e+00,-0.000000000000000000e+00,9.550077993686638400e-02,4.592657904754036680e-01,9.297372549252771456e-01
5.205000000000000426e+01,0.000000000000000000e+00,4.493010953882461966e-01,2.787910893727011619e+00,-0.000000000000000000e+00,9.483239754248244668e-02,4.575083017271220354e-01,9.216282711258759752e-01
5.210000000000000142e+01,0.000000000000000000e+00,4.445760928171125781e-01,2.765079221346554927e+00,-0.000000000000000000e+00,9.416844043168895451e-02,4.557601447807469452e-01,9.135578517451949931e-01
5.215000000000000568e+01,0.000000000000000000e+00,4.398841780729729201e-01,2.742334724519510658e+00,-0.000000000000000000e+00,9.350887965342451202e-02,4.540212716088242173e-01,9.055257701663641523e-01
5.220000000000000284e+01,0.000000000000000000e+00,4.352251320590232453e-01,2.719676940252143460e+00,-0.000000000000000000e+00,9.285368644631587787e-02,4.522916344577913583e-01,8.975318010925474876e-01
5.225000000000000000e+01,0.000000000000000000e+00,4.305987371118086271e-01,2.697105407931558840e+00,-0.000000000000000000e+00,9.220283223742802015e-02,4.505711858463831709e-01,8.895757205387939681e-01
5.230000000000000426e+01,0.000000000000000000e+00,4.260047769918418603e-01,2.674619669312168657e+00,-0.000000000000000000e+00,9.155628864102449693e-02,4.488598785640561806e-01,8.816573058239630667e-01
5.235000000000000142e+01,0.000000000000000000e+00,4.214430368742640431e-01,2.652219268502171712e+00,-0.000000000000000000e+00,9.091402745733226376e-02,4.471576656694152274e-01,8.737763355626749773e-01
5.240000000000000568e+01,0.000000000000000000e+00,4.169133033395820420e-01,2.629903751950142254e+00,-0.000000000000000000e+00,9.027602067131777763e-02,4.454645004886524373e-01,8.659325896573265569e-01
5.245000000000000284e+01,0.000000000000000000e+00,4.124153643644634659e-01,2.607672668431687324e+00,-0.000000000000000000e+00,8.964224045147022035e-02,4.437803366139954631e-01,8.581258492901535639e-01
5.250000000000000000e+01,0.000000000000000000e+00,4.079490093125865968e-01,2.585525569036177362e+00,-0.000000000000000000e+00,8.901265914859204931e-02,4.421051279021637748e-01,8.503558969153376390e-01
5.255000000000000426e+01,0.000000000000000000e+00,4.035140289255567114e-01,2.563462007153574973e+00,-0.000000000000000000e+00,8.838724929459858271e-02,4.404388284728378844e-01,8.426225162511721267e-01
5.260000000000000142e+01,0.000000000000000000e+00,3.991102153138805231e-01,2.541481538461312528e+00,-0.000000000000000000e+00,8.776598360132499554e-02,4.387813927071332332e-01,8.349254922722684213e-01
5.265000000000000568e+01,0.000000000000000000e+00,3.947373619480007423e-01,2.519583720911258595e+00,-0.000000000000000000e+00,8.714883495934180879e-02,4.371327752460857363e-01,8.272646112018150477e-01
5.270000000000000284e+01,0.000000000000000000e+00,3.903952636493875361e-01,2.497768114716776733e+00,-0.000000000000000000e+00,8.653577643677742848e-02,4.354929309891487077e-01,8.196396605038879235e-01
5.275000000000000000e+01,0.000000000000000000e+00,3.860837165816888295e-01,2.476034282339812265e+00,-0.000000000000000000e+00,8.592678127814872002e-02,4.338618150926919492e-01,8.120504288757974809e-01
5.280000000000000426e+01,0.000000000000000000e+00,3.818025182419410024e-01,2.454381788478106508e+00,-0.000000000000000000e+00,8.532182290319972884e-02,4.322393829685187150e-01,8.044967062404970726e-01
5.285000000000000142e+01,0.000000000000000000e+00,3.775514674518397062e-01,2.432810200052467842e+00,-0.000000000000000000e+00,8.472087490574829738e-02,4.306255902823861170e-01,7.969782837390367858e-01
5.290000000000000568e+01,0.000000000000000000e+00,3.733303643490580859e-01,2.411319086194070760e+00,-0.000000000000000000e+00,8.412391105253887169e-02,4.290203929525323034e-01,7.894949537230466774e-01
5.295000000000000284e+01,0.000000000000000000e+00,3.691390103786340027e-01,2.389908018231925002e+00,-0.000000000000000000e+00,8.353090528210459220e-02,4.274237471482224549e-01,7.820465097472982796e-01
5.300000000000000000e+01,0.000000000000000000e+00,3.649772082844095489e-01,2.368576569680316712e+00,-0.000000000000000000e+00,8.294183170363661484e-02,4.258356092882910615e-01,7.746327465622839803e-01
5.305000000000000426e+01,0.000000000000000000e+00,3.608447621005191897e-01,2.347324316226375718e+00,-0.000000000000000000e+00,8.235666459585905264e-02,4.242559360397018531e-01,7.672534601068534688e-01
5.310000000000000142e+01,0.000000000000000000e+00,3.567414771429520126e-01,2.326150835717732512e+00,-0.000000000000000000e+00,8.177537840591490859e-02,4.226846843161145006e-01,7.599084475009091344e-01
5.315000000000000568e+01,0.000000000000000000e+00,3.526671600011485053e-01,2.305055708150167693e+00,-0.000000000000000000e+00,8.119794774825576933e-02,4.211218112764556487e-01,7.525975070381161203e-01
5.320000000000000284e+01,0.000000000000000000e+00,3.486216185296688863e-01,2.284038515655441248e+00,-0.000000000000000000e+00,8.062434740354115781e-02,4.195672743235064339e-01,7.453204381786947552e-01
5.325000000000000000e+01,0.000000000000000000e+00,3.446046618399075667e-01,2.263098842489090323e+00,-0.000000000000000000e+00,8.005455231754439460e-02,4.180210311024910030e-01,7.380770415422264197e-01
5.330000000000000426e+01,0.000000000000000000e+00,3.406161002918631220e-01,2.242236275018355762e+00,-0.000000000000000000e+00,7.948853760006535651e-02,4.164830394996767438e-01,7.308671189005204738e-01
5.335000000000000142e+01,0.000000000000000000e+00,3.366557454859698817e-01,2.221450401710185929e+00,-0.000000000000000000e+00,7.892627852385168674e-02,4.149532576409857287e-01,7.236904731705313676e-01
5.340000000000000568e+01,0.000000000000000000e+00,3.327234102549690431e-01,2.200740813119248074e+00,-0.000000000000000000e+00,7.836775052352525084e-02,4.134316438906082136e-01,7.165469084072965122e-01
5.345000000000000284e+01,0.000000000000000000e+00,3.288189086558501728e-01,2.180107101876098241e+00,-0.000000000000000000e+00,7.781292919451793244e-02,4.119181568496315671e-01,7.094362297969496467e-01
5.350000000000000000e+01,0.000000000000000000e+00,3.249420559618307891e-01,2.159548862675317427e+00,-0.000000000000000000e+00,7.726179029201245274e-02,4.104127553546704221e-01,7.023582436497447512e-01
5.355000000000000426e+01,0.000000000000000000e+00,3.210926686543971176e-01,2.139065692263811602e+00,-0.000000000000000000e+00,7.671430972989116970e-02,4.089153984765116490e-01,6.953127573931514593e-01
5.360000000000000142e+01,0.000000000000000000e+00,3.172705644153967497e-01,2.118657189429122845e+00,-0.000000000000000000e+00,7.617046357969219084e-02,4.074260455187635466e-01,6.882995795649791138e-01
5.365000000000000568e+01,0.000000000000000000e+00,3.134755621191792074e-01,2.098322954987805300e+00,-0.000000000000000000e+00,7.563022806957148125e-02,4.059446560165126394e-01,6.813185198065409010e-01
5.370000000000000284e+01,0.000000000000000000e+00,3.097074818247950168e-01,2.078062591773917944e+00,-0.000000000000000000e+00,7.509357958327288196e-02,4.044711897349931307e-01,6.743693888558770499e-01
5.375000000000000000e+01,0.000000000000000000e+00,3.059661447682352486e-01,2.057875704627520008e+00,-0.000000000000000000e+00,7.456049465910338792e-02,4.030056066682592975e-01,6.674519985409976819e-01
5.380000000000000426e+01,0.000000000000000000e+00,3.022513733547361747e-01,2.037761900383277869e+00,-0.000000000000000000e+00,7.403094998891744660e-02,4.015478670378678783e-01,6.605661617731874991e-01
5.385000000000000142e+01,0.000000000000000000e+00,2.985629911511218371e-01,2.017720787859121678e+00,-0.000000000000000000e+00,7.350492241710568364e-02,4.000979312915702857e-01,6.537116925403413381e-01
5.390000000000000568e+01,0.000000000000000000e+00,2.949008228782041829e-01,1.997751977844964610e+00,-0.000000000000000000e+00,7.298238893959181628e-02,3.986557601020090380e-01,6.468884059003432441e-01
5.395000000000000284e+01,0.000000000000000000e+00,2.912646944032331042e-01,1.977855083091496491e+00,-0.000000000000000000e+00,7.246332670283611721e-02,3.972213143654259593e-01,6.400961179744906193e-01
5.400000000000000000e+01,0.000000000000000000e+00,2.876544327323907191e-01,1.958029718299020061e+00,-0.000000000000000000e+00,7.194771300284437399e-02,3.957945552003732104e-01,6.333346459409503471e-01
5.405000000000000426e+01,0.000000000000000000e+00,2.840698660033416645e-01,1.938275500106395155e+00,-0.000000000000000000e+00,7.143552528418471714e-02,3.943754439464395301e-01,6.266038080282696487e-01
5.410000000000000142e+01,0.000000000000000000e+00,2.805108234778285747e-01,1.918592047079989538e+00,-0.000000000000000000e+00,7.092674113901027699e-02,3.929639421629749774e-01,6.199034235089116995e-01
5.415000000000000568e+01,0.000000000000000000e+00,2.769771355343170205e-01,1.898978979702746317e+00,-0.000000000000000000e+00,7.042133830608844625e-02,3.915600116278322163e-01,6.132333126928450895e-01
5.420000000000000284e+01,0.000000000000000000e+00,2.734686336606889645e-01,1.879435920363267565e+00,-0.000000000000000000e+00,6.991929466983645702e-02,3.901636143361076337e-01,6.065932969211613734e-01
5.425000000000000000e+01,0.000000000000000000e+00,2.699851504469840680e-01,1.859962493345012957e+00,-0.000000000000000000e+00,6.942058825936349431e-02,3.887747124988982783e-01,5.999831985597452455e-01
5.430000000000000426e+01,0.000000000000000000e+00,2.665265195781881813e-01,1.840558324815493974e+00,-0.000000000000000000e+00,6.892519724751904053e-02,3.873932685420566902e-01,5.934028409929675840e-01
5.435000000000000142e+01,0.000000000000000000e+00,2.630925758270727943e-01,1.821223042815596882e+00,-0.000000000000000000e+00,6.843309994994795087e-02,3.860192451049616613e-01,5.868520486174355622e-01
5.440000000000000568e+01,0.000000000000000000e+00,2.596831550470752870e-01,1.801956277248924376e+00,-0.000000000000000000e+00,6.794427482415085762e-02,3.846526050392921059e-01,5.803306468357687375e-01
5.445000000000000284e+01,0.000000000000000000e+00,2.562980941652319156e-01,1.782757659871213374e+00,-0.000000000000000000e+00,6.745870046855173552e-02,3.832933114078093673e-01,5.738384620504193290e-01
5.450000000000000000e+01,0.000000000000000000e+00,2.529372311751540980e-01,1.763626824279813210e+00,-0.000000000000000000e+00,6.697635562157115696e-02,3.819413274831468530e-01,5.673753216575303515e-01
5.455000000000000426e+01,0.000000000000000000e+00,2.496004051300496074e-01,1.744563405903209796e+00,-0.000000000000000000e+00,6.649721916070550076e-02,3.805966167466062200e-01,5.609410540408272805e-01
5.460000000000000142e+01,0.000000000000000000e+00,2.462874561357966952e-01,1.725567041990650807e+00,-0.000000000000000000e+00,6.602127010161315535e-02,3.792591428869633297e-01,5.545354885655610078e-01
5.465000000000000568e+01,0.000000000000000000e+00,2.429982253440530759e-01,1.706637371601765096e+00,-0.000000000000000000e+00,6.554848759720546814e-02,3.779288697992770341e-01,5.481584555724677843e-01
5.470000000000000284e+01,0.000000000000000000e+00,2.397325549454191740e-01,1.687774035596300237e+00,-0.000000000000000000e+00,6.507885093674473098e-02,3.766057615837084538e-01,5.418097863717846741e-01
5.475000000000000000e+01,0.000000000000000000e+00,2.364902881626424758e-01,1.668976676623902922e+00,-0.000000000000000000e+00,6.461233954494771670e-02,3.752897825443491930e-01,5.354893132372969822e-01
5.480000000000000426e+01,0.000000000000000000e+00,2.332712692438659585e-01,1.650244939113925557e+00,-0.000000000000000000e+00,6.414893298109525244e-02,3.739808971880501653e-01,5.291968694004143270e-01
5.485000000000000142e+01,0.000000000000000000e+00,2.300753434559250354e-01,1.631578469265350773e+00,-0.000000000000000000e+00,6.368861093814777441e-02,3.726790702232640751e-01,5.229322890443002247e-01
5.490000000000000568e+01,0.000000000000000000e+00,2.269023570776798060e-01,1.612976915036704373e+00,-0.000000000000000000e+00,6.323135324186594797e-02,3.713842665588903413e-01,5.166954072980159962e-01
5.495000000000000284e+01,0.000000000000000000e+00,2.237521573934050656e-01,1.594439926136093311e+00,-0.000000000000000000e+00,6.277713984993903151e-02,3.700964513031295144e-01,5.104860602307258466e-01
5.500000000000000000e+01,0.000000000000000000e+00,2.206245926862072937e-01,1.575967154011253202e+00,-0.000000000000000000e+00,6.232595085111630739e-02,3.688155897623454638e-01,5.043040848459169334e-01
5.505000000000000426e+01,0.000000000000000000e+00,2.175195122314974860e-01,1.557558251839661789e+00,-0.000000000000000000e+00,6.187776646434649253e-02,3.675416474399295086e-01,4.981493190756641765e-01
5.510000000000000142e+01,0.000000000000000000e+00,2.144367662905048988e-01,1.539212874518740115e+00,-0.000000000000000000e+00,6.143256703792233236e-02,3.662745900351773165e-01,4.920216017749374782e-01
5.515000000000000568e+01,0.000000000000000000e+00,2.113762061038237938e-01,1.520930678656054358e+00,-0.000000000000000000e+00,6.099033304862937904e-02,3.650143834421687994e-01,4.859207727159254864e-01
5.520000000000000284e+01,0.000000000000000000e+00,2.083376838850192481e-01,1.502711322559637130e+00,-0.000000000000000000e+00,6.055104510090318637e-02,3.637609937486568912e-01,4.798466725824189205e-01
5.525000000000000000e+01,0.000000000000000000e+00,2.053210528142574431e-01,1.484554466228302783e+00,-0.000000000000000000e+00,6.011468392598907223e-02,3.625143872349608776e-01,4.737991429642044450e-01
5.530000000000000426e+01,0.000000000000000000e+00,2.023261670319892180e-01,1.466459771342054186e+00,-0.000000000000000000e+00,5.968123038110927786e-02,3.612745303728669977e-01,4.677780263515081693e-01
5.535000000000000142e+01,0.000000000000000000e+00,1.993528816326751441e-01,1.448426901252557686e+00,-0.000000000000000000e+00,5.925066544863583778e-02,3.600413898245389266e-01,4.617831661294770074e-01
5.540000000000000568e+01,0.000000000000000000e+00,1.964010526585423522e-01,1.430455520973616501e+00,-0.000000000000000000e+00,5.882297023526730090e-02,3.588149324414293129e-01,4.558144065726753014e-01
5.545000000000000284e+01,0.000000000000000000e+00,1.934705370933947344e-01,1.412545297171769798e+00,-0.000000000000000000e+00,5.839812597121265408e-02,3.575951252632027511e-01,4.498715928396398445e-01
5.550000000000000000e+01,0.000000000000000000e+00,1.905611928564520108e-01,1.394695898156873781e+00,-0.000000000000000000e+00,5.797611400937910386e-02,3.563819355166609748e-01,4.439545709674444507e-01
5.555000000000000426e+01,0.000000000000000000e+00,1.876728787962399225e-01,1.376906993872795804e+00,-0.000000000000000000e+00,5.755691582456677613e-02,3.551753306146782085e-01,4.380631878663189260e-01
5.560000000000000142e+01,0.000000000000000000e+00,1.848054546845138701e-01,1.359178255888134901e+00,-0.000000000000000000e+00,5.714051301266769023e-02,3.539752781551420147e-01,4.321972913142906325e-01
5.565000000000000568e+01,0.000000000000000000e+00,1.819587812102212709e-01,1.341509357386977186e+00,-0.000000000000000000e+00,5.672688728986961804e-02,3.527817459198971384e-01,4.263567299518549181e-01
5.570000000000000284e+01,0.000000000000000000e+00,1.791327199735128772e-01,1.323899973159760712e+00,-0.000000000000000000e+00,5.631602049186711090e-02,3.515947018737025642e-01,4.205413532766966167e-01
5.575000000000000000e+01,0.000000000000000000e+00,1.763271334797802958e-01,1.306349779594114358e+00,-0.000000000000000000e+00,5.590789457307535765e-02,3.504141141631863521e-01,4.147510116384187651e-01
5.580000000000000426e+01,0.000000000000000000e+00,1.735418851337441892e-01,1.288858454665822606e+00,-0.000000000000000000e+00,5.550249160585112029e-02,3.492399511158147396e-01,4.089855562333277739e-01
5.585000000000000142e+01,0.000000000000000000e+00,1.707768392335748675e-01,1.271425677929792553e+00,-0.000000000000000000e+00,5.509979377971783998e-02,3.480721812388619663e-01,4.032448390992355858e-01
5.590000000000000568e+01,0.000000000000000000e+00,1.680318609650529871e-01,1.254051130511093293e+00,-0.000000000000000000e+00,5.469978340059609284e-02,3.469107732183883686e-01,3.975287131102998028e-01
5.595000000000000284e+01,0.000000000000000000e+00,1.653068163957698566e-01,1.236734495096046604e+00,-0.000000000000000000e+00,5.430244289003928471e-02,3.457556959182253031e-01,3.918370319718965655e-01
5.600000000000000000e+01,0.000000000000000000e+00,1.626015724693629094e-01,1.219475455923355822e+00,-0.000000000000000000e+00,5.390775478447402957e-02,3.446069183789655654e-01,3.861696502155204103e-01
5.605000000000000426e+01,0.000000000000000000e+00,1.599159969997928366e-01,1.202273698775293331e+00,-0.000000000000000000e+00,5.351570173444596817e-02,3.434644098169566395e-01,3.805264231937197650e-01
5.610000000000000142e+01,0.000000000000000000e+00,1.572499586656565251e-01,1.185128910968947125e+00,-0.000000000000000000e+00,5.312626650387068661e-02,3.423281396233072149e-01,3.749072070750650298e-01
5.615000000000000568e+01,0.000000000000000000e+00,1.546033270045348296e-01,1.168040781347503110e+00,-0.000000000000000000e+00,5.273943196928850691e-02,3.411980773628942587e-01,3.693118588391431922e-01
5.620000000000000284e+01,0.000000000000000000e+00,1.519759724073821150e-01,1.151009000271572491e+00,-0.000000000000000000e+00,5.235518111912568218e-02,3.400741927733743619e-01,3.637402362715841941e-01
5.625000000000000000e+01,0.000000000000000000e+00,1.493677661129503842e-01,1.134033259610589761e+00,-0.000000000000000000e+00,5.197349705295976896e-02,3.389564557642074094e-01,3.581921979591226046e-01
5.630000000000000426e+01,0.000000000000000000e+00,1.467785802022474884e-01,1.117113252734237561e+00,-0.000000000000000000e+00,5.159436298078923927e-02,3.378448364156815820e-01,3.526676032846831621e-01
5.635000000000000142e+01,0.000000000000000000e+00,1.442082875930371377e-01,1.100248674503935042e+00,-0.000000000000000000e+00,5.121776222230920578e-02,3.367393049779440761e-01,3.471663124225023433e-01
5.640000000000000568e+01,0.000000000000000000e+00,1.416567620343706091e-01,1.083439221264371533e+00,-0.000000000000000000e+00,5.084367820619097728e-02,3.356398318700416494e-01,3.416881863332781877e-01
5.645000000000000284e+01,0.000000000000000000e+00,1.391238781011561176e-01,1.066684590835073942e+00,-0.000000000000000000e+00,5.047209446936669341e-02,3.345463876789602775e-01,3.362330867593465444e-01
5.650000000000000000e+01,0.000000000000000000e+00,1.366095111887638547e-01,1.049984482502054561e+00,-0.000000000000000000e+00,5.010299465631876115e-02,3.334589431586797437e-01,3.308008762198955677e-01
5.655000000000000426e+01,0.000000000000000000e+00,1.341135375076647207e-01,1.033338597009451520e+00,-0.000000000000000000e+00,4.973636251837362798e-02,3.323774692292221222e-01,3.253914180061952544e-01
5.660000000000000142e+01,0.000000000000000000e+00,1.316358340781088598e-01,1.016746636551291605e+00,-0.000000000000000000e+00,4.937218191300092596e-02,3.313019369757180255e-01,3.200045761768773311e-01
5.665000000000000568e+01,0.000000000000000000e+00,1.291762787248315614e-01,1.000208304763217981e+00,-0.000000000000000000e+00,4.901043680311619605e-02,3.302323176474692423e-01,3.146402155532203038e-01
5.670000000000000284e+01,0.000000000000000000e+00,1.267347500718022657e-01,9.837233067143366094e-01,-0.000000000000000000e+00,4.865111125638945516e-02,3.291685826570238116e-01,3.092982017144852991e-01
5.675000000000000000e+01,0.000000000000000000e+00,1.243111275370019503e-01,9.672913488990627640e-01,-0.000000000000000000e+00,4.829418944455722562e-02,3.281107035792513171e-01,3.039784009932666731e-01
5.680000000000000426e+01,0.000000000000000000e+00,1.219052913272365701e-01,9.509121392290177388e-01,-0.000000000000000000e+00,4.793965564273978269e-02,3.270586521504255106e-01,2.986806804708727059e-01
5.685000000000000142e+01,0.000000000000000000e+00,1.195171224329872328e-01,9.345853870250112605e-01,-0.000000000000000000e+00,4.758749422876275281e-02,3.260124002673155386e-01,2.934049079727464315e-01
5.690000000000000568e+01,0.000000000000000000e+00,1.171465026232880874e-01,9.183108030090048057e-01,-0.000000000000000000e+00,4.723768968248285433e-02,3.249719199862777796e-01,2.881509520638952382e-01
5.695000000000000284e+01,0.000000000000000000e+00,1.147933144406460687e-01,9.020880992961852751e-01,-0.000000000000000000e+00,4.689022658511895342e-02,3.239371835223560092e-01,2.829186820443693740e-01
5.700000000000000000e+01,0.000000000000000000e+00,1.124574411959851777e-01,8.859169893870278978e-01,-0.000000000000000000e+00,4.654508961858638133e-02,3.229081632483860598e-01,2.777079679447495564e-01
5.705000000000000426e+01,0.000000000000000000e+00,1.101387669636296612e-01,8.697971881594384058e-01,-0.000000000000000000e+00,4.620226356483631697e-02,3.218848316941056997e-01,2.725186805216744390e-01
5.710000000000000142e+01,0.000000000000000000e+00,1.078371765763211504e-01,8.537284118609448358e-01,-0.000000000000000000e+00,4.586173330520001978e-02,3.208671615452718950e-01,2.673506912533967772e-01
5.715000000000000568e+01,0.000000000000000000e+00,1.055525556202611820e-01,8.377103781008901073e-01,-0.000000000000000000e+00,4.552348381973595620e-02,3.198551256427800138e-01,2.622038723353531386e-01
5.720000000000000284e+01,0.000000000000000000e+00,1.032847904301962272e-01,8.217428058427258541e-01,-0.000000000000000000e+00,4.518750018658299061e-02,3.188486969817909689e-01,2.570780966757795771e-01
5.725000000000000000e+01,0.000000000000000000e+00,1.010337680845253272e-01,8.058254153962963739e-01,-0.000000000000000000e+00,4.485376758131628255e-02,3.178478487108627459e-01,2.519732378913367432e-01
5.730000000000000426e+01,0.000000000000000000e+00,9.879937640044704483e-02,7.899579284102044019e-01,-0.000000000000000000e+00,4.452227127630844355e-02,3.168525541310850957e-01,2.468891703027746298e-01
5.735000000000000142e+01,0.000000000000000000e+00,9.658150392913462945e-02,7.741400678642074151e-01,-0.000000000000000000e+00,4.419299664009446182e-02,3.158627866952250507e-01,2.418257689306191616e-01
5.740000000000000568e+01,0.000000000000000000e+00,9.438003995094251808e-02,7.583715580616396945e-01,-0.000000000000000000e+00,4.386592913674084576e-02,3.148785200068703882e-01,2.367829094908811827e-01
5.745000000000000284e+01,0.000000000000000000e+00,9.219487447064889096e-02,7.426521246219182082e-01,-0.000000000000000000e+00,4.354105432521961083e-02,3.138997278195840290e-01,2.317604683908039975e-01
5.750000000000000000e+01,0.000000000000000000e+00,9.002589821272143078e-02,7.269814944730358386e-01,-0.000000000000000000e+00,4.321835785878492403e-02,3.129263840360601567e-01,2.267583227246196820e-01
5.755000000000000426e+01,0.000000000000000000e+00,8.787300261662188416e-02,7.113593958441473131e-01,-0.000000000000000000e+00,4.289782548435532722e-02,3.119584627072866656e-01,2.217763502693477773e-01
5.760000000000000142e+01,0.000000000000000000e+00,8.573607983213760164e-02,6.957855582581676801e-01,-0.000000000000000000e+00,4.257944304189954093e-02,3.109959380317131039e-01,2.168144294806107208e-01
5.765000000000000568e+01,0.000000000000000000e+00,8.361502271474327563e-02,6.802597125244186360e-01,-0.000000000000000000e+00,4.226319646382578621e-02,3.100387843544220590e-01,2.118724394884762829e-01
5.770000000000000284e+01,0.000000000000000000e+00,8.150972482099547167e-02,6.647815907313210371e-01,-0.000000000000000000e+00,4.194907177437604689e-02,3.090869761663068704e-01,2.069502600933280090e-01
5.775000000000000000e+01,0.000000000000000000e+00,7.942008040395444335e-02,6.493509262391177206e-01,-0.000000000000000000e+00,4.163705508902350305e-02,3.081404881032537846e-01,2.020477717617566449e-01
5.780000000000000426e+01,0.000000000000000000e+00,7.734598440863960089e-02,6.339674536726559451e-01,-0.000000000000000000e+00,4.132713261387483544e-02,3.071992949453296595e-01,1.971648556224837867e-01
5.785000000000000142e+01,0.000000000000000000e+00,7.528733246751070918e-02,6.186309089141874828e-01,-0.000000000000000000e+00,4.101929064507527783e-02,3.062633716159722796e-01,1.923013934623022392e-01
5.790000000000000568e+01,0.000000000000000000e+00,7.324402089598221199e-02,6.033410290962276656e-01,-0.000000000000000000e+00,4.071351556821894285e-02,3.053326931811896072e-01,1.874572677220480155e-01
5.795000000000000284e+01,0.000000000000000000e+00,7.121594668796450700e-02,5.880975525944404092e-01,-0.000000000000000000e+00,4.040979385776188176e-02,3.044072348487586455e-01,1.826323614925923489e-01
5.800000000000000000e+01,0.000000000000000000e+00,6.920300751143605711e-02,5.729002190205794154e-01,-0.000000000000000000e+00,4.010811207643977944e-02,3.034869719674353483e-01,1.778265585108628755e-01
5.805000000000000426e+01,0.000000000000000000e+00,6.720510170404296602e-02,5.577487692154414756e-01,-0.000000000000000000e+00,3.980845687468904243e-02,3.025718800261612551e-01,1.730397431558818588e-01
5.810000000000000142e+01,0.000000000000000000e+00,6.522212826872957059e-02,5.426429452418987109e-01,-0.000000000000000000e+00,3.951081499007199488e-02,3.016619346532847246e-01,1.682718004448394700e-01
5.815000000000000568e+01,0.000000000000000000e+00,6.325398686939590065e-02,5.275824903779324782e-01,-0.000000000000000000e+00,3.921517324670587001e-02,3.007571116157773949e-01,1.635226160291810560e-01
5.820000000000000284e+01,0.000000000000000000e+00,6.130057782658378251e-02,5.125671491097274490e-01,-0.000000000000000000e+00,3.892151855469517391e-02,2.998573868184620239e-01,1.587920761907237466e-01
5.825000000000000000e+01,0.000000000000000000e+00,5.936180211319233568e-02,4.975966671247949447e-01,-0.000000000000000000e+00,3.862983790956835140e-02,2.989627363032392737e-01,1.540800678377949040e-01
5.830000000000000426e+01,0.000000000000000000e+00,5.743756135021909487e-02,4.826707913051390131e-01,-0.000000000000000000e+00,3.834011839171747732e-02,2.980731362483275415e-01,1.493864785013943042e-01
5.835000000000000142e+01,0.000000000000000000e+00,5.552775780253407095e-02,4.677892697204690253e-01,-0.000000000000000000e+00,3.805234716584282584e-02,2.971885629674971274e-01,1.447111963313842953e-01
5.840000000000000568e+01,0.000000000000000000e+00,5.363229437467403188e-02,4.529518516214208756e-01,-0.000000000000000000e+00,3.776651148039935485e-02,2.963089929093160602e-01,1.400541100926922244e-01
5.845000000000000284e+01,0.000000000000000000e+00,5.175107460667173476e-02,4.381582874328566746e-01,-0.000000000000000000e+00,3.748259866704863746e-02,2.954344026563993086e-01,1.354151091615500291e-01
5.850000000000000000e+01,0.000000000000000000e+00,4.988400266990799387e-02,4.234083287471696044e-01,-0.000000000000000000e+00,3.720059614011318044e-02,2.945647689246589929e-01,1.307940835217464015e-01
5.855000000000000426e+01,0.000000000000000000e+00,4.803098336299137933e-02,4.087017283176354043e-01,-0.000000000000000000e+00,3.692049139603478802e-02,2.937000685625645868e-01,1.261909237609045442e-01
5.860000000000000142e+01,0.000000000000000000e+00,4.619192210766812079e-02,3.940382400518200323e-01,-0.000000000000000000e+00,3.664227201283665886e-02,2.928402785504032324e-01,1.216055210667890685e-01
5.865000000000000568e+01,0.000000000000000000e+00,4.436672494475317474e-02,3.794176190049786679e-01,-0.000000000000000000e+00,3.636592564958856383e-02,2.919853759995444387e-01,1.170377672236212474e-01
5.870000000000000284e+01,0.000000000000000000e+00,4.255529853009468871e-02,3.648396213735526916e-01,-0.000000000000000000e+00,3.609144004587609700e-02,2.911353381517135519e-01,1.124875546084355138e-01
5.875000000000000000e+01,0.000000000000000000e+00,4.075755013055831766e-02,3.503040044886420734e-01,-0.000000000000000000e+00,3.581880302127293803e-02,2.902901423782650592e-01,1.079547761874396772e-01
5.880000000000000426e+01,0.000000000000000000e+00,3.897338762004209228e-02,3.358105268095530338e-01,-0.000000000000000000e+00,3.554800247481672282e-02,2.894497661794617760e-01,1.034393255124093081e-01
5.885000000000000142e+01,0.000000000000000000e+00,3.720271947551798131e-02,3.213589479173809549e-01,-0.000000000000000000e+00,3.527902638448899425e-02,2.886141871837580308e-01,9.894109671710422937e-02
5.890000000000000568e+01,0.000000000000000000e+00,3.544545477309406223e-02,3.069490285085960113e-01,-0.000000000000000000e+00,3.501186280669721373e-02,2.877833831470898995e-01,9.445998451369602700e-02
5.895000000000000284e+01,0.000000000000000000e+00,3.370150318411023471e-02,2.925805303887127340e-01,-0.000000000000000000e+00,3.474649987576204635e-02,2.869573319521649957e-01,8.999588418923329391e-02
5.900000000000000000e+01,0.000000000000000000e+00,3.197077497125137141e-02,2.782532164659438645e-01,-0.000000000000000000e+00,3.448292580340583252e-02,2.861360116077584226e-01,8.554869160211164836e-02
5.905000000000000426e+01,0.000000000000000000e+00,3.025318098469205116e-02,2.639668507449276502e-01,-0.000000000000000000e+00,3.422112887824640959e-02,2.853194002480163860e-01,8.111830317857793293e-02
5.910000000000000142e+01,0.000000000000000000e+00,2.854863265826535629e-02,2.497211983204856434e-01,-0.000000000000000000e+00,3.396109746529339668e-02,2.845074761317582523e-01,7.670461590925409245e-02
5.915000000000000568e+01,0.000000000000000000e+00,2.685704200565273633e-02,2.355160253713817209e-01,-0.000000000000000000e+00,3.370282000544740780e-02,2.837002176417871557e-01,7.230752734567179318e-02
5.920000000000000284e+01,0.000000000000000000e+00,2.517832161660548893e-02,2.213510991541679795e-01,-0.000000000000000000e+00,3.344628501500362255e-02,2.828976032842013821e-01,6.792693559684473414e-02
5.925000000000000000e+01,0.000000000000000000e+00,2.351238465318391396e-02,2.072261879970121734e-01,-0.000000000000000000e+00,3.319148108515729279e-02,2.820996116877144133e-01,6.356273932584499686e-02
5.930000000000000426e+01,0.000000000000000000e+00,2.185914484602732855e-02,1.931410612936007576e-01,-0.000000000000000000e+00,3.293839688151400935e-02,2.813062216029724172e-01,5.921483774641385367e-02
5.935000000000000142e+01,0.000000000000000000e+00,2.021851649064457940e-02,1.790954894970554212e-01,-0.000000000000000000e+00,3.268702114360196032e-02,2.805174119018845058e-01,5.488313061958614847e-02
5.940000000000000568e+01,0.000000000000000000e+00,1.859041444372929591e-02,1.650892441138760991e-01,-0.000000000000000000e+00,3.243734268438790147e-02,2.797331615769473867e-01,5.056751825033367620e-02
5.945000000000000284e+01,0.000000000000000000e+00,1.697475411950227775e-02,1.511220976979501807e-01,-0.000000000000000000e+00,3.218935038979647834e-02,2.789534497405813940e-01,4.626790148423868404e-02
5.950000000000000000e+01,0.000000000000000000e+00,1.537145148607267121e-02,1.371938238445474523e-01,-0.000000000000000000e+00,3.194303321823230291e-02,2.781782556244682958e-01,4.198418170417320128e-02
5.955000000000000426e+01,0.000000000000000000e+00,1.378042306182808603e-02,1.233041971843925888e-01,-0.000000000000000000e+00,3.169838020010553453e-02,2.774075585788913223e-01,3.771626082701218935e-02
5.960000000000000142e+01,0.000000000000000000e+00,1.220158591184516104e-02,1.094529933777433628e-01,-0.000000000000000000e+00,3.145538043736052780e-02,2.766413380720818549e-01,3.346404130035841862e-02
5.965000000000000568e+01,0.000000000000000000e+00,1.063485764432465890e-02,9.563998910851030655e-02,-0.000000000000000000e+00,3.121402310300720739e-02,2.758795736895672257e-01,2.922742609928990695e-02
5.970000000000000284e+01,0.000000000000000000e+00,9.080156407050159889e-03,8.186496207841104100e-02,-0.000000000000000000e+00,3.097429744065624199e-02,2.751222451335262886e-01,2.500631872312784193e-02
5.975000000000000000e+01,0.000000000000000000e+00,7.537400883868688832e-03,6.812769100114547671e-02,-0.000000000000000000e+00,3.073619276405645945e-02,2.743693322221434361e-01,2.080062319222071229e-02
5.980000000000000426e+01,0.000000000000000000e+00,6.006510291196590773e-03,5.442795559662293170e-02,-0.000000000000000000e+00,3.049969845663617549e-02,2.736208148889715530e-01,1.661024404475403005e-02
5.985000000000000142e+01,0.000000000000000000e+00,4.487404374546049950e-03,4.076553658520269685e-02,-0.000000000000000000e+00,3.026480397104645143e-02,2.728766731822976355e-01,1.243508633357369962e-02
5.990000000000000568e+01,0.000000000000000000e+00,2.980003405075623384e-03,2.714021568197418424e-02,-0.000000000000000000e+00,3.003149882870869911e-02,2.721368872645091308e-01,8.275055623031357319e-03
5.995000000000000284e+01,0.000000000000000000e+00,1.484228176162923204e-03,1.355177559106806977e-02,-0.000000000000000000e+00,2.979977261936424954e-02,2.714014374114671058e-01,4.130057985848478719e-03
6.000000000000000000e+01,0.000000000000000000e+00,0.000000000000000000e+00,0.000000000000000000e+00,-0.000000000000000000e+00,2.956961500062707526e-02,2.706703040118841885e-01,0.000000000000000000e+00
