time,q500,q750,q1000,v500,v750,v1000,mean_inventory
0.000000000000000000e+00,5.000000000000000000e+02,7.500000000000000000e+02,1.000000000000000000e+03,7.940443942023701140e+01,9.994509417855616107e+01,1.203606272081412811e+02,7.500000000000000000e+02
5.000000000000000278e-02,4.960443069877875359e+02,7.450193653379789112e+02,9.940006678518155923e+02,7.882395748878792574e+01,9.928102954419587434e+01,1.196134528499345890e+02,7.450209263788902945e+02
1.000000000000000056e-01,4.921175368363472558e+02,7.400718235657270725e+02,9.880385755589725250e+02,7.824752044961913100e+01,9.862137370748007470e+01,1.188710278605181401e+02,7.400749398816934672e+02
1.500000000000000222e-01,4.882194879805674645e+02,7.351571549737988107e+02,9.821134864214419622e+02,7.767510115174884788e+01,9.796609748309619192e+01,1.181333215371245018e+02,7.351618210874017905e+02
2.000000000000000111e-01,4.843499602085270226e+02,7.302751413072033984e+02,9.762251652692957578e+02,7.710667261836879049e+01,9.731517187792682932e+01,1.174003033782594230e+02,7.302813520230573658e+02
2.500000000000000000e-01,4.805087546528130247e+02,7.254255657558275061e+02,9.703733784526766613e+02,7.654220804577980175e+01,9.666856808979358107e+01,1.166719430823712429e+02,7.254333161542861035e+02
3.000000000000000444e-01,4.766956737818916281e+02,7.206082129449196145e+02,9.645578938318342352e+02,7.598168080233384103e+01,9.602625750620910594e+01,1.159482105465294950e+02,7.206174983758912731e+02
3.500000000000000333e-01,4.729105213915324839e+02,7.158228689256354755e+02,9.587784807672255738e+02,7.542506442738226724e+01,9.538821170313691766e+01,1.152290758651120797e+02,7.158336850025073090e+02
4.000000000000000222e-01,4.691531025962838726e+02,7.110693211656475796e+02,9.530349101096843469e+02,7.487233263023027519e+01,9.475440244375968746e+01,1.145145093285007931e+02,7.110816637593158021e+02
4.500000000000000111e-01,4.654232238210022956e+02,7.063473585398143086e+02,9.473269541906513496e+02,7.432345928909744259e+01,9.412480167725519209e+01,1.138044814217856953e+02,7.063612237728204946e+02
5.000000000000000000e-01,4.617206927924315778e+02,7.016567713209103658e+02,9.416543868124723531e+02,7.377841845008441624e+01,9.349938153758009207e+01,1.130989628234777200e+02,7.016721555616811656e+02
5.500000000000000444e-01,4.580453185308347770e+02,6.969973511704182556e+02,9.360169832387587121e+02,7.323718432614570872e+01,9.287811434226210849e+01,1.123979244042299968e+02,6.970142510276075427e+02
6.000000000000000888e-01,4.543969113416774235e+02,6.923688911293803585e+02,9.304145201848116358e+02,7.269973129606854911e+01,9.226097259119937632e+01,1.117013372255673858e+02,6.923873034463124441e+02
6.500000000000000222e-01,4.507752828073611227e+02,6.877711856093095548e+02,9.248467758081112606e+02,7.216603390345775892e+01,9.164792896546801160e+01,1.110091725386243127e+02,6.877911074585229017e+02
7.000000000000000666e-01,4.471802457790076346e+02,6.832040303831595338e+02,9.193135296988663185e+02,7.163606685572644039e+01,9.103895632613719613e+01,1.103214017828911579e+02,6.832254590610482410e+02
7.500000000000000000e-01,4.436116143682934876e+02,6.786672225763564938e+02,9.138145628706286061e+02,7.110980502309293172e+01,9.043402771309217769e+01,1.096379965849684766e+02,6.786901555979087561e+02
8.000000000000000444e-01,4.400692039393355799e+02,6.741605606578847301e+02,9.083496577509673671e+02,7.058722343758336137e+01,8.983311634386430455e+01,1.089589287573297014e+02,6.741849957515180449e+02
8.500000000000000888e-01,4.365528311006244735e+02,6.696838444314367962e+02,9.029185981722074530e+02,7.006829729204024204e+01,8.923619561246957232e+01,1.082841702970919471e+02,6.697097795339263939e+02
9.000000000000000222e-01,4.330623136970090741e+02,6.652368750266149391e+02,8.975211693622270559e+02,6.955300193913687679e+01,8.864323908825383569e+01,1.076136933847947290e+02,6.652643082781164594e+02
9.500000000000000666e-01,4.295974708017291164e+02,6.608194548901956296e+02,8.921571579353170591e+02,6.904131289039752062e+01,8.805422051474582190e+01,1.069474703831867970e+02,6.608483846293593160e+02
1.000000000000000000e+00,4.261581227084970465e+02,6.564313877774478669e+02,8.868263518831008696e+02,6.853320581522341115e+01,8.746911380851788920e+01,1.062854738360210689e+02,6.564618125366234835e+02
1.050000000000000044e+00,4.227440909236287325e+02,6.520724787435094640e+02,8.815285405655141631e+02,6.802865653992442674e+01,8.688789305805352114e+01,1.056276764668571388e+02,6.521043972440404559e+02
1.100000000000000089e+00,4.193551981582218673e+02,6.477425341348197207e+02,8.762635147018442012e+02,6.752764104675658530e+01,8.631053252262275066e+01,1.049740511778721981e+02,6.477759452824263917e+02
1.150000000000000133e+00,4.159912683203825168e+02,6.434413615806079179e+02,8.710310663618283797e+02,6.703013547296497165e+01,8.573700663116446208e+01,1.043245710486791609e+02,6.434762644608566688e+02
1.200000000000000178e+00,4.126521265074994744e+02,6.391687699844384269e+02,8.658309889568123481e+02,6.653611610983267610e+01,8.516728998117632443e+01,1.036792093351531037e+02,6.392051638582971691e+02
1.250000000000000000e+00,4.093375989985664773e+02,6.349245695158090257e+02,8.606630772309656550e+02,6.604555940173499096e+01,8.460135733761150334e+01,1.030379394682650087e+02,6.349624538152875175e+02
1.300000000000000044e+00,4.060475132465506363e+02,6.307085716018067387e+02,8.555271272525559425e+02,6.555844194519937673e+01,8.403918363178273410e+01,1.024007350529234799e+02,6.307479459256800283e+02
1.350000000000000089e+00,4.027816978708082729e+02,6.265205889188166566e+02,8.504229364052812343e+02,6.507474048797091370e+01,8.348074396027362809e+01,1.017675698668240329e+02,6.265614530284307193e+02
1.400000000000000133e+00,3.995399826495474827e+02,6.223604353842850969e+02,8.453503033796586124e+02,6.459443192808321044e+01,8.292601358385675780e+01,1.011384178593056902e+02,6.224027891994441006e+02
1.450000000000000178e+00,3.963221985123366835e+02,6.182279261485380175e+02,8.403090281644711013e+02,6.411749331293489718e+01,8.237496792641903198e+01,1.005132531502154620e+02,6.182717697434709407e+02
1.500000000000000000e+00,3.931281775326594925e+02,6.141228775866507021e+02,8.352989120382696910e+02,6.364390183837156201e+01,8.182758257389373568e+01,9.989205002878011896e+01,6.141682111860576470e+02
1.550000000000000044e+00,3.899577529205149631e+02,6.100451072903734939e+02,8.303197575609334535e+02,6.317363484777285976e+01,8.128383327319980367e+01,9.927478295248558027e+01,6.100919312655488511e+02
1.600000000000000089e+00,3.868107590150637520e+02,6.059944340601077784e+02,8.253713685652838876e+02,6.270666983114536208e+01,8.074369593118780131e+01,9.866142654596328043e+01,6.060427489251408133e+02
1.650000000000000133e+00,3.836870312773191927e+02,6.019706778969356264e+02,8.204535501487547435e+02,6.224298442422056610e+01,8.020714661359266984e+01,9.805195559988429466e+01,6.020204843049863257e+02
1.700000000000000178e+00,3.805864062828838996e+02,5.979736599947023024e+02,8.155661086651188043e+02,6.178255640755815392e+01,7.967416154399356287e+01,9.744634506986068345e+01,5.980249587343517987e+02
1.750000000000000000e+00,3.775087217147301999e+02,5.940032027321497026e+02,8.107088517162671906e+02,6.132536370565469497e+01,7.914471710278003513e+01,9.684457007535378636e+01,5.940559947238241421e+02
1.800000000000000044e+00,3.744538163560255839e+02,5.900591296651009543e+02,8.058815881440442581e+02,6.087138438605754232e+01,7.861878982612525135e+01,9.624660589859020376e+01,5.901134159575678950e+02
1.850000000000000089e+00,3.714215300830025512e+02,5.861412655186976508e+02,8.010841280221363832e+02,6.042059665848393024e+01,7.809635640496574638e+01,9.565242798348437248e+01,5.861970472856335164e+02
1.900000000000000133e+00,3.684117038578713164e+02,5.822494361796863132e+02,7.963162826480146350e+02,5.997297887394525162e+01,7.757739368398773649e+01,9.506201193456874421e+01,5.823067147163146728e+02
1.950000000000000178e+00,3.654241797217776480e+02,5.783834686887563521e+02,7.915778645349297449e+02,5.952850952387662176e+01,7.706187866062010983e+01,9.447533351593067152e+01,5.784422454085549816e+02
2.000000000000000000e+00,3.624588007878029430e+02,5.745431912329282795e+02,7.868686874039611894e+02,5.908716723927145154e+01,7.654978848403393954e+01,9.389236865015662659e+01,5.746034676644052297e+02
2.050000000000000266e+00,3.595154112340079564e+02,5.707284331379911464e+02,7.821885661761191386e+02,5.864893078982113650e+01,7.604110045414839192e+01,9.331309341728304219e+01,5.707902109215274322e+02
2.100000000000000089e+00,3.565938562965188794e+02,5.669390248609896616e+02,7.775373169644967675e+02,5.821377908305991156e+01,7.553579202064321407e+01,9.273748405375435766e+01,5.670023057457487994e+02
2.149999999999999911e+00,3.536939822626573005e+02,5.631747979827615609e+02,7.729147570664767954e+02,5.778169116351465817e+01,7.503384078197761653e+01,9.216551695138785760e+01,5.632395838236643613e+02
2.200000000000000178e+00,3.508156364641110372e+02,5.594355852005218139e+02,7.683207049559878214e+02,5.735264621185980616e+01,7.453522448441532333e+01,9.159716865634523231e+01,5.595018779552856358e+02
2.250000000000000000e+00,3.479586672701481120e+02,5.557212203204977641e+02,7.637549802758134092e+02,5.692662354407715952e+01,7.403992102105631545e+01,9.103241586811121522e+01,5.557890220467393192e+02
2.300000000000000266e+00,3.451229240808721670e+02,5.520315382506103106e+02,7.592174038299508538e+02,5.650360261062066058e+01,7.354790843087448593e+01,9.047123543847861527e+01,5.521008511030108821e+02
2.350000000000000089e+00,3.423082573205194876e+02,5.483663749932056817e+02,7.547077975760207664e+02,5.608356299558620606e+01,7.305916489776183198e+01,8.991360437054034094e+01,5.484372012207379612e+02
2.400000000000000355e+00,3.395145184307978639e+02,5.447255676378315457e+02,7.502259846177281588e+02,5.566648441588626639e+01,7.257366874957871516e+01,8.935949981768804662e+01,5.447979095810472927e+02
2.450000000000000178e+00,3.367415598642663213e+02,5.411089543540631439e+02,7.457717891973713904e+02,5.525234672042938655e+01,7.209139845721016115e+01,8.880889908261717380e+01,5.411828144424409857e+02
2.500000000000000000e+00,3.339892350777552679e+02,5.375163743843758084e+02,7.413450366884019331e+02,5.484112988930448296e+01,7.161233263362863966e+01,8.826177961633889879e+01,5.375917551337272471e+02
2.550000000000000266e+00,3.312573985258280231e+02,5.339476680370630675e+02,7.369455535880331354e+02,5.443281403297014975e+01,7.113645003296264235e+01,8.771811901719830473e+01,5.340245720469968091e+02
2.600000000000000089e+00,3.285459056542828762e+02,5.304026766792025001e+02,7.325731675098986670e+02,5.402737939144851254e+01,7.066372954957134311e+01,8.717789502989947437e+01,5.304811066306466500e+02
2.650000000000000355e+00,3.258546128936943092e+02,5.268812427296669512e+02,7.282277071767579173e+02,5.362480633352397064e+01,7.019415021712541147e+01,8.664108554453643762e+01,5.269612013824465748e+02
2.700000000000000178e+00,3.231833776529953752e+02,5.233832096521826998e+02,7.239090024132503913e+02,5.322507535594670003e+01,6.972769120769362416e+01,8.610766859563108255e+01,5.234646998426528626e+02
2.750000000000000000e+00,3.205320583130986734e+02,5.199084219484307141e+02,7.196168841386997883e+02,5.282816708264074634e+01,6.926433183083550205e+01,8.557762236117714849e+01,5.199914465871650009e+02
2.800000000000000266e+00,3.179005142205579659e+02,5.164567251511958830e+02,7.153511843599620761e+02,5.243406226391689984e+01,6.880405153269992979e+01,8.505092516169062833e+01,5.165412872207280088e+02
2.850000000000000089e+00,3.152886056812680522e+02,5.130279658175593340e+02,7.111117361643244976e+02,5.204274177569018178e+01,6.834682989512936047e+01,8.452755545926640934e+01,5.131140683701778471e+02
2.900000000000000355e+00,3.126961939542039204e+02,5.096219915221370798e+02,7.068983737124497111e+02,5.165418661870192096e+01,6.789264663477024442e+01,8.400749185664129470e+01,5.097096376777319620e+02
2.950000000000000178e+00,3.101231412451991218e+02,5.062386508503600453e+02,7.027109322313666553e+02,5.126837791774651976e+01,6.744148160218868782e+01,8.349071309626300774e+01,5.063278437943214385e+02
3.000000000000000000e+00,3.075693107007621734e+02,5.028777933918017311e+02,6.985492480075085950e+02,5.088529692090264689e+01,6.699331478099256287e+01,8.297719805936576165e+01,5.029685363729685719e+02
3.050000000000000266e+00,3.050345664019313290e+02,4.995392697335477123e+02,6.944131583797964140e+02,5.050492499876915531e+01,6.654812628695859189e+01,8.246692576505128613e+01,4.996315660622057635e+02
3.100000000000000089e+00,3.025187733581680050e+02,4.962229314536078277e+02,6.903025017327685191e+02,5.012724364370534147e+01,6.610589636716566986e+01,8.195987536937671791e+01,4.963167844995380165e+02
3.150000000000000355e+00,3.000217975012870397e+02,4.929286311143737862e+02,6.862171174897547417e+02,4.975223446907579472e+01,6.566660539913350192e+01,8.145602616444803346e+01,4.930240443049473242e+02
3.200000000000000178e+00,2.975435056794258912e+02,4.896562222561181557e+02,6.821568461060982145e+02,4.937987920849968049e+01,6.523023388996703886e+01,8.095535757751967765e+01,4.897531990744400900e+02
3.250000000000000000e+00,2.950837656510499869e+02,4.864055593905363821e+02,6.781215290624184036e+02,4.901015971510449987e+01,6.479676247550627011e+01,8.045784917009999049e+01,4.865041033736353029e+02
3.300000000000000266e+00,2.926424460789963859e+02,4.831764979943308731e+02,6.741110088579221156e+02,4.864305796078419775e+01,6.436617191948165839e+01,7.996348063706294340e+01,4.832766127313950619e+02
3.350000000000000089e+00,2.902194165245535942e+02,4.799688945028380544e+02,6.701251290037563422e+02,4.827855603546171892e+01,6.393844311267521618e+01,7.947223180576534673e+01,4.800705836334965397e+02
3.400000000000000355e+00,2.878145474415781564e+02,4.767826063036961273e+02,6.661637340164063517e+02,4.791663614635582746e+01,6.351355707208661983e+01,7.898408263517005423e+01,4.768858735163441906e+02
3.450000000000000178e+00,2.854277101706489361e+02,4.736174917305551730e+02,6.622266694111380048e+02,4.755728061725243805e+01,6.309149494010522830e+01,7.849901321497533502e+01,4.737223407607243644e+02
3.500000000000000000e+00,2.830587769332562971e+02,4.704734100568282429e+02,6.583137816954811115e+02,4.720047188778005420e+01,6.267223798368722498e+01,7.801700376474933307e+01,4.705798446855984594e+02
3.550000000000000266e+00,2.807076208260280055e+02,4.673502214894835447e+02,6.544249183627584898e+02,4.684619251268965456e+01,6.225576759353801037e+01,7.753803463307093580e+01,4.674582455419383678e+02
3.600000000000000089e+00,2.783741158149914554e+02,4.642477871628769890e+02,6.505599278856566343e+02,4.649442516113878554e+01,6.184206528330028618e+01,7.706208629667597165e+01,4.643574045066005169e+02
3.650000000000000355e+00,2.760581367298704549e+02,4.611659691326261736e+02,6.467186597098391303e+02,4.614515261597980356e+01,6.143111268874694275e+01,7.658913935960917740e+01,4.612771836762404973e+02
3.700000000000000178e+00,2.737595592584186193e+02,4.581046303695229085e+02,6.429009642476015642e+02,4.579835777305243738e+01,6.102289156697966632e+01,7.611917455238180708e+01,4.582174460612665143e+02
3.750000000000000000e+00,2.714782599407879502e+02,4.550636347534876904e+02,6.391066928715705444e+02,4.545402364048057109e+01,6.061738379563237089e+01,7.565217273113495366e+01,4.551780555798334262e+02
3.800000000000000266e+00,2.692141161639310667e+02,4.520428470675624908e+02,6.353356979084416025e+02,4.511213333797302028e+01,6.021457137208005861e+01,7.518811487680805783e+01,4.521588770518743559e+02
3.850000000000000089e+00,2.669670061560407817e+02,4.490421329919433333e+02,6.315878326327609784e+02,4.477267009612864967e+01,5.981443641265278188e+01,7.472698209431352723e+01,4.491597761931720925e+02
3.900000000000000355e+00,2.647368089810214542e+02,4.460613590980520371e+02,6.278629512607466268e+02,4.443561725574540588e+01,5.941696115185457217e+01,7.426875561171625861e+01,4.461806196094680672e+02
3.950000000000000178e+00,2.625234045329972332e+02,4.431003928426471248e+02,6.241609089441517426e+02,4.410095826713360623e+01,5.902212794158766940e+01,7.381341677941888690e+01,4.432212747906107779e+02
4.000000000000000000e+00,2.603266735308529860e+02,4.401591025619732136e+02,6.204815617641680774e+02,4.376867668943325640e+01,5.862991925038168972e+01,7.336094706935264753e+01,4.402816101047418442e+02
4.049999999999999822e+00,2.581464975128102424e+02,4.372373574659487758e+02,6.168247667253684767e+02,4.343875618993529031e+01,5.824031766262778831e+01,7.291132807417315576e+01,4.373614947925191245e+02
4.100000000000000533e+00,2.559827588310359374e+02,4.343350276323915296e+02,6.131903817496922784e+02,4.311118054340700212e+01,5.785330587781778178e+01,7.246454150646198400e+01,4.344607989613778045e+02
4.150000000000000355e+00,2.538353406462861699e+02,4.314519840012836767e+02,6.095782656704681131e+02,4.278593363142136496e+01,5.746886670978843625e+01,7.202056919793318457e+01,4.315793935798303664e+02
4.200000000000000178e+00,2.517041269225815370e+02,4.285880983690719290e+02,6.059882782264769503e+02,4.246299944169038554e+01,5.708698308597039528e+01,7.157939309864542565e+01,4.287171504718006076e+02
4.250000000000000000e+00,2.495890024219179111e+02,4.257432433830074956e+02,6.024202800560542528e+02,4.214236206740231694e+01,5.670763804664213126e+01,7.114099527621912955e+01,4.258739423109967674e+02
4.299999999999999822e+00,2.474898526990083667e+02,4.229172925355217103e+02,5.988741326912318073e+02,4.182400570656292871e+01,5.633081474418872858e+01,7.070535791505879786e+01,4.230496426153209200e+02
4.350000000000000533e+00,2.454065640960588155e+02,4.201101201586394609e+02,5.953496985519176405e+02,4.150791466134054986e+01,5.595649644236564768e+01,7.027246331558087888e+01,4.202441257413138374e+02
4.400000000000000355e+00,2.433390237375764968e+02,4.173216014184290543e+02,5.918468409401148165e+02,4.119407333741513355e+01,5.558466651556699389e+01,6.984229389344625361e+01,4.174572668786373697e+02
4.450000000000000178e+00,2.412871195252101018e+02,4.145516123094879504e+02,5.883654240341780906e+02,4.088246624333103796e+01,5.521530844809872463e+01,6.941483217879830647e+01,4.146889420445910446e+02
4.500000000000000000e+00,2.392507401326230081e+02,4.118000296494657846e+02,5.849053128831086497e+02,4.057307798985371505e+01,5.484840583345662424e+01,6.899006081550560054e+01,4.119390280786658423e+02
4.549999999999999822e+00,2.372297750003981776e+02,4.090667310736222362e+02,5.814663734008865958e+02,4.026589328933027900e+01,5.448394237360887615e+01,6.856796256041006643e+01,4.092074026371323043e+02
4.600000000000000533e+00,2.352241143309749134e+02,4.063515950294222989e+02,5.780484723608417426e+02,3.996089695505371964e+01,5.412190187828342403e+01,6.814852028257998029e+01,4.064939441876653063e+02
4.650000000000000355e+00,2.332336490836173084e+02,4.036545007711646917e+02,5.746514773900598811e+02,3.965807390063099547e+01,5.376226826425982352e+01,6.773171696256777352e+01,4.037985320040016290e+02
4.700000000000000178e+00,2.312582709694144114e+02,4.009753283546477292e+02,5.712752569638273599e+02,3.935740913935486418e+01,5.340502555466582635e+01,6.731753569167310047e+01,4.011210461606343074e+02
4.750000000000000000e+00,2.292978724463115441e+02,3.983139586318696388e+02,5.679196804001127248e+02,3.905888778357944346e+01,5.305015787827856144e+01,6.690595967121051046e+01,3.984613675275409150e+02
4.800000000000000711e+00,2.273523467141725405e+02,3.956702732457621323e+02,5.645846178540828078e+02,3.876249504409933877e+01,5.269764946883012158e+01,6.649697221178227835e+01,3.958193777649448748e+02
4.850000000000000533e+00,2.254215877098737337e+02,3.930441546249618341e+02,5.612699403126576954e+02,3.846821622953275011e+01,5.234748466431792480e+01,6.609055673255589625e+01,3.931949593181137743e+02
4.900000000000000355e+00,2.235054901024272738e+02,3.904354859786123484e+02,5.579755195890996902e+02,3.817603674570790417e+01,5.199964790631921119e+01,6.568669676054642537e+01,3.905879954121879223e+02
4.950000000000000178e+00,2.216039492881367323e+02,3.878441512912035023e+02,5.547012283176393339e+02,3.788594209505343713e+01,5.165412373931042112e+01,6.528537592990362270e+01,3.879983700470457961e+02
5.000000000000000000e+00,2.197168613857817832e+02,3.852700353174429893e+02,5.514469399481358778e+02,3.759791787599212398e+01,5.131089680999073011e+01,6.488657798120392783e+01,3.854259679922009241e+02
5.050000000000000711e+00,2.178441232318333505e+02,3.827130235771614366e+02,5.482125287407732230e+02,3.731194978233837389e+01,5.096995186660994648e+01,6.449028676074696875e+01,3.828706747817323617e+02
5.100000000000000533e+00,2.159856323756999927e+02,3.801730023502531139e+02,5.449978697607929234e+02,3.702802360269934923e+01,5.063127375830117671e+01,6.409648621985704153e+01,3.803323767092497860e+02
5.150000000000000355e+00,2.141412870750018556e+02,3.776498586716463137e+02,5.418028388732582243e+02,3.674612521987944547e+01,5.029484743441728511e+01,6.370516041418891717e+01,3.778109608228882053e+02
5.200000000000000178e+00,2.123109862908765422e+02,3.751434803263106801e+02,5.386273127378559593e+02,3.646624061028847308e+01,4.996065794387216386e+01,6.331629350303854409e+01,3.753063149203384228e+02
5.250000000000000000e+00,2.104946296833133772e+02,3.726537558442943237e+02,5.354711688037316435e+02,3.618835584335330680e+01,4.962869043448601047e+01,6.292986974865826255e+01,3.728183275439084241e+02
5.300000000000000711e+00,2.086921176065169732e+02,3.701805744957956108e+02,5.323342853043582181e+02,3.591245708093307343e+01,4.929893015233506048e+01,6.254587351557652397e+01,3.703468879756165961e+02
5.350000000000000533e+00,2.069033511043003557e+02,3.677238262862660463e+02,5.292165412524396970e+02,3.563853057673767211e+01,4.897136244110536296e+01,6.216428926992230686e+01,3.678918862323180292e+02
5.400000000000000355e+00,2.051282319055067944e+02,3.652834019515457840e+02,5.261178164348469863e+02,3.536656267574995383e+01,4.864597274145093309e+01,6.178510157875380315e+01,3.654532130608613443e+02
5.450000000000000178e+00,2.033666624194605959e+02,3.628591929530314815e+02,5.230379914075894021e+02,3.509653981365118369e+01,4.832274659035596898e+01,6.140829510939189362e+01,3.630307599332782047e+02
5.500000000000000000e+00,2.016185457314465168e+02,3.604510914728757029e+02,5.199769474908173379e+02,3.482844851625004168e+01,4.800166962050142416e+01,6.103385462875779410e+01,3.606244190420038080e+02
5.550000000000000711e+00,1.998837855982172300e+02,3.580589904092173015e+02,5.169345667638583564e+02,3.456227539891480660e+01,4.768272755963541698e+01,6.066176500271522087e+01,3.582340832951275615e+02
5.600000000000000533e+00,1.981622864435303484e+02,3.556827833714444864e+02,5.139107320602876143e+02,3.429800716600930599e+01,4.736590622994804534e+01,6.029201119541710341e+01,3.558596463116767268e+02
5.650000000000000355e+00,1.964539533537114266e+02,3.533223646754877905e+02,5.109053269630281306e+02,3.403563061033173653e+01,4.705119154745005972e+01,5.992457826865639703e+01,3.535010024169287703e+02
5.700000000000000178e+00,1.947586920732473175e+02,3.509776293391443005e+02,5.079182357994866948e+02,3.377513261255722909e+01,4.673856952135567866e+01,5.955945138122145011e+01,3.511580466377556604e+02
5.750000000000000000e+00,1.930764090004055333e+02,3.486484730774332093e+02,5.049493436367181971e+02,3.351650014068351169e+01,4.642802625346944012e+01,5.919661578825540715e+01,3.488306746979975514e+02
5.800000000000000711e+00,1.914070111828823144e+02,3.463347922979815507e+02,5.019985362766251455e+02,3.325972024947997596e+01,4.611954793757711002e+01,5.883605684062032282e+01,3.465187830138676190e+02
5.850000000000000533e+00,1.897504063134774128e+02,3.440364840964400059e+02,4.990657002511872520e+02,3.300478007993994822e+01,4.581312085884034957e+01,5.847775998426511990e+01,3.442222686893861692e+02
5.900000000000000355e+00,1.881065027257966733e+02,3.417534462519293470e+02,4.961507228177226807e+02,3.275166685873627159e+01,4.550873139319556770e+01,5.812171075959792432e+01,3.419410295118444765e+02
5.950000000000000178e+00,1.864752093899816998e+02,3.394855772225167811e+02,4.932534919541804470e+02,3.250036789768014955e+01,4.520636600675663175e+01,5.776789480086264206e+01,3.396749639472989202e+02
6.000000000000000000e+00,1.848564359084660964e+02,3.372327761407213984e+02,4.903738963544645344e+02,3.225087059318311589e+01,4.490601125522135817e+01,5.741629783551962873e+01,3.374239711360933711e+02
6.050000000000000711e+00,1.832500925117591919e+02,3.349949428090504284e+02,4.875118254237886504e+02,3.200316242572239389e+01,4.460765378328206765e+01,5.706690568363054439e+01,3.351879508884121606e+02
6.100000000000000533e+00,1.816560900542558556e+02,3.327719776955637485e+02,4.846671692740605977e+02,3.175723095930922213e+01,4.431128032403982786e+01,5.671970425724722276e+01,3.329668036798609592e+02
6.150000000000000355e+00,1.800743400100729730e+02,3.305637819294678366e+02,4.818398187192986484e+02,3.151306384096051616e+01,4.401687769842258291e+01,5.637467955980481804e+01,3.307604306470768165e+02
6.200000000000000178e+00,1.785047544689125800e+02,3.283702572967396236e+02,4.790296652710775902e+02,3.127064880017362469e+01,4.372443281460711972e+01,5.603181768551882413e+01,3.285687335833673615e+02
6.250000000000000000e+00,1.769472461319505499e+02,3.261913062357774606e+02,4.762366011340040473e+02,3.102997364840419081e+01,4.343393266744473635e+01,5.569110481878620789e+01,3.263916149343774009e+02
6.300000000000000711e+00,1.754017283077519096e+02,3.240268318330824968e+02,4.734605192012228372e+02,3.079102627854720708e+01,4.314536433789068326e+01,5.535252723359048588e+01,3.242289777937849067e+02
6.350000000000000533e+00,1.738681149082116519e+02,3.218767378189671717e+02,4.707013130499520912e+02,3.055379466442103009e+01,4.285871499243743443e+01,5.501607129291092235e+01,3.220807258990245145e+02
6.400000000000000355e+00,1.723463204445214672e+02,3.197409285632928118e+02,4.679588769370486716e+02,3.031826686025466344e+01,4.257397188255137621e+01,5.468172344813554986e+01,3.199467636270389335e+02
6.450000000000000178e+00,1.708362600231621684e+02,3.176193090712345679e+02,4.652331057946016699e+02,3.008443100017797178e+01,4.229112234411357463e+01,5.434947023847806236e+01,3.178269959900582080e+02
6.500000000000000000e+00,1.693378493419207302e+02,3.155117849790746050e+02,4.625238952255560889e+02,2.985227529771489330e+01,4.201015379686383255e+01,5.401929829039880815e+01,3.157213286314064931e+02
6.550000000000000711e+00,1.678510046859337592e+02,3.134182625500235986e+02,4.598311414993645485e+02,2.962178804527986387e+01,4.173105374384859800e+01,5.369119431702948475e+01,3.136296678213363975e+02
6.600000000000000533e+00,1.663756429237554357e+02,3.113386486700680962e+02,4.571547415476683796e+02,2.939295761367707982e+01,4.145380977087241803e+01,5.336514511760174884e+01,3.115519204528899877e+02
6.650000000000000355e+00,1.649116815034502395e+02,3.092728508438474364e+02,4.544945929600064574e+02,2.916577245160284093e+01,4.117840954595290981e+01,5.304113757687965602e+01,3.094879940377878711e+02
6.700000000000000178e+00,1.634590384487109134e+02,3.072207771905555092e+02,4.518505939795532527e+02,2.894022108515081371e+01,4.090484081877941236e+01,5.271915866459583810e+01,3.074377967023438032e+02
6.750000000000000000e+00,1.620176323550006430e+02,3.051823364398713920e+02,4.492226434988837696e+02,2.871629211732030384e+01,4.063309142017507014e+01,5.239919543489155984e+01,3.054012371834068063e+02
6.800000000000000711e+00,1.605873823857203604e+02,3.031574379279159643e+02,4.466106410557675304e+02,2.849397422752742770e+01,4.036314926156252625e+01,5.208123502576038533e+01,3.033782248243299478e+02
6.850000000000000533e+00,1.591682082684000363e+02,3.011459915932346689e+02,4.440144868289892770e+02,2.827325617111928224e+01,4.009500233443296935e+01,5.176526465849568837e+01,3.013686695709646415e+02
6.900000000000000355e+00,1.577600302909137611e+02,2.991479079728080137e+02,4.414340816341983782e+02,2.805412677889086126e+01,3.982863870981882570e+01,5.145127163714182217e+01,2.993724819676820061e+02
6.950000000000000178e+00,1.563627692977199786e+02,2.971630981980869706e+02,4.388693269197844415e+02,2.783657495660509795e+01,3.956404653776975522e+01,5.113924334794891280e+01,2.973895731534195761e+02
7.000000000000000000e+00,1.549763466861244865e+02,2.951914739910557728e+02,4.363201247627807220e+02,2.762058968451551522e+01,3.930121404683213626e+01,5.082916725883133324e+01,2.954198548577542169e+02
7.050000000000000711e+00,1.536006844025681346e+02,2.932329476603195531e+02,4.337863778647941331e+02,2.740616001689198455e+01,3.904012954353193976e+01,5.052103091882987229e+01,2.934632393970003363e+02
7.100000000000000533e+00,1.522357049389378005e+02,2.912874320972180726e+02,4.312679895479630545e+02,2.719327508154914952e+01,3.878078141186097838e+01,5.021482195757735667e+01,2.915196396703342430e+02
7.150000000000000355e+00,1.508813313289006999e+02,2.893548407719662805e+02,4.287648637509399236e+02,2.698192407937774462e+01,3.852315811276656632e+01,4.991052808476801061e+01,2.895889691559432890e+02
7.200000000000000178e+00,1.495374871442622293e+02,2.874350877298175533e+02,4.262769050249023053e+02,2.677209628387872087e+01,3.826724818364436942e+01,4.960813708963020474e+01,2.876711419071999103e+02
7.250000000000000000e+00,1.482040964913473147e+02,2.855280875872552429e+02,4.238040185295886317e+02,2.656378104070014956e+01,3.801304023783476538e+01,4.930763684040292105e+01,2.857660725488615867e+02
7.300000000000000711e+00,1.468810840074041835e+02,2.836337555282073595e+02,4.213461100293612844e+02,2.635696776717691847e+01,3.776052296412233034e+01,4.900901528381554328e+01,2.838736762732950183e+02
7.350000000000000533e+00,1.455683748570318983e+02,2.817520073002871754e+02,4.189030858892943456e+02,2.615164595187316365e+01,3.750968512623877871e+01,4.871226044457119997e+01,2.819938688367251416e+02
7.400000000000000355e+00,1.442658947286300020e+02,2.798827592110577029e+02,4.164748530712884644e+02,2.594780515412747945e+01,3.726051556236888018e+01,4.841736042483363889e+01,2.801265665555084752e+02
7.450000000000000178e+00,1.429735698308710425e+02,2.780259281243217515e+02,4.140613191302098244e+02,2.574543500360081794e+01,3.701300318465989392e+01,4.812430340371744109e+01,2.782716863024310783e+02
7.500000000000000000e+00,1.416913268891959206e+02,2.761814314564359165e+02,4.116623922100559412e+02,2.554452519982714875e+01,3.676713697873408648e+01,4.783307763678162416e+01,2.764291455030308953e+02
7.550000000000000711e+00,1.404190931423314055e+02,2.743491871726487261e+02,4.092779810401455052e+02,2.534506551176677647e+01,3.652290600320433356e+01,4.754367145552677698e+01,2.745988621319435765e+02
7.600000000000000533e+00,1.391567963388296789e+02,2.725291137834635151e+02,4.069079949313344287e+02,2.514704577736234370e+01,3.628029938919313224e+01,4.725607326689543441e+01,2.727807547092727418e+02
7.650000000000000355e+00,1.379043647336307572e+02,2.707211303410246046e+02,4.045523437722555968e+02,2.495045590309755923e+01,3.603930633985451948e+01,4.697027155277583432e+01,2.709747422969838908e+02
7.700000000000000178e+00,1.366617270846454915e+02,2.689251564355278106e+02,4.022109380255839142e+02,2.475528586355844851e+01,3.579991612989928740e+01,4.668625486950896430e+01,2.691807444953212780e+02
7.750000000000000000e+00,1.354288126493626123e+02,2.671411121916542015e+02,3.998836887243261344e+02,2.456152570099742505e+01,3.556211810512317584e+01,4.640401184739904039e+01,2.673986814392492875e+02
7.800000000000000711e+00,1.342055511814751299e+02,2.653689182650279577e+02,3.975705074681354745e+02,2.436916552489979537e+01,3.532590168193832625e+01,4.612353119022709080e+01,2.656284737949166583e+02
7.850000000000000533e+00,1.329918729275303235e+02,2.636084958386966264e+02,3.952713064196485107e+02,2.417819551155301383e+01,3.509125634690752094e+01,4.584480167476789347e+01,2.638700427561429933e+02
7.900000000000000355e+00,1.317877086235995989e+02,2.618597666196355931e+02,3.929859983008486211e+02,2.398860590361844203e+01,3.485817165628179026e+01,4.556781215031010390e+01,2.621233100409298800e+02
7.950000000000000178e+00,1.305929894919711103e+02,2.601226528352752325e+02,3.907144963894518810e+02,2.380038700970571952e+01,3.462663723554080519e+01,4.529255153817971546e+01,2.603881978879933854e+02
8.000000000000000000e+00,1.294076472378625908e+02,2.583970772300505701e+02,3.884567145153166052e+02,2.361352920394971733e+01,3.439664277893643174e+01,4.501900883126648978e+01,2.586646290533200840e+02
8.050000000000000711e+00,1.282316140461554994e+02,2.566829630619741351e+02,3.862125670568777309e+02,2.342802292558995703e+01,3.416817804903912048e+01,4.474717309355376216e+01,2.569525268067453680e+02
8.099999999999999645e+00,1.270648225781506255e+02,2.549802340992316374e+02,3.839819689376033125e+02,2.324385867855270504e+01,3.394123287628747221e+01,4.447703345965129529e+01,2.552518149285543245e+02
8.150000000000000355e+00,1.259072059683436748e+02,2.532888146167991295e+02,3.817648356224750046e+02,2.306102703103537621e+01,3.371579715854047521e+01,4.420857913433129482e+01,2.535624177061042133e+02
8.200000000000001066e+00,1.247586978212226541e+02,2.516086293930838167e+02,3.795610831144909980e+02,2.287951861509371909e+01,3.349186086063298262e+01,4.394179939206753716e+01,2.518842599304703356e+02
8.250000000000000000e+00,1.236192322080846822e+02,2.499396037065858138e+02,3.773706279511935691e+02,2.269932412623122886e+01,3.326941401393388276e+01,4.367668357657750988e+01,2.502172668931124804e+02
8.300000000000000711e+00,1.224887436638739899e+02,2.482816633325824398e+02,3.751933872012166375e+02,2.252043432299114301e+01,3.304844671590713290e+01,4.341322110036776394e+01,2.485613643825638803e+02
8.349999999999999645e+00,1.213671671840401842e+02,2.466347345398348239e+02,3.730292784608590750e+02,2.234284002655094881e+01,3.282894912967596213e+01,4.315140144428210078e+01,2.469164786811422232e+02
8.400000000000000355e+00,1.202544382214164500e+02,2.449987440873151172e+02,3.708782198506782493e+02,2.216653212031925690e+01,3.261091148358952552e+01,4.289121415705302809e+01,2.452825365616812405e+02
8.450000000000001066e+00,1.191504926831182019e+02,2.433736192209566411e+02,3.687401300121070449e+02,2.199150154953515823e+01,3.239432407079271314e+01,4.263264885485604339e+01,2.436594652842846358e+02
8.500000000000000000e+00,1.180552669274615738e+02,2.417592876704246692e+02,3.666149281040928827e+02,2.181773932086997192e+01,3.217917724879865915e+01,4.237569522086694462e+01,2.420471925931009594e+02
8.550000000000000711e+00,1.169686977609011365e+02,2.401556776459078151e+02,3.645025337997580550e+02,2.164523650203135574e+01,3.196546143906393667e+01,4.212034300482214633e+01,2.404456467131187196e+02
8.599999999999999645e+00,1.158907224349889020e+02,2.385627178349326698e+02,3.624028672830837650e+02,2.147398422136999940e+01,3.175316712656680807e+01,4.186658202258188766e+01,2.388547563469844874e+02
8.650000000000000355e+00,1.148212786433510928e+02,2.369803373991973388e+02,3.603158492456136059e+02,2.130397366748837484e+01,3.154228485938794080e+01,4.161440215569636791e+01,2.372744506718398725e+02
8.700000000000001066e+00,1.137603045186857003e+02,2.354084659714270629e+02,3.582414008831806882e+02,2.113519608885218659e+01,3.133280524829406843e+01,4.136379335097485921e+01,2.357046593361801001e+02
8.750000000000000000e+00,1.127077386297789019e+02,2.338470336522502464e+02,3.561794438926551720e+02,2.096764279340392889e+01,3.112471896632435175e+01,4.111474562005766131e+01,2.341453124567336488e+02
8.800000000000000711e+00,1.116635199785408901e+02,2.322959710070950052e+02,3.541299004687129468e+02,2.080130514817891907e+01,3.091801674837930136e+01,4.086724903899079919e+01,2.325963406153609867e+02
8.849999999999999645e+00,1.106275879970605871e+02,2.307552090631065767e+02,3.520926933006267063e+02,2.063617457892355489e+01,3.071268939081262772e+01,4.062129374780379010e+01,2.310576748559751081e+02
8.900000000000000355e+00,1.095998825446798861e+02,2.292246793060844823e+02,3.500677455690765214e+02,2.047224256971600553e+01,3.050872775102556744e+01,4.037686995009011071e+01,2.295292466814813679e+02
8.950000000000001066e+00,1.085803439050862664e+02,2.277043136774403820e+02,3.480549809429821835e+02,2.030950066258907327e+01,3.030612274706397713e+01,4.013396791259046381e+01,2.280109880507372964e+02
9.000000000000000000e+00,1.075689127834245369e+02,2.261940445711760219e+02,3.460543235763572056e+02,2.014794045715542836e+01,3.010486535721801715e+01,3.989257796477887297e+01,2.265028313755334466e+02
9.050000000000000711e+00,1.065655303034270958e+02,2.246938048308807083e+02,3.440656981051806724e+02,1.998755361023504307e+01,2.990494661962446443e+01,3.965269049845150562e+01,2.250047095175922891e+02
9.099999999999999645e+00,1.055701380045628923e+02,2.232035277467491028e+02,3.420890296442930207e+02,1.982833183548498823e+01,2.970635763187170042e+01,3.941429596731837393e+01,2.235165557855885368e+02
9.150000000000000355e+00,1.045826778392048766e+02,2.217231470526180033e+02,3.401242437843093285e+02,1.967026690303136505e+01,2.950908955060713623e+01,3.917738488659753671e+01,2.220383039321875458e+02
9.200000000000001066e+00,1.036030921698152838e+02,2.202525969230239866e+02,3.381712665885547153e+02,1.951335063910349987e+01,2.931313359114739114e+01,3.894194783261225012e+01,2.205698881511045215e+02
9.250000000000000000e+00,1.026313237661503450e+02,2.187918119702787578e+02,3.362300245900188997e+02,1.935757492567046967e+01,2.911848102709089403e+01,3.870797544239073318e+01,2.191112430741816866e+02
9.300000000000000711e+00,1.016673158024814825e+02,2.173407272415651903e+02,3.343004447883306511e+02,1.920293170007962047e+01,2.892512318993306408e+01,3.847545841326849114e+01,2.176623037684856286e+02
9.349999999999999645e+00,1.007110118548359736e+02,2.158992782160520676e+02,3.323824546467527057e+02,1.904941295469748397e+01,2.873305146868406013e+01,3.824438750249352381e+01,2.162230057334231788e+02
9.400000000000000355e+00,9.976235589825458305e+01,2.144674008020274130e+02,3.304759820891955542e+02,1.889701073655276531e+01,2.854225730948891737e+01,3.801475352683397801e+01,2.147932848978762479e+02
9.450000000000001066e+00,9.882129230406773956e+01,2.130450313340517994e+02,3.285809554972516366e+02,1.874571714698155134e+01,2.835273221525037357e+01,3.778654736218856414e+01,2.133730776173557615e+02
9.500000000000000000e+00,9.788776583718852464e+01,2.116321065701294231e+02,3.266973037072481247e+02,1.859552434127464338e+01,2.816446774525392627e+01,3.755975994319945954e+01,2.119623206711738703e+02
9.550000000000000711e+00,9.696172165342389349e+01,2.102285636888983902e+02,3.248249560073195994e+02,1.844642452832700386e+01,2.797745551479552972e+01,3.733438226286791917e+01,2.105609512596350896e+02
9.600000000000001421e+00,9.604310529680330433e+01,2.088343402868393355e+02,3.229638421344993731e+02,1.829840997028945893e+01,2.779168719481165084e+01,3.711040537217237301e+01,2.091689070012453442e+02
9.650000000000000355e+00,9.513186269692464236e+01,2.074493743755029698e+02,3.211138922718307072e+02,1.815147298222242256e+01,2.760715451151181554e+01,3.688782037968910288e+01,2.077861259299403400e+02
9.700000000000001066e+00,9.422794016631685565e+01,2.060736043787551068e+02,3.192750370454953099e+02,1.800560593175167412e+01,2.742384924601345020e+01,3.666661845121548424e+01,2.064125464923305913e+02
9.750000000000000000e+00,9.333128439782085195e+01,2.047069691300406760e+02,3.174472075219628664e+02,1.786080123872641678e+01,2.724176323397925614e+01,3.644679080939570071e+01,2.050481075449662853e+02
9.800000000000000711e+00,9.244184246198652488e+01,2.033494078696651854e+02,3.156303352051572801e+02,1.771705137487924020e+01,2.706088836525685082e+01,3.622832873334900228e+01,2.036927483516185475e+02
9.850000000000001421e+00,9.155956180448710313e+01,2.020008602420949444e+02,3.138243520336422989e+02,1.757434886348825742e+01,2.688121658352086030e+01,3.601122355830043631e+01,2.023464085805798049e+02
9.900000000000000355e+00,9.068439024355024003e+01,2.006612662932737692e+02,3.120291903778252731e+02,1.743268627904127044e+01,2.670273988591726422e+01,3.579546667521401559e+01,2.010090283019807771e+02
9.950000000000001066e+00,8.981627596740590036e+01,1.993305664679592439e+02,3.102447830371797863e+02,1.729205624690196430e+01,2.652545032271018499e+01,3.558104953042840179e+01,1.996805479851260543e+02
1.000000000000000000e+01,8.895516753175101599e+01,1.980087016070747552e+02,3.084710632374853390e+02,1.715245144297821156e+01,2.634933999693089746e+01,3.536796362529499760e+01,1.983609084958464450e+02
1.005000000000000071e+01,8.810101385723018552e+01,1.966956129450804553e+02,3.067079646280860743e+02,1.701386459339230228e+01,2.617440106402918687e+01,3.515620051581839789e+01,1.970500510938692855e+02
1.010000000000000142e+01,8.725376422693349809e+01,1.953912421073606254e+02,3.049554212791674104e+02,1.687628847415328792e+01,2.600062573152699485e+01,3.494575181229937755e+01,1.957479174302055185e+02
1.015000000000000036e+01,8.641336828391027325e+01,1.940955311076288012e+02,3.032133676790493269e+02,1.673971591083124011e+01,2.582800625867433197e+01,3.473660917898011746e+01,1.944544495445542793e+02
1.020000000000000107e+01,8.557977602869885914e+01,1.928084223453500101e+02,3.014817387314984671e+02,1.660413977823355580e+01,2.565653495610743917e+01,3.452876433369192455e+01,1.931695898627243366e+02
1.025000000000000000e+01,8.475293781687314265e+01,1.915298586031801449e+02,2.997604697530578051e+02,1.646955300008325196e+01,2.548620418550924072e+01,3.432220904750521129e+01,1.918932811940728129e+02
1.030000000000000071e+01,8.393280435660456362e+01,1.902597830444211127e+02,2.980494964703927394e+02,1.633594854869916091e+01,2.531700635927187903e+01,3.411693514438189112e+01,1.906254667289598785e+02
1.035000000000000142e+01,8.311932670624048569e+01,1.889981392104952249e+02,2.963487550176557761e+02,1.620331944467817920e+01,2.514893394016171868e+01,3.391293450083006178e+01,1.893660900362216921e+02
1.040000000000000036e+01,8.231245627189788650e+01,1.877448710184336846e+02,2.946581819338672972e+02,1.607165875657935672e+01,2.498197944098630074e+01,3.371019904556095526e+01,1.881150950606581205e+02
1.045000000000000107e+01,8.151214480507334770e+01,1.864999227583832067e+02,2.929777141603140080e+02,1.594095960061003225e+01,2.481613542426358521e+01,3.350872075914824677e+01,1.868724261205384494e+02
1.050000000000000000e+01,8.071834440026843538e+01,1.852632390911286961e+02,2.913072890379650062e+02,1.581121514031379682e+01,2.465139450189341730e+01,3.330849167368965880e+01,1.856380279051227262e+02
1.055000000000000071e+01,7.993100749263054183e+01,1.840347650456324686e+02,2.896468443049026291e+02,1.568241858626041818e+01,2.448774933483107574e+01,3.310950387247068960e+01,1.844118454721995306e+02
1.060000000000000142e+01,7.915008685560933088e+01,1.828144460165892156e+02,2.879963180937728566e+02,1.555456319573768553e+01,2.432519263276294552e+01,3.291174948963075764e+01,1.831938242456401440e+02
1.065000000000000036e+01,7.837553559862853092e+01,1.816022277619980514e+02,2.863556489292500942e+02,1.542764227244509279e+01,2.416371715378445018e+01,3.271522070983144914e+01,1.819839100129686926e+02
1.070000000000000107e+01,7.760730716477297619e+01,1.803980564007494252e+02,2.847247757255192369e+02,1.530164916618944382e+01,2.400331570407987769e+01,3.251990976792706078e+01,1.807820489229477516e+02
1.075000000000000000e+01,7.684535532849074002e+01,1.792018784102292557e+02,2.831036377837747864e+02,1.517657727258231048e+01,2.384398113760458315e+01,3.232580894863727394e+01,1.795881874831810023e+02
1.080000000000000071e+01,7.608963419331045941e+01,1.780136406239378459e+02,2.814921747897349178e+02,1.505242003273935225e+01,2.368570635576903172e+01,3.213291058622206009e+01,1.784022725577302708e+02
1.085000000000000142e+01,7.534009818957365212e+01,1.768332902291251401e+02,2.798903268111736793e+02,1.492917093298150455e+01,2.352848430712506911e+01,3.194120706415879951e+01,1.772242513647494206e+02
1.090000000000000036e+01,7.459670207218182725e+01,1.756607747644416406e+02,2.782980342954673461e+02,1.480682350453795948e+01,2.337230798705419588e+01,3.175069081482141797e+01,1.760540714741331101e+02
1.095000000000000107e+01,7.385940091835853138e+01,1.744960421176041905e+02,2.767152380671571450e+02,1.468537132325102235e+01,2.321717043745787024e+01,3.156135431916176870e+01,1.748916808051810108e+02
1.100000000000000000e+01,7.312815012542594673e+01,1.733390405230782392e+02,2.751418793255296578e+02,1.456480800928276942e+01,2.306306474644992122e+01,3.137319010639319217e+01,1.737370276242780278e+02
1.105000000000000071e+01,7.240290540859608370e+01,1.721897185597743771e+02,2.735778996422101841e+02,1.444512722682346073e+01,2.290998404805087674e+01,3.118619075367599791e+01,1.725900605425887591e+02
1.110000000000000142e+01,7.168362279877703713e+01,1.710480251487610417e+02,2.720232409587741245e+02,1.432632268380188556e+01,2.275792152188441619e+01,3.100034888580525205e+01,1.714507285137682970e+02
1.115000000000000036e+01,7.097025864039292742e+01,1.699139095509916331e+02,2.704778455843729148e+02,1.420838813159733505e+01,2.260687039287571309e+01,3.081565717490054368e+01,1.703189808316872700e+02
1.120000000000000107e+01,7.026276958921849314e+01,1.687873213650469211e+02,2.689416561933750813e+02,1.409131736475343111e+01,2.245682393095180274e+01,3.063210834009778338e+01,1.691947671281718613e+02
1.125000000000000000e+01,6.956111261022819292e+01,1.676682105248925723e+02,2.674146158230231549e+02,1.397510422069372638e+01,2.230777545074396073e+01,3.044969514724311921e+01,1.680780373707591195e+02
1.130000000000000071e+01,6.886524497545921975e+01,1.665565272976511153e+02,2.658966678711062741e+02,1.385974257943905386e+01,2.215971831129193248e+01,3.026841040858895582e+01,1.669687418604669347e+02
1.135000000000000142e+01,6.817512426188858399e+01,1.654522222813891972e+02,2.643877560936471127e+02,1.374522636332658720e+01,2.201264591575025520e+01,3.008824698249182816e+01,1.658668312295785086e+02
1.140000000000000036e+01,6.749070834932447838e+01,1.643552464029187945e+02,2.628878246026038710e+02,1.363154953673070047e+01,2.186655171109632789e+01,2.990919777311243166e+01,1.647722564394414917e+02
1.145000000000000107e+01,6.681195541831104379e+01,1.632655509156135736e+02,2.613968178635877848e+02,1.351870610578545673e+01,2.172142918784056320e+01,2.973125573011759570e+01,1.636849687782815010e+02
1.150000000000000000e+01,6.613882394804768694e+01,1.621830873972393476e+02,2.599146806935959830e+02,1.340669011810895306e+01,2.157727187973837957e+01,2.955441384838429641e+01,1.626049198590305878e+02
1.155000000000000071e+01,6.547127271432128737e+01,1.611078077477990007e+02,2.584413582587567362e+02,1.329549566252922155e+01,2.143407336350402304e+01,2.937866516770548841e+01,1.615320616171690062e+02
1.160000000000000142e+01,6.480926078745295627e+01,1.600396641873915655e+02,2.569767960720921565e+02,1.318511686881192979e+01,2.129182725852639635e+01,2.920400277249811438e+01,1.604663463085820467e+02
1.165000000000000036e+01,6.415274753025761356e+01,1.589786092540858249e+02,2.555209399912942843e+02,1.307554790738973161e+01,2.115052722658666084e+01,2.903041979151293006e+01,1.594077265074308798e+02
1.170000000000000107e+01,6.350169259601752714e+01,1.579245958018073281e+02,2.540737362165147886e+02,1.296678298909330174e+01,2.101016697157773550e+01,2.885790939754625128e+01,1.583561551040367306e+02
1.175000000000000000e+01,6.285605592646900419e+01,1.568775769982402153e+02,2.526351312881709532e+02,1.285881636488400837e+01,2.087074023922561139e+01,2.868646480715365499e+01,1.573115853027800881e+02
1.180000000000000071e+01,6.221579774980255451e+01,1.558375063227420299e+02,2.512050720847634580e+02,1.275164232558830690e+01,2.073224081681254205e+01,2.851607928036559159e+01,1.562739706200125056e+02
1.185000000000000142e+01,6.158087857867630532e+01,1.548043375642732826e+02,2.497835058207110706e+02,1.264525520163371830e+01,2.059466253290201365e+01,2.834674612040491581e+01,1.552432648819834924e+02
1.190000000000000036e+01,6.095125920824245469e+01,1.537780248193399188e+02,2.483703800441973044e+02,1.253964936278649667e+01,2.045799925706556266e+01,2.817845867340621169e+01,1.542194222227798832e+02
1.195000000000000107e+01,6.032690071418671351e+01,1.527585224899495415e+02,2.469656426350317986e+02,1.243481921789085476e+01,2.032224489961129876e+01,2.801121032813704659e+01,1.532023970822793899e+02
1.200000000000000000e+01,5.970776445078119821e+01,1.517457852815818455e+02,2.455692418025261645e+02,1.233075921460992319e+01,2.018739341131436760e+01,2.784499451572113671e+01,1.521921442041177670e+02
1.205000000000000071e+01,5.909381204894970807e+01,1.507397682011714437e+02,2.441811260833819404e+02,1.222746383916820534e+01,2.005343878314903705e+01,2.767980470936315740e+01,1.511886186336686251e+02
1.210000000000000142e+01,5.848500541434602695e+01,1.497404265551049320e+02,2.428012443395949447e+02,1.212492761609568603e+01,1.992037504602264164e+01,2.751563442407566029e+01,1.501917757160377107e+02
1.215000000000000036e+01,5.788130672544528466e+01,1.487477159472308017e+02,2.414295457563703451e+02,1.202314510797357627e+01,1.978819627051122509e+01,2.735247721640757135e+01,1.492015710940692941e+02
1.220000000000000107e+01,5.728267843164736917e+01,1.477615922768823111e+02,2.400659798400530747e+02,1.192211091518152699e+01,1.965689656659693441e+01,2.719032668417458609e+01,1.482179607063662559e+02
1.225000000000000000e+01,5.668908325139358340e+01,1.467820117369140576e+02,2.387104964160714076e+02,1.182181967564654634e+01,1.952647008340717605e+01,2.702917646619140868e+01,1.472409007853232765e+02
1.230000000000000071e+01,5.610048417029526746e+01,1.458089308117507414e+02,2.373630456268930686e+02,1.172226606459337184e+01,1.939691100895539932e+01,2.686902024200564654e+01,1.462703478551724459e+02
1.235000000000000142e+01,5.551684443927539547e+01,1.448423062754500279e+02,2.360235779299962076e+02,1.162344479429648736e+01,1.926821356988372713e+01,2.670985173163361281e+01,1.453062587300429129e+02
1.240000000000000036e+01,5.493812757272202418e+01,1.438820951897769760e+02,2.346920440958513723e+02,1.152535061383362347e+01,1.914037203120714281e+01,2.655166469529778794e+01,1.443485905120318193e+02
1.245000000000000107e+01,5.436429734665436797e+01,1.429282549022915987e+02,2.333683952059184605e+02,1.142797830884082089e+01,1.901338069605938585e+01,2.639445293316600072e+01,1.433973005892890171e+02
1.250000000000000000e+01,5.379531779690096727e+01,1.419807430444498095e+02,2.320525826506557223e+02,1.133132270126903585e+01,1.888723390544063463e+01,2.623821028509248166e+01,1.424523466341140647e+02
1.255000000000000071e+01,5.323115321728995752e+01,1.410395175297158517e+02,2.307445581275419784e+02,1.123537864914224826e+01,1.876192603796668479e+01,2.608293063036049730e+01,1.415136866010658991e+02
1.260000000000000142e+01,5.267176815785148847e+01,1.401045365516882555e+02,2.294442736391112589e+02,1.114014104631707980e+01,1.863745150961990049e+01,2.592860788742673250e+01,1.405812787250848146e+02
1.265000000000000036e+01,5.211712742303200230e+01,1.391757585822372505e+02,2.281516814910011419e+02,1.104560482224393247e+01,1.851380477350174303e+01,2.577523601366745254e+01,1.396550815196269184e+02
1.270000000000000107e+01,5.156719606992060534e+01,1.382531423696550235e+02,2.268667342900122605e+02,1.095176494172960524e+01,1.839098031958693369e+01,2.562280900512616455e+01,1.387350537748107229e+02
1.275000000000000000e+01,5.102193940648703574e+01,1.373366469368186245e+02,2.255893849421818516e+02,1.085861640470140976e+01,1.826897267447928996e+01,2.547132089626320095e+01,1.378211545555765269e+02
1.280000000000000071e+01,5.048132298983141908e+01,1.364262315793639004e+02,2.243195866508685015e+02,1.076615424597273574e+01,1.814777640116907520e+01,2.532076575970666710e+01,1.369133431998569392e+02
1.285000000000000142e+01,4.994531262444606767e+01,1.355218558638727870e+02,2.230572929148511037e+02,1.067437353501013142e+01,1.802738609879202869e+01,2.517113770600540334e+01,1.360115793167606739e+02
1.290000000000000036e+01,4.941387436048852777e+01,1.346234796260716564e+02,2.218024575264375358e+02,1.058326937570183901e+01,1.790779640238994119e+01,2.502243088338321542e+01,1.351158227847673459e+02
1.295000000000000107e+01,4.888697449206587464e+01,1.337310629690420569e+02,2.205550345695879173e+02,1.049283690612767295e+01,1.778900198267280430e+01,2.487463947749498416e+01,1.342260337499344587e+02
1.300000000000000000e+01,4.836457955553153454e+01,1.328445662614434468e+02,2.193149784180489235e+02,1.040307129833055555e+01,1.767099754578255144e+01,2.472775771118431365e+01,1.333421726241168415e+02
1.305000000000000071e+01,4.784665632779218924e+01,1.319639501357471261e+02,2.180822437335003769e+02,1.031396775808926236e+01,1.755377783305833006e+01,2.458177984424276730e+01,1.324642000831967152e+02
1.310000000000000142e+01,4.733317182462701567e+01,1.310891754864824179e+02,2.168567854637136918e+02,1.022552152469274489e+01,1.743733762080333705e+01,2.443670017317072407e+01,1.315920770653263787e+02
1.315000000000000036e+01,4.682409329901761197e+01,1.302202034684941907e+02,2.156385588407227658e+02,1.013772787071581938e+01,1.732167172005317468e+01,2.429251303093982273e+01,1.307257647691821774e+02
1.320000000000000107e+01,4.631938823948938477e+01,1.293569954952121179e+02,2.144275193790056733e+02,1.005058210179626421e+01,1.720677497634573783e+01,2.414921278675695149e+01,1.298652246522298128e+02
1.325000000000000000e+01,4.581902436846382187e+01,1.284995132369309943e+02,2.132236228736793180e+02,9.964079556413311778e+00,1.709264226949260390e+01,2.400679384582983644e+01,1.290104184290012768e+02
1.330000000000000071e+01,4.532296964062209099e+01,1.276477186191031166e+02,2.120268253987051708e+02,9.878215605667582722e+00,1.697926851335198606e+01,2.386525064913413985e+01,1.281613080693833808e+02
1.335000000000000142e+01,4.483119224127926827e+01,1.268015738206412237e+02,2.108370833051064608e+02,9.792985653062340035e+00,1.686664865560308257e+01,2.372457767318218558e+01,1.273178557969170583e+02
1.340000000000000036e+01,4.434366058476982886e+01,1.259610412722335155e+02,2.096543532191970485e+02,9.708385134286180218e+00,1.675477767752201430e+01,2.358476942979305946e+01,1.264800240871084753e+02
1.345000000000000107e+01,4.386034331284350429e+01,1.251260836546688466e+02,2.084785920408222637e+02,9.624409516997014080e+00,1.664365059375915479e+01,2.344582046586442914e+01,1.256477756657508706e+02
1.350000000000000000e+01,4.338120929307262941e+01,1.242966638971738860e+02,2.073097569416096917e+02,9.541054300607564542e+00,1.653326245211798096e+01,2.330772536314567134e+01,1.248210735072575233e+02
1.355000000000000071e+01,4.290622761726925916e+01,1.234727451757608776e+02,2.061478053632335161e+02,9.458315016072004866e+00,1.642360833333535197e+01,2.317047873801270086e+01,1.239998808330061308e+02
1.360000000000000142e+01,4.243536759991376783e+01,1.226542909115865569e+02,2.049926950156880139e+02,9.376187225674149417e+00,1.631468335086329091e+01,2.303407524124412475e+01,1.231841611096937186e+02
1.365000000000000036e+01,4.196859877659336036e+01,1.218412647693214552e+02,2.038443838755726460e+02,9.294666522816822152e+00,1.620648265065208093e+01,2.289850955779889929e+01,1.223738780477022345e+02
1.370000000000000107e+01,4.150589090245158985e+01,1.210336306555309278e+02,2.027028301843895122e+02,9.213748531812669285e+00,1.609900141093493531e+01,2.276377640659562474e+01,1.215689955994757270e+02
1.375000000000000000e+01,4.104721395064789391e+01,1.202313527170658034e+02,2.015679924468501270e+02,9.133428907676231390e+00,1.599223484201400858e+01,2.262987054029303380e+01,1.207694779579074122e+02
1.380000000000000071e+01,4.059253811082782448e+01,1.194343953394645723e+02,2.004398294291940772e+02,9.053703335917363759e+00,1.588617818604779508e+01,2.249678674507215703e+01,1.199752895547377705e+02
1.385000000000000142e+01,4.014183378760324672e+01,1.186427231453657924e+02,1.993183001575183653e+02,8.974567532335921527e+00,1.578082671684000715e+01,2.236451984041978491e+01,1.191863950589632992e+02
1.390000000000000036e+01,3.969507159904312488e+01,1.178563009929312955e+02,1.982033639161178371e+02,8.896017242817823245e+00,1.567617573962978739e+01,2.223306467891346472e+01,1.184027593752558829e+02
1.395000000000000107e+01,3.925222237517408530e+01,1.170750939742789853e+02,1.970949802458352451e+02,8.818048243132299291e+00,1.557222059088329402e+01,2.210241614600780480e+01,1.176243476423918253e+02
1.400000000000000000e+01,3.881325715649153807e+01,1.162990674139275455e+02,1.959931089424231345e+02,8.740656338730548924e+00,1.546895663808672872e+01,2.197256915982229586e+01,1.168511252316924356e+02
1.405000000000000071e+01,3.837814719248031992e+01,1.155281868672498575e+02,1.948977100549159900e+02,8.663837364545546649e+00,1.536637927954062910e+01,2.184351867093043964e+01,1.160830577454740080e+02
1.410000000000000142e+01,3.794686394014591713e+01,1.147624181189377026e+02,1.938087438840126708e+02,8.587587184793262551e+00,1.526448394415561260e+01,2.171525966215038039e+01,1.153201110155085019e+02
1.415000000000000036e+01,3.751937906255484023e+01,1.140017271814764115e+02,1.927261709804692202e+02,8.511901692774976880e+00,1.516326609124940816e+01,2.158778714833680112e+01,1.145622511014942120e+02
1.420000000000000107e+01,3.709566442738562841e+01,1.132460802936293760e+02,1.916499521435023610e+02,8.436776810681001493e+00,1.506272121034524680e+01,2.146109617617424448e+01,1.138094442895366853e+02
1.425000000000000000e+01,3.667569210548911229e+01,1.124954439189329207e+02,1.905800484192032229e+02,8.362208489395577260e+00,1.496284482097158097e+01,2.133518182397183693e+01,1.130616570906395566e+02
1.430000000000000071e+01,3.625943436945857457e+01,1.117497847442009231e+02,1.895164210989610751e+02,8.288192708303000700e+00,1.486363247246310593e+01,2.121003920145926713e+01,1.123188562392053740e+02
1.435000000000000142e+01,3.584686369220966640e+01,1.110090696780394666e+02,1.884590317178972612e+02,8.214725475095042029e+00,1.476507974376312582e+01,2.108566344958421013e+01,1.115810086915464581e+02
1.440000000000000036e+01,3.543795274556970298e+01,1.102732658493714268e+02,1.874078420533097074e+02,8.141802825579526726e+00,1.466718224322719877e+01,2.096204974031104840e+01,1.108480816244055660e+02
1.445000000000000107e+01,3.503267439887670065e+01,1.095423406059705798e+02,1.863628141231267250e+02,8.069420823490176531e+00,1.456993560842808755e+01,2.083919327642085761e+01,1.101200424334861481e+02
1.450000000000000000e+01,3.463100171758772206e+01,1.088162615130057418e+02,1.853239101843715275e+02,7.997575560297636166e+00,1.447333550596197860e+01,2.071708929131285615e+01,1.093968587319926797e+02
1.455000000000000071e+01,3.423290796189686347e+01,1.080949963515942756e+02,1.842910927316355298e+02,7.926263155021747941e+00,1.437737763125600310e+01,2.059573304880694522e+01,1.086784983491802450e+02
1.460000000000000142e+01,3.383836658536232989e+01,1.073785131173654861e+02,1.832643244955633861e+02,7.855479754044970342e+00,1.428205770837702282e+01,2.047511984294782650e+01,1.079649293289141667e+02
1.465000000000000036e+01,3.344735123354303141e+01,1.066667800190332684e+02,1.822435684413453600e+02,7.785221530927017852e+00,1.418737148984166829e+01,2.035524499781011443e+01,1.072561199282387321e+02
1.470000000000000107e+01,3.305983574264433145e+01,1.059597654769782764e+02,1.812287877672216041e+02,7.715484686220701604e+00,1.409331475642760800e+01,2.023610386730498334e+01,1.065520386159556239e+02
1.475000000000000000e+01,3.267579413817286849e+01,1.052574381218398116e+02,1.802199459029947946e+02,7.646265447288890904e+00,1.399988331698613209e+01,2.011769183498791236e+01,1.058526540712118162e+02
1.480000000000000071e+01,3.229520063360071447e+01,1.045597667931164807e+02,1.792170065085524300e+02,7.577560068122703107e+00,1.390707300825588177e+01,2.000000431386776967e+01,1.051579351820965371e+02
1.485000000000000142e+01,3.191802962903842555e+01,1.038667205377768994e+02,1.782199334723995889e+02,7.509364829160831256e+00,1.381487969467790933e+01,1.988303674621717576e+01,1.044678510442479507e+02
1.490000000000000036e+01,3.154425570991727668e+01,1.031782686088787102e+02,1.772286909101998447e+02,7.441676037110039665e+00,1.372329926821184110e+01,1.976678460338404264e+01,1.037823709594686363e+02
1.495000000000000107e+01,3.117385364568004746e+01,1.024943804641973912e+02,1.762432431633263263e+02,7.374490024766763518e+00,1.363232764815335152e+01,1.965124338560439909e+01,1.031014644343502908e+02
1.500000000000000000e+01,3.080679838848127616e+01,1.018150257648640746e+02,1.752635547974220742e+02,7.307803150839935924e+00,1.354196078095279354e+01,1.953640862181642390e+01,1.024251011789078802e+02
1.505000000000000071e+01,3.044306507189588373e+01,1.011401743740122896e+02,1.742895906009696034e+02,7.241611799774874569e+00,1.345219464003504761e+01,1.942227586947574380e+01,1.017532511052225175e+02
1.510000000000000142e+01,3.008262900963675435e+01,1.004697963554336582e+02,1.733213155838694490e+02,7.175912381578333665e+00,1.336302522562053419e+01,1.930884071437188965e+01,1.010858843260933781e+02
1.515000000000000036e+01,2.972546569428101293e+01,9.980386197224257216e+01,1.723586949760284028e+02,7.110701331644670553e+00,1.327444856454743416e+01,1.919609877044598889e+01,1.004229711536986400e+02
1.520000000000000107e+01,2.937155079600498908e+01,9.914234168554978055e+01,1.714016942259555378e+02,7.045975110583134082e+00,1.318646071009504972e+01,1.908404567960958076e+01,9.976448209826502023e+01
1.525000000000000000e+01,2.902086016132778212e+01,9.848520615314480153e+01,1.704502789993695444e+02,6.981730204046263211e+00,1.309905774180839977e+01,1.897267711156484182e+01,9.911038786674673418e+01
1.530000000000000071e+01,2.867336981186326739e+01,9.783242622818663392e+01,1.695044151778125467e+02,6.917963122559363853e+00,1.301223576532384918e+01,1.886198876362565002e+01,9.846065936151227049e+01
1.535000000000000142e+01,2.832905594308080310e+01,9.718397295790407497e+01,1.685640688572744921e+02,6.854670401351122599e+00,1.292599091219604368e+01,1.875197636054013017e+01,9.781526767904085773e+01
1.540000000000000036e+01,2.798789492307431814e+01,9.653981758230365529e+01,1.676292063468259528e+02,6.791848600185303120e+00,1.284031933972585371e+01,1.864263565431421910e+01,9.717418410862688916e+01
1.545000000000000107e+01,2.764986329133949994e+01,9.589993153288672545e+01,1.666997941672589150e+02,6.729494303193462201e+00,1.275521723078952263e+01,1.853396242403634275e+01,9.653738013109295935e+01
1.550000000000000000e+01,2.731493775755986420e+01,9.526428643137508345e+01,1.657757990497380547e+02,6.667604118708855943e+00,1.267068079366893585e+01,1.842595247570340433e+01,9.590482741751202411e+01
1.555000000000000071e+01,2.698309520040061926e+01,9.463285408844488700e+01,1.648571879344587785e+02,6.606174679101323832e+00,1.258670626188302322e+01,1.831860164204774932e+01,9.527649782793729116e+01
1.560000000000000142e+01,2.665431266631091134e+01,9.400560650246856653e+01,1.639439279693150127e+02,6.545202640613251077e+00,1.250328989402017577e+01,1.821190578236532076e+01,9.465236341014076515e+01
1.565000000000000036e+01,2.632856736833449318e+01,9.338251585826631640e+01,1.630359865085757178e+02,6.484684683196666910e+00,1.242042797357196093e+01,1.810586078234502949e+01,9.403239639836070296e+01
1.570000000000000107e+01,2.600583668492807021e+01,9.276355452586432193e+01,1.621333311115687650e+02,6.424617510351280814e+00,1.233811680876773309e+01,1.800046255389907301e+01,9.341656921205637332e+01
1.575000000000000000e+01,2.568609815878798841e+01,9.214869505926236570e+01,1.612359295413744462e+02,6.364997848963632521e+00,1.225635273241046264e+01,1.789570703499449422e+01,9.280485445467178351e+01
1.580000000000000071e+01,2.536932949568497264e+01,9.153791019520905081e+01,1.603437497635269438e+02,6.305822449147277631e+00,1.217513210171358828e+01,1.779159018948581306e+01,9.219722491240750628e+01
1.585000000000000142e+01,2.505550856330673781e+01,9.093117285198565014e+01,1.594567599447238706e+02,6.247088084084006177e+00,1.209445129813902753e+01,1.768810800694871688e+01,9.159365355300047895e+01
1.590000000000000036e+01,2.474461339010847283e+01,9.032845612819723158e+01,1.585749284515445083e+02,6.188791549866060393e+00,1.201430672723611970e+01,1.758525650251487349e+01,9.099411352451186019e+01
1.595000000000000107e+01,2.443662216417119026e+01,8.972973330157275029e+01,1.576982238491759745e+02,6.130929665339384549e+00,1.193469481848177516e+01,1.748303171670780287e+01,9.039857815412315745e+01
1.600000000000000000e+01,2.413151323206806964e+01,8.913497782777231748e+01,1.568266149001480301e+02,6.073499271947927269e+00,1.185561202512159085e+01,1.738142971527987157e+01,8.980702094694018456e+01
1.605000000000000071e+01,2.382926509773839285e+01,8.854416333920275406e+01,1.559600705630751918e+02,6.016497233578913750e+00,1.177705482401203874e+01,1.728044658905023923e+01,8.921941558480477852e+01
1.610000000000000142e+01,2.352985642136916411e+01,8.795726364384135820e+01,1.550985599914079955e+02,5.959920436409112732e+00,1.169901971546372543e+01,1.718007845374404852e+01,8.863573592511497168e+01
1.615000000000000213e+01,2.323326601828448190e+01,8.737425272406643728e+01,1.542420525321911384e+02,5.903765788752142640e+00,1.162150322308562522e+01,1.708032144983243583e+01,8.805595599965212728e+01
1.619999999999999929e+01,2.293947285784258838e+01,8.679510473549689209e+01,1.533905177248308576e+02,5.848030220906738741e+00,1.154450189363042334e+01,1.698117174237382798e+01,8.748005001341681464e+01
1.625000000000000000e+01,2.264845606234011655e+01,8.621979400583835229e+01,1.525439252998683628e+02,5.792710685005981297e+00,1.146801229684077761e+01,1.688262552085600632e+01,8.690799234347129243e+01
1.630000000000000071e+01,2.236019490592455483e+01,8.564829503373792363e+01,1.517022451777635581e+02,5.737804154867597539e+00,1.139203102529672407e+01,1.678467899903949956e+01,8.633975753779098739e+01
1.635000000000000142e+01,2.207466881351331267e+01,8.508058248764602638e+01,1.508654474676846746e+02,5.683307625845106514e+00,1.131655469426397609e+01,1.668732841480175111e+01,8.577532031412251001e+01
1.640000000000000213e+01,2.179185735972088267e+01,8.451663120468541024e+01,1.500335024663062313e+02,5.629218114680039520e+00,1.124157994154326445e+01,1.659057002998244101e+01,8.521465555884948628e+01
1.644999999999999929e+01,2.151174026779302650e+01,8.395641618952903684e+01,1.492063806566151243e+02,5.575532659355061149e+00,1.116710342732072903e+01,1.649440013022977780e+01,8.465773832586654635e+01
1.650000000000000000e+01,2.123429740854837888e+01,8.339991261328361816e+01,1.483840527067235371e+02,5.522248318948073553e+00,1.109312183401918261e+01,1.639881502484773890e+01,8.410454383545979340e+01
1.655000000000000071e+01,2.095950879932735589e+01,8.284709581238210774e+01,1.475664894686903779e+02,5.469362173487266610e+00,1.101963186615049040e+01,1.630381104664443370e+01,8.355504747319548642e+01
1.660000000000000142e+01,2.068735460294812611e+01,8.229794128748255844e+01,1.467536619773496511e+02,5.416871323807085581e+00,1.094663025016880731e+01,1.620938455178131221e+01,8.300922478881571465e+01
1.665000000000000213e+01,2.041781512667004961e+01,8.175242470237490977e+01,1.459455414491465604e+02,5.364772891405197974e+00,1.087411373432486883e+01,1.611553191962347142e+01,8.246705149514160382e+01
1.669999999999999929e+01,2.015087082116397710e+01,8.121052188289471019e+01,1.451420992809813413e+02,5.313064018300339697e+00,1.080207908852121257e+01,1.602224955259088546e+01,8.192850346698368469e+01
1.675000000000000000e+01,1.988650227948967597e+01,8.067220881584385950e+01,1.443433070490593479e+02,5.261741866891090247e+00,1.073052310416832889e+01,1.592953387601054693e+01,8.139355674005918218e+01
1.680000000000000071e+01,1.962469023608047181e+01,8.013746164791922411e+01,1.435491365077504327e+02,5.210803619815612464e+00,1.065944259404182759e+01,1.583738133796971148e+01,8.086218750991733373e+01
1.685000000000000142e+01,1.936541556573465428e+01,7.960625668464759030e+01,1.427595595884541524e+02,5.160246479812260034e+00,1.058883439214048217e+01,1.574578840916998423e+01,8.033437213087100304e+01
1.690000000000000213e+01,1.910865928261405244e+01,7.907857038932836247e+01,1.419745483984723364e+02,5.110067669581152217e+00,1.051869535354527585e+01,1.565475158278237444e+01,7.981008711493578289e+01
1.694999999999999929e+01,1.885440253924922871e+01,7.855437938198251402e+01,1.411940752198897542e+02,5.060264431646570138e+00,1.044902235427931103e+01,1.556426737430332174e+01,7.928930913077600451e+01
1.700000000000000000e+01,1.860262662555179247e+01,7.803366043830932597e+01,1.404181125084611210e+02,5.010834028220339853e+00,1.037981229116869741e+01,1.547433232141165149e+01,7.877201500265789491e+01
1.705000000000000071e+01,1.835331296783344612e+01,7.751639048864960557e+01,1.396466328925056359e+02,4.961773741066068943e+00,1.031106208170434080e+01,1.538494298382643422e+01,7.825818170940956975e+01
1.710000000000000142e+01,1.810644312783167820e+01,7.700254661695578307e+01,1.388796091718084824e+02,4.913080871364265079e+00,1.024276866390465557e+01,1.529609594316581322e+01,7.774778638338793257e+01
1.715000000000000213e+01,1.786199880174237720e+01,7.649210605976914223e+01,1.381170143165293496e+02,4.864752739578358742e+00,1.017492899617916713e+01,1.520778780280669729e+01,7.724080630945249482e+01
1.719999999999999929e+01,1.761996181925892913e+01,7.598504620520341746e+01,1.373588214661181723e+02,4.816786685321599926e+00,1.010754005719302562e+01,1.512001518774542141e+01,7.673721892394598854e+01
1.725000000000000000e+01,1.738031414261806873e+01,7.548134459193555301e+01,1.366050039282371529e+02,4.769180067224802144e+00,1.004059884573241135e+01,1.503277474445924611e+01,7.623700181368158724e+01
1.730000000000000071e+01,1.714303786565224641e+01,7.498097890820285727e+01,1.358555351776907116e+02,4.721930262804995060e+00,9.974102380570847970e+00,1.494606314076880693e+01,7.574013271493717525e+01
1.735000000000000142e+01,1.690811521284873820e+01,7.448392699080726231e+01,1.351103888553614922e+02,4.675034668334931531e+00,9.908047700336393149e+00,1.485987706570148603e+01,7.524658951245618255e+01
1.740000000000000213e+01,1.667552853841488769e+01,7.399016682412545265e+01,1.343695387671535002e+02,4.628490698713407347e+00,9.842431863379665913e+00,1.477421322935555992e+01,7.475635023845481442e+01
1.744999999999999929e+01,1.644526032535019766e+01,7.349967653912649723e+01,1.336329588829416366e+02,4.582295787336501114e+00,9.777251947642836782e+00,1.468906836276534023e+01,7.426939307163621606e+01
1.750000000000000000e+01,1.621729318452453938e+01,7.301243441239492427e+01,1.329006233355285929e+02,4.536447385969595736e+00,9.712505050529356865e+00,1.460443921776711917e+01,7.378569633621074786e+01
1.755000000000000071e+01,1.599160985376299493e+01,7.252841886516154091e+01,1.321725064196079984e+02,4.490942964620302291e+00,9.648188288774688814e+00,1.452032256686603162e+01,7.330523850092352234e+01
1.760000000000000142e+01,1.576819319693682431e+01,7.204760846233976679e+01,1.314485825907343610e+02,4.445780011412175270e+00,9.584298798317814061e+00,1.443671520310375911e+01,7.282799817808768239e+01
1.765000000000000213e+01,1.554702620306079375e+01,7.156998191156837663e+01,1.307288264642991180e+02,4.400956032459273359e+00,9.520833734173551832e+00,1.435361393992705459e+01,7.235395412262417381e+01
1.769999999999999929e+01,1.532809198539684381e+01,7.109551806226153303e+01,1.300132128145143895e+02,4.356468551741555117e+00,9.457790270305844516e+00,1.427101561105722283e+01,7.188308523110856640e+01
1.775000000000000000e+01,1.511137378056380598e+01,7.062419590466382147e+01,1.293017165734016487e+02,4.312315110981088218e+00,9.395165599501748233e+00,1.418891707036029892e+01,7.141537054082327529e+01
1.780000000000000071e+01,1.489685494765346618e+01,7.015599456891256125e+01,1.285943128297884357e+02,4.268493269519082922e+00,9.332956933246361331e+00,1.410731519171822512e+01,7.095078922881674544e+01
1.785000000000000142e+01,1.468451896735259865e+01,6.969089332410598558e+01,1.278909768283103858e+02,4.225000604193721365e+00,9.271161501598513155e+00,1.402620686890072932e+01,7.048932061096874691e+01
1.790000000000000213e+01,1.447434944107115840e+01,6.922887157737757491e+01,1.271916839684200085e+02,4.181834709218803070e+00,9.209776553067303695e+00,1.394558901543811480e+01,7.003094414106158183e+01
1.794999999999999929e+01,1.426633009007659503e+01,6.876990887297682775e+01,1.264964098034022157e+02,4.138993196063211144e+00,9.148799354489485225e+00,1.386545856449485825e+01,6.957563940985811257e+01
1.800000000000000000e+01,1.406044475463391663e+01,6.831398489135544594e+01,1.258051300393948111e+02,4.096473693331114774e+00,9.088227190907558040e+00,1.378581246874394139e+01,6.912338614418490579e+01
1.805000000000000071e+01,1.385667739315212899e+01,6.786107944826065363e+01,1.251178205344175893e+02,4.054273846643054569e+00,9.028057365448825422e+00,1.370664770024218804e+01,6.867416420602275196e+01
1.810000000000000142e+01,1.365501208133622413e+01,6.741117249383356125e+01,1.244344572974051175e+02,4.012391318517734895e+00,8.968287199205105864e+00,1.362796125030620331e+01,6.822795359160211603e+01
1.815000000000000213e+01,1.345543301134523162e+01,6.696424411171409474e+01,1.237550164872471896e+02,3.970823788254628450e+00,8.908914031113324583e+00,1.354975012938920109e+01,6.778473443050515357e+01
1.819999999999999929e+01,1.325792449095618508e+01,6.652027451815173720e+01,1.230794744118353208e+02,3.929568951817381972e+00,8.849935217836868873e+00,1.347201136695868229e+01,6.734448698477373796e+01
1.825000000000000000e+01,1.306247094273367715e+01,6.607924406112205418e+01,1.224078075271143717e+02,3.888624521717940041e+00,8.791348133647733931e+00,1.339474201137476683e+01,6.690719164802304419e+01
1.830000000000000071e+01,1.286905690320541318e+01,6.564113321944914503e+01,1.217399924361418755e+02,3.847988226901482900e+00,8.733150170309411209e+00,1.331793912976946537e+01,6.647282894456139957e+01
1.835000000000000142e+01,1.267766702204340135e+01,6.520592260193414802e+01,1.210760058881516841e+02,3.807657812632119221e+00,8.675338736960650721e+00,1.324159980792661884e+01,6.604137952851584714e+01
1.840000000000000213e+01,1.248828606125085550e+01,6.477359294648944399e+01,1.204158247776247066e+02,3.767631040379321838e+00,8.617911259999893048e+00,1.316572115016266764e+01,6.561282418296360675e+01
1.844999999999999929e+01,1.230089889435471484e+01,6.434412511927816070e+01,1.197594261433654168e+02,3.727905687705122428e+00,8.560865182970486487e+00,1.309030027920817929e+01,6.518714381906910660e+01
1.850000000000000000e+01,1.211549050560381602e+01,6.391750011386003649e+01,1.191067871675834056e+02,3.688479548152059362e+00,8.504197966446707113e+00,1.301533433609009371e+01,6.476431947522681298e+01
1.855000000000000071e+01,1.193204598917271042e+01,6.349369905034282624e+01,1.184578851749823514e+02,3.649350431131877404e+00,8.447907087920503599e+00,1.294082048001483898e+01,6.434433231621017057e+01
1.860000000000000142e+01,1.175055054837093138e+01,6.307270317453901498e+01,1.178126976318533963e+02,3.610516161814950831e+00,8.391990041688982771e+00,1.286675588825208827e+01,6.392716363232558763e+01
1.865000000000000213e+01,1.157098949485780359e+01,6.265449385712838648e+01,1.171712021451749166e+02,3.571974581020453066e+00,8.336444338742658999e+00,1.279313775601930914e+01,6.351279483857237551e+01
1.869999999999999929e+01,1.139334824786277700e+01,6.223905259282628322e+01,1.165333764617182624e+02,3.533723545107255504e+00,8.281267506654444333e+00,1.271996329636709611e+01,6.310120747380840101e+01
1.875000000000000000e+01,1.121761233341107733e+01,6.182636099955701070e+01,1.158991984671588114e+02,3.495760925865539548e+00,8.226457089469340289e+00,1.264722974006516942e+01,6.269238319992097530e+01
1.880000000000000071e+01,1.104376738355490950e+01,6.141640081763317482e+01,1.152686461851927362e+02,3.458084610409155601e+00,8.172010647594918353e+00,1.257493433548916961e+01,6.228630380100349839e+01
1.885000000000000142e+01,1.087179913560994571e+01,6.100915390894027013e+01,1.146416977766595977e+02,3.420692501068685942e+00,8.117925757692482591e+00,1.250307434850813060e+01,6.188295118253752491e+01
1.890000000000000213e+01,1.070169343139708928e+01,6.060460225612652607e+01,1.140183315386707079e+02,3.383582515285206593e+00,8.064200012568948139e+00,1.243164706237275219e+01,6.148230737058020878e+01
1.894999999999999929e+01,1.053343621648966888e+01,6.020272796179853003e+01,1.133985259037424811e+02,3.346752585504785049e+00,8.010831021069479974e+00,1.236064977760430139e+01,6.108435451095729718e+01
1.900000000000000000e+01,1.036701353946569704e+01,5.980351324772170329e+01,1.127822594389356539e+02,3.310200659073649909e+00,7.957816407970772943e+00,1.229007981188426157e+01,6.068907486846119070e+01
1.905000000000000071e+01,1.020241155116559817e+01,5.940694045402678825e+01,1.121695108450004454e+02,3.273924698134094591e+00,7.905153813875134716e+00,1.221993449994476322e+01,6.029645082605490813e+01
1.910000000000000142e+01,1.003961650395493876e+01,5.901299203842074093e+01,1.115602589555262654e+02,3.237922679521060498e+00,7.852840895105162033e+00,1.215021119345960265e+01,5.990646488408067682e+01
1.915000000000000213e+01,9.878614750992348092e+00,5.862165057540378399e+01,1.109544827360976598e+02,3.202192594659399205e+00,7.800875323599218980e+00,1.208090726093605305e+01,5.951909965947439218e+01
1.920000000000000284e+01,9.719392745502576147e+00,5.823289875549081529e+01,1.103521612834552457e+02,3.166732449461829635e+00,7.749254786807513007e+00,1.201202008760731665e+01,5.913433788498485910e+01
1.925000000000000000e+01,9.561937040054710124e+00,5.784671938443866424e+01,1.097532738246620028e+02,3.131540264227601789e+00,7.697976987588931230e+00,1.194354707532570892e+01,5.875216240839851167e+01
1.930000000000000071e+01,9.406234285845240350e+00,5.746309538247808035e+01,1.091577997162750364e+02,3.096614073541787970e+00,7.647039644108517997e+00,1.187548564245648386e+01,5.837255619176910670e+01
1.935000000000000142e+01,9.252271231986371802e+00,5.708200978355107225e+01,1.085657184435223854e+02,3.061951926175295213e+00,7.596440489735651447e+00,1.180783322377238065e+01,5.799550231065272499e+01
1.940000000000000213e+01,9.100034724799202834e+00,5.670344573455317772e+01,1.079770096194857132e+02,3.027551884985528741e+00,7.546177272942896863e+00,1.174058727034885408e+01,5.762098395334781742e+01
1.945000000000000284e+01,8.949511707111827974e+00,5.632738649458080005e+01,1.073916529842875036e+02,2.993412026817709570e+00,7.496247757205515505e+00,1.167374524945995162e+01,5.724898442014023203e+01
1.950000000000000000e+01,8.800689217562474909e+00,5.595381543418363890e+01,1.068096284042836146e+02,2.959530442406883122e+00,7.446649720901646674e+00,1.160730464447484422e+01,5.687948712255334272e+01
1.955000000000000071e+01,8.653554389907345268e+00,5.558271603462190313e+01,1.062309158712610611e+02,2.925905236280541999e+00,7.397380957213147923e+00,1.154126295475505692e+01,5.651247558260305226e+01
1.960000000000000142e+01,8.508094452333510915e+00,5.521407188712871772e+01,1.056554955016415533e+02,2.892534526661950878e+00,7.348439274027104950e+00,1.147561769555237987e+01,5.614793343205812448e+01
1.965000000000000213e+01,8.364296726776476731e+00,5.484786669217731259e+01,1.050833475356886311e+02,2.859416445374074467e+00,7.299822493837986315e+00,1.141036639790736729e+01,5.578584441170492880e+01
1.970000000000000284e+01,8.222148628242587520e+00,5.448408425875286554e+01,1.045144523367213338e+02,2.826549137744188922e+00,7.251528453650422534e+00,1.134550660854851323e+01,5.542619237061741444e+01
1.975000000000000000e+01,8.081637664136211541e+00,5.412270850362988739e+01,1.039487903903323769e+02,2.793930762509108767e+00,7.203555004882701951e+00,1.128103588979215033e+01,5.506896126543209391e+01
1.980000000000000071e+01,7.942751433591577204e+00,5.376372345065325931e+01,1.033863423036106042e+02,2.761559491721054194e+00,7.155900013270785287e+00,1.121695181944282460e+01,5.471413515962717611e+01
1.985000000000000142e+01,7.805477626809368630e+00,5.340711323002541633e+01,1.028270888043699074e+02,2.729433510654161843e+00,7.108561358773099137e+00,1.115325199069452111e+01,5.436169822280752584e+01
1.990000000000000213e+01,7.669804024397986808e+00,5.305286207759709072e+01,1.022710107403814561e+02,2.697551017711623533e+00,7.061536935475839272e+00,1.108993401203232132e+01,5.401163472999340343e+01
1.995000000000000284e+01,7.535718496719324477e+00,5.270095433416356911e+01,1.017180890786122234e+02,2.665910224333427170e+00,7.014824651498980934e+00,1.102699550713484733e+01,5.366392906091466841e+01
2.000000000000000000e+01,7.403209003239306085e+00,5.235137444476522717e+01,1.011683049044673481e+02,2.634509354904754019e+00,6.968422428902870891e+00,1.096443411477723018e+01,5.331856569930927492e+01
2.005000000000000071e+01,7.272263591882810019e+00,5.200410695799276084e+01,1.006216394210375711e+02,2.603346646664953745e+00,6.922328203595440321e+00,1.090224748873472826e+01,5.297552923222647792e+01
2.010000000000000142e+01,7.142870398393308840e+00,5.165913652529738442e+01,1.000780739483521984e+02,2.572420349617170032e+00,6.876539925240075846e+00,1.084043329768702080e+01,5.263480434933507013e+01
2.015000000000000213e+01,7.015017645696918436e+00,5.131644790030494363e+01,9.953758992263561822e+01,2.541728726438562180e+00,6.831055557164027014e+00,1.077898922512301105e+01,5.229637584223560509e+01
2.020000000000000284e+01,6.888693643270876521e+00,5.097602593813545724e+01,9.900016889556987110e+01,2.511270052391109786e+00,6.785873076267513682e+00,1.071791296924634018e+01,5.196022860377792085e+01
2.025000000000000000e+01,6.763886786516551730e+00,5.063785559472626829e+01,9.846579253356057393e+01,2.481042615233049808e+00,6.740990472933324540e+00,1.065720224288141793e+01,5.162634762738241534e+01
2.030000000000000071e+01,6.640585556136821666e+00,5.030192192616058833e+01,9.793444261700871323e+01,2.451044715130893170e+00,6.696405750937134194e+00,1.059685477338013371e+01,5.129471800636667922e+01
2.035000000000000142e+01,6.518778517517869631e+00,4.996821008799965824e+01,9.740610103958633204e+01,2.421274664572048430e+00,6.652116927358306064e+00,1.053686830252909523e+01,5.096532493327588043e+01
2.040000000000000213e+01,6.398454320115283700e+00,4.963670533462014589e+01,9.688074980751736121e+01,2.391730788278020547e+00,6.608122032491380082e+00,1.047724058645754219e+01,5.063815369921823617e+01
2.045000000000000284e+01,6.279601696844528291e+00,4.930739301855552981e+01,9.635837103886245814e+01,2.362411423118209619e+00,6.564419109758088844e+00,1.041796939554574664e+01,5.031318969320450663e+01
2.050000000000000000e+01,6.162209463475682547e+00,4.898025858984163250e+01,9.583894696280893299e+01,2.333314918024280260e+00,6.521006215619955526e+00,1.035905251433409724e+01,4.999041840149196503e+01
2.055000000000000071e+01,6.046266518032458848e+00,4.865528759536718439e+01,9.532245991896495241e+01,2.304439633905120743e+00,6.477881419491519743e+00,1.030048774143268631e+01,4.966982540693294368e+01
2.060000000000000142e+01,5.931761840195456159e+00,4.833246567822804707e+01,9.480889235665834747e+01,2.275783943562372791e+00,6.435042803654084764e+00,1.024227288943156466e+01,4.935139638832747266e+01
2.065000000000000213e+01,5.818684490709627788e+00,4.801177857708627528e+01,9.429822683423981289e+01,2.247346231606527134e+00,6.392488463170076685e+00,1.018440578481146375e+01,4.903511711978049448e+01
2.070000000000000284e+01,5.707023610795896040e+00,4.769321212553286671e+01,9.379044601839045470e+01,2.219124894373597279e+00,6.350216505797937394e+00,1.012688426785515539e+01,4.872097347006302215e+01
2.075000000000000000e+01,5.596768421566993723e+00,4.737675225145541447e+01,9.328553268343418381e+01,2.191118339842352825e+00,6.308225051907624170e+00,1.006970619255939958e+01,4.840895140197800117e+01
2.080000000000000071e+01,5.487908223447353073e+00,4.706238497640934071e+01,9.278346971065398918e+01,2.163324987552114553e+00,6.266512234396612868e+00,1.001286942654737366e+01,4.809903697173000126e+01
2.085000000000000142e+01,5.380432395597126494e+00,4.675009641499394064e+01,9.228424008761277264e+01,2.135743268521102411e+00,6.225076198606541489e+00,9.956371850981737381e+00,4.779121632829944133e+01
2.090000000000000213e+01,5.274330395340274258e+00,4.643987277423178028e+01,9.178782690747883066e+01,2.108371625165342600e+00,6.183915102240290729e+00,9.900211360478230915e+00,4.748547571282066571e+01
2.095000000000000284e+01,5.169591757596685433e+00,4.613170035295323856e+01,9.129421336835495993e+01,2.081208511218122670e+00,6.143027115279743988e+00,9.844385863019793348e+00,4.718180145796453218e+01
2.100000000000000000e+01,5.066206094318348896e+00,4.582556554118417580e+01,9.080338277261240876e+01,2.054252391650000398e+00,6.102410419903987915e+00,9.788893279871265563e+00,4.688017998732478020e+01
2.105000000000000071e+01,4.964163093929393256e+00,4.552145481953820649e+01,9.031531852622890710e+01,2.027501742589324252e+00,6.062063210408103586e+00,9.733731545494638482e+00,4.658059781480867656e+01
2.110000000000000142e+01,4.863452520770279897e+00,4.521935475861314302e+01,8.983000413813103080e+01,2.000955051243348937e+00,6.021983693122514580e+00,9.678898607464814674e+00,4.628304154403190296e+01
2.115000000000000213e+01,4.764064214545745912e+00,4.491925201839094228e+01,8.934742321954044542e+01,1.974610815819836107e+00,5.982170086332815551e+00,9.624392426385954380e+00,4.598749786771701764e+01
2.120000000000000284e+01,4.665988089776766934e+00,4.462113334764211459e+01,8.886755948332454125e+01,1.948467545449217075e+00,5.942620620200183446e+00,9.570210975808281617e+00,4.569395356709638634e+01
2.125000000000000000e+01,4.569214135256332909e+00,4.432498558333383443e+01,8.839039674335147367e+01,1.922523760107266666e+00,5.903333536682282556e+00,9.516352242145513785e+00,4.540239551131887197e+01
2.130000000000000071e+01,4.473732413509102557e+00,4.403079565004220797e+01,8.791591891384857149e+01,1.896777990538313974e+00,5.864307089454725563e+00,9.462814224592722923e+00,4.511281065686051761e+01
2.135000000000000142e+01,4.379533060254911625e+00,4.373855055936806480e+01,8.744411000876583273e+01,1.871228778178980479e+00,5.825539543833013312e+00,9.409594935044818698e+00,4.482518604693922271e+01
2.140000000000000213e+01,4.286606283876011503e+00,4.344823740935719769e+01,8.697495414114244738e+01,1.845874675082415539e+00,5.787029176695037691e+00,9.356692398015454160e+00,4.453950881093321357e+01
2.145000000000000284e+01,4.194942364888188280e+00,4.315984338392408404e+01,8.650843552247833657e+01,1.820714243843080782e+00,5.748774276404086336e+00,9.304104650556535461e+00,4.425576616380367057e+01
2.150000000000000000e+01,4.104531655415510016e+00,4.287335575227945128e+01,8.604453846210901702e+01,1.795746057522012995e+00,5.710773142732328722e+00,9.251829742178189875e+00,4.397394540552085829e+01
2.155000000000000071e+01,4.015364578668863871e+00,4.258876186836170064e+01,8.558324736658451570e+01,1.770968699572612159e+00,5.673024086784838715e+00,9.199865734769238301e+00,4.369403392049419210e+01
2.160000000000000142e+01,3.927431628428205812e+00,4.230604917027235956e+01,8.512454673905280345e+01,1.746380763766941957e+00,5.635525430924130497e+00,9.148210702518241533e+00,4.341601917700643298e+01
2.165000000000000213e+01,3.840723368528460302e+00,4.202520517971492353e+01,8.466842117864663919e+01,1.721980854122524773e+00,5.598275508695172320e+00,9.096862731834985283e+00,4.313988872665123608e+01
2.170000000000000284e+01,3.755230432349043745e+00,4.174621750143759868e+01,8.421485537987409487e+01,1.697767584829631637e+00,5.561272664750894101e+00,9.045819921272466146e+00,4.286563020377458599e+01
2.175000000000000000e+01,3.670943522307038798e+00,4.146907382267976061e+01,8.376383413201372719e+01,1.673739580179072206e+00,5.524515254778210149e+00,8.995080381449403362e+00,4.259323132492006891e+01
2.180000000000000071e+01,3.587853409353966683e+00,4.119376191262217191e+01,8.331534231851330219e+01,1.649895474490483238e+00,5.488001645424536612e+00,8.944642234973276373e+00,4.232267988827790361e+01
2.185000000000000142e+01,3.505950932476156190e+00,4.092026962184072403e+01,8.286936491639185931e+01,1.626233912041106677e+00,5.451730214224763671e+00,8.894503616363749643e+00,4.205396377313736878e+01
2.190000000000000213e+01,3.425226998198588557e+00,4.064858488176392370e+01,8.242588699564640820e+01,1.602753546995040912e+00,5.415699349528753537e+00,8.844662671976694313e+00,4.178707093934320937e+01
2.195000000000000284e+01,3.345672580092333259e+00,4.037869570413381126e+01,8.198489371866165243e+01,1.579453043332986750e+00,5.379907450429278093e+00,8.795117559928623763e+00,4.152198942675539683e+01
2.200000000000000000e+01,3.267278718285479666e+00,4.011059018047087932e+01,8.154637033962433179e+01,1.556331074782478563e+00,5.344352926690485894e+00,8.745866450021660299e+00,4.125870735471289663e+01
2.205000000000000071e+01,3.190036518977481972e+00,3.984425648154189759e+01,8.111030220394006562e+01,1.533386324748570839e+00,5.309034198676774174e+00,8.696907523668896189e+00,4.099721292150033491e+01
2.210000000000000142e+01,3.113937153957079484e+00,3.957968285683203646e+01,8.067667474765538316e+01,1.510617486245034335e+00,5.273949697282215077e+00,8.648238973820362219e+00,4.073749440381913445e+01
2.215000000000000213e+01,3.038971860123500512e+00,3.931685763401990386e+01,8.024547349688238285e+01,1.488023261825981880e+00,5.239097863860386894e+00,8.599859004889346181e+00,4.047954015626142166e+01
2.220000000000000284e+01,2.965131939011182993e+00,3.905576921845642602e+01,7.981668406722738496e+01,1.465602363517995554e+00,5.204477150154697362e+00,8.551765832679240731e+00,4.022333861078785588e+01
2.225000000000000000e+01,2.892408756317842222e+00,3.879640609264713191e+01,7.939029216322336424e+01,1.443353512752703516e+00,5.170086018229179459e+00,8.503957684310842424e+00,3.996887827620886924e+01
2.230000000000000071e+01,2.820793741435859481e+00,3.853875681573757817e+01,7.896628357776572216e+01,1.421275440299815340e+00,5.135922940399700209e+00,8.456432798150112617e+00,3.971614773766918915e+01
2.235000000000000142e+01,2.750278386987082602e+00,3.828281002300285962e+01,7.854464419155208077e+01,1.399366886200628546e+00,5.101986399165706842e+00,8.409189423736410873e+00,3.946513565613621921e+01
2.240000000000000213e+01,2.680854248360869274e+00,3.802855442533976316e+01,7.812535997252506093e+01,1.377626599701979426e+00,5.068274887142332652e+00,8.362225821711158247e+00,3.921583076789136157e+01
2.245000000000000284e+01,2.612512943255465903e+00,3.777597880876290759e+01,7.770841697531932368e+01,1.356053339190653961e+00,5.034786906993032218e+00,8.315540263746989069e+00,3.896822188402515508e+01
2.250000000000000000e+01,2.545246151222658515e+00,3.752507203390398871e+01,7.729380134071153918e+01,1.334645872128252142e+00,5.001520971362632295e+00,8.269131032477327281e+00,3.872229788993554678e+01
2.255000000000000071e+01,2.479045613215604238e+00,3.727582303551416487e+01,7.688149929507397928e+01,1.313402974986479732e+00,4.968475602810793923e+00,8.222996421426408631e+00,3.847804774482948176e+01
2.260000000000000142e+01,2.413903131139973901e+00,3.702822082197020848e+01,7.647149714983208924e+01,1.292323433182908321e+00,4.935649333745989686e+00,8.177134734939777161e+00,3.823546048122811669e+01
2.265000000000000213e+01,2.349810567408243678e+00,3.678225447478363463e+01,7.606378130092484469e+01,1.271406041017164368e+00,4.903040706359862888e+00,8.131544288115202690e+00,3.799452520447508874e+01
2.270000000000000284e+01,2.286759844497185501e+00,3.653791314811313384e+01,7.565833822826907351e+01,1.250649601607561001e+00,4.870648272562038805e+00,8.086223406734037056e+00,3.775523109224813112e+01
2.275000000000000000e+01,2.224742944508486975e+00,3.629518606828026606e+01,7.525515449522673350e+01,1.230052926828153259e+00,4.838470593915367601e+00,8.041170427193000236e+00,3.751756739407393582e+01
2.280000000000000071e+01,2.163751908732544305e+00,3.605406253328848720e+01,7.485421674807591330e+01,1.209614837246240748e+00,4.806506241571605997e+00,7.996383696436415889e+00,3.728152343084636300e+01
2.285000000000000142e+01,2.103778837215353192e+00,3.581453191234535893e+01,7.445551171548534342e+01,1.189334162060297517e+00,4.774753796207526158e+00,7.951861571888890978e+00,3.704708859434785495e+01
2.290000000000000213e+01,2.044815888328503473e+00,3.557658364538766449e+01,7.405902620799194835e+01,1.169209739038324480e+00,4.743211847961425143e+00,7.907602421388387981e+00,3.681425234677394087e+01
2.295000000000000284e+01,1.986855278342209097e+00,3.534020724261014834e+01,7.366474711748165305e+01,1.149240414456623949e+00,4.711878996370093553e+00,7.863604623119737624e+00,3.658300422026103860e+01
2.300000000000000000e+01,1.929889281001434975e+00,3.510539228399701983e+01,7.327266141667405464e+01,1.129425043038999821e+00,4.680753850306169639e+00,7.819866565548593051e+00,3.635333381641738271e+01
2.305000000000000071e+01,1.873910227105024529e+00,3.487212841885675374e+01,7.288275615860951007e+01,1.109762487896377658e+00,4.649835027915931285e+00,7.776386647355752579e+00,3.612523080585701507e+01
2.310000000000000142e+01,1.818910504087837943e+00,3.464040536535998882e+01,7.249501847614058647e+01,1.090251620466831550e+00,4.619121156557492114e+00,7.733163277371981614e+00,3.589868492773710074e+01
2.315000000000000213e+01,1.764882555605917780e+00,3.441021291008037508e+01,7.210943558142577103e+01,1.070891320456047291e+00,4.588610872739405266e+00,7.690194874513166745e+00,3.567368598929810730e+01
2.320000000000000284e+01,1.711818881124545610e+00,3.418154090753872509e+01,7.172599476542703201e+01,1.051680475778158819e+00,4.558302822059694392e+00,7.647479867715934354e+00,3.545022386540725279e+01
2.325000000000000000e+01,1.659712035509320449e+00,3.395437927974998615e+01,7.134468339741042087e+01,1.032617982497027631e+00,4.528195659145261232e+00,7.605016695873666244e+00,3.522828849810493068e+01
2.330000000000000071e+01,1.608554628620105120e+00,3.372871801577314699e+01,7.096548892444944556e+01,1.013702744767901009e+00,4.498288047591707084e+00,7.562803807772878528e+00,3.500786989615396294e+01
2.335000000000000142e+01,1.558339324907945578e+00,3.350454717126463322e+01,7.058839887093259335e+01,9.949336747794998992e-01,4.468578659903579720e+00,7.520839662030105899e+00,3.478895813459244835e+01
2.340000000000000213e+01,1.509058843014800866e+00,3.328185686803404053e+01,7.021340083807285737e+01,9.763096926964750510e-01,4.439066177434971117e+00,7.479122727029073658e+00,3.457154335428893432e+01
2.345000000000000284e+01,1.460705955376187415e+00,3.306063729360323578e+01,6.984048250342121378e+01,9.578297266022817169e-01,4.409749290330541527e+00,7.437651480858331610e+00,3.435561576150097096e+01
2.350000000000000000e+01,1.413273487826671282e+00,3.284087870076846372e+01,6.946963162038295536e+01,9.394927124424464759e-01,4.380626697466942332e+00,7.396424411249290287e+00,3.414116562743663508e+01
2.355000000000000071e+01,1.366754319208153934e+00,3.262257140716482695e+01,6.910083601773698092e+01,9.212975939682150894e-01,4.351697106394585290e+00,7.355440015514619567e+00,3.392818328781869752e+01
2.360000000000000142e+01,1.321141380981011082e+00,3.240570579483443936e+01,6.873408359915832477e+01,9.032433226806040327e-01,4.322959233279855873e+00,7.314696800487056727e+00,3.371665914245205897e+01
2.365000000000000213e+01,1.276427656837972657e+00,3.219027230979683907e+01,6.836936234274352842e+01,8.853288577748257282e-01,4.294411802847670323e+00,7.274193282458579546e+00,3.350658365479379341e+01
2.370000000000000284e+01,1.232606182320804988e+00,3.197626146162253846e+01,6.800666030053949385e+01,8.675531660851057980e-01,4.266053548324424405e+00,7.233927987120022607e+00,3.329794735152634644e+01
2.375000000000000000e+01,1.189670044439739449e+00,3.176366382300941638e+01,6.764596559807471010e+01,8.499152220298821225e-01,4.237883211381330284e+00,7.193899449501006238e+00,3.309074082213331991e+01
2.380000000000000071e+01,1.147612381295595840e+00,3.155247002936171441e+01,6.728726643389404671e+01,8.324140075573702724e-01,4.209899542078108681e+00,7.154106213910290890e+00,3.288495471847826934e+01
2.385000000000000142e+01,1.106426381704680661e+00,3.134267077837233373e+01,6.693055107909611934e+01,8.150485120915297310e-01,4.182101298807102907e+00,7.114546833876508103e+00,3.268057975438636475e+01
2.390000000000000213e+01,1.066105284826323940e+00,3.113425682960721375e+01,6.657580787687400914e+01,7.978177324783800595e-01,4.154487248237687780e+00,7.075219872089259177e+00,3.247760670522868764e+01
2.395000000000000284e+01,1.026642379793112791e+00,3.092721900409319602e+01,6.622302524205825591e+01,7.807206729327014205e-01,4.127056165261136833e+00,7.036123900340567339e+00,3.227602640750944119e+01
2.400000000000000000e+01,9.880310053437876272e-01,3.072154818390808373e+01,6.587219166066371656e+01,7.637563449851041408e-01,4.099806832935781742e+00,6.997257499466759789e+00,3.207582975845591733e+01
2.405000000000000071e+01,9.502645494587466102e-01,3.051723531177374227e+01,6.552329568943828519e+01,7.469237674294537666e-01,4.072738042432574979e+00,6.958619259290634851e+00,3.187700771561112845e+01
2.410000000000000142e+01,9.133364489982060963e-01,3.031427139065175069e+01,6.517632595541536489e+01,7.302219662706755932e-01,4.045848592981004188e+00,6.920207778564090972e+00,3.167955129642926693e+01
2.415000000000000213e+01,8.772401893429414566e-01,3.011264748334195929e+01,6.483127115546886898e+01,7.136499746729128013e-01,4.019137291815380486e+00,6.882021664911055936e+00,3.148345157787393234e+01
2.420000000000000284e+01,8.419693040376180493e-01,2.991235471208340613e+01,6.448812005587060980e+01,6.972068329080458593e-01,3.992602954121450054e+00,6.844059534770770448e+00,3.128869969601876022e+01
2.425000000000000000e+01,8.075173744366740403e-01,2.971338425815824991e+01,6.414686149185142483e+01,6.808915883045629780e-01,3.966244402983404971e+00,6.806320013341498942e+00,3.109528684565114887e+01
2.430000000000000071e+01,7.738780293527652843e-01,2.951572736149797294e+01,6.380748436716437766e+01,6.647032951967942749e-01,3.940060469331199133e+00,6.768801734524527269e+00,3.090320427987827401e+01
2.435000000000000142e+01,7.410449447077378515e-01,2.931937532029259330e+01,6.346997765365104982e+01,6.486410148744935489e-01,3.914049991888263857e+00,6.731503340868551177e+00,3.071244330973599546e+01
2.440000000000000213e+01,7.090118431861143211e-01,2.912431949060217917e+01,6.313433039081058240e+01,6.327038155327727731e-01,3.888211817119532121e+00,6.694423483514422735e+00,3.052299530380026482e+01
2.445000000000000284e+01,6.777724938910542063e-01,2.893055128597107739e+01,6.280053168537134667e+01,6.168907722223756496e-01,3.862544799179824295e+00,6.657560822140216494e+00,3.033485168780114094e+01
2.450000000000000000e+01,6.473207120028269257e-01,2.873806217704469290e+01,6.246857071086554924e+01,6.012009668003098772e-01,3.837047799862574493e+00,6.620914024906681128e+00,3.014800394423944141e+01
2.455000000000000071e+01,6.176503584397090574e-01,2.854684369118894693e+01,6.213843670720649470e+01,5.856334878808074906e-01,3.811719688548914853e+00,6.584481768403018798e+00,2.996244361200602668e+01
2.460000000000000142e+01,5.887553395213550589e-01,2.835688741211194142e+01,6.181011898026834217e+01,5.701874307866409142e-01,3.786559342157055141e+00,6.548262737592999372e+00,2.977816228600339343e+01
2.465000000000000213e+01,5.606296066345779483e-01,2.816818497948858635e+01,6.148360690146880358e+01,5.548618975007670873e-01,3.761565645092053156e+00,6.512255625761439681e+00,2.959515161677013850e+01
2.470000000000000284e+01,5.332671559015345064e-01,2.798072808858735172e+01,6.115888990735453490e+01,5.396559966183083201e-01,3.736737489195879114e+00,6.476459134461008738e+00,2.941340331010769304e+01
2.475000000000000000e+01,5.066620278503203290e-01,2.779450848989978340e+01,6.083595749918895024e+01,5.245688432988735439e-01,3.712073773697833978e+00,6.440871973459380229e+00,2.923290912670970698e+01
2.480000000000000071e+01,4.808083070879137777e-01,2.760951798877219687e+01,6.051479924254261533e+01,5.095995592191976398e-01,3.687573405165275098e+00,6.405492860686686996e+00,2.905366088179373207e+01
2.485000000000000142e+01,4.557001219755235089e-01,2.742574844504022735e+01,6.019540476688690234e+01,4.947472725261347071e-01,3.663235297454707773e+00,6.370320522183378742e+00,2.887565044473571874e+01
2.490000000000000213e+01,4.313316443062280015e-01,2.724319177266540493e+01,5.987776376518925758e+01,4.800111177899501480e-01,3.639058371663159264e+00,6.335353692048327545e+00,2.869886973870657343e+01
2.495000000000000284e+01,4.076970889849754198e-01,2.706183993937439780e+01,5.956186599351190836e+01,4.653902359579564774e-01,3.615041556079906293e+00,6.300591112387332160e+00,2.852331074031141966e+01
2.500000000000000000e+01,3.847907137108822484e-01,2.688168496630066429e+01,5.924770127061265867e+01,4.508837743084651573e-01,3.591183786138511635e+00,6.266031533261904762e+00,2.834896547923121801e+01
2.505000000000000071e+01,3.626068186618273681e-01,2.670271892762827193e+01,5.893525947754837802e+01,4.364908864050606185e-01,3.567484004369175121e+00,6.231673712638403195e+00,2.817582603786668471e+01
2.510000000000000142e+01,3.411397461813263088e-01,2.652493395023844869e+01,5.862453055728111906e+01,4.222107320511929718e-01,3.543941160351421260e+00,6.197516416337490952e+00,2.800388455098483576e+01
2.515000000000000213e+01,3.203838804676629182e-01,2.634832221335810942e+01,5.831550451428650916e+01,4.080424772450846338e-01,3.520554210667075523e+00,6.163558417983890259e+00,2.783313320536759861e+01
2.520000000000000284e+01,3.003336472652763933e-01,2.617287594821105046e+01,5.800817141416491296e+01,3.939852941349562543e-01,3.497322118853576356e+00,6.129798498956492203e+00,2.766356423946307075e+01
2.525000000000000000e+01,2.809835135583721444e-01,2.599858743767127578e+01,5.770252138325495395e+01,3.800383609745605629e-01,3.474243855357588728e+00,6.096235448338760854e+00,2.749516994303897022e+01
2.530000000000000071e+01,2.623279872667490520e-01,2.582544901591863251e+01,5.739854460824945193e+01,3.662008620790265789e-01,3.451318397488912115e+00,6.062868062869443797e+00,2.732794265683836699e+01
2.535000000000000142e+01,2.443616169438294905e-01,2.565345306809691550e+01,5.709623133581396104e+01,3.524719877810131852e-01,3.428544729374730426e+00,6.029695146893624624e+00,2.716187477223790481e+01
2.540000000000000213e+01,2.270789914768727713e-01,2.548259202997398631e+01,5.679557187220766679e+01,3.388509343871696777e-01,3.405921841914122172e+00,5.996715512314065855e+00,2.699695873090812626e+01
2.545000000000000284e+01,2.104747397893570737e-01,2.531285838760453899e+01,5.649655658290658522e+01,3.253369041348966317e-01,3.383448732732925901e+00,5.963927978542858277e+00,2.683318702447625270e+01
2.550000000000000000e+01,1.945435305455179842e-01,2.514424467699461729e+01,5.619917589222945509e+01,3.119291051494127998e-01,3.361124406138842780e+00,5.931331372453390038e+00,2.667055219419105327e+01
2.555000000000000071e+01,1.792800718570206620e-01,2.497674348376880360e+01,5.590342028296586108e+01,2.986267514011156643e-01,3.338947873076896666e+00,5.898924528332619488e+00,2.650904683059012257e+01
2.560000000000000142e+01,1.646791109917662144e-01,2.481034744283938664e+01,5.560928029600657396e+01,2.854290626632484673e-01,3.316918151085150424e+00,5.866706287833634015e+00,2.634866357316927576e+01
2.565000000000000213e+01,1.507354340847973928e-01,2.464504923807792736e+01,5.531674652997665476e+01,2.723352644698552871e-01,3.295034264250749079e+00,5.834675499928548170e+00,2.618939511005432763e+01
2.570000000000000284e+01,1.374438658513076339e-01,2.448084160198872894e+01,5.502580964087042048e+01,2.593445880740357090e-01,3.273295243166222335e+00,5.802831020861640710e+00,2.603123417767479708e+01
2.575000000000000000e+01,1.247992693017219851e-01,2.431771731538479031e+01,5.473646034168931607e+01,2.464562704064855170e-01,3.251700124886106380e+00,5.771171714102860228e+00,2.587417356044015548e+01
2.580000000000000071e+01,1.127965454588458205e-01,2.415566920706571707e+01,5.444868940208149866e+01,2.336695540343273481e-01,3.230247952883832152e+00,5.739696450301567943e+00,2.571820609041794370e+01
2.585000000000000142e+01,1.014306330770739367e-01,2.399469015349780676e+01,5.416248764798412196e+01,2.209836871202398856e-01,3.208937777008917358e+00,5.708404107240604652e+00,2.556332464701420193e+01
2.590000000000000213e+01,9.069650836362296020e-02,2.383477307849646110e+01,5.387784596126783754e+01,2.083979233818591403e-01,3.187768653444440492e+00,5.677293569790648142e+00,2.540952215665609515e+01
2.595000000000000284e+01,8.058918470179547711e-02,2.367591095291041015e+01,5.359475527938349160e+01,1.959115220514727473e-01,3.166739644664789299e+00,5.646363729864844139e+00,2.525679159247652450e+01
2.600000000000000000e+01,7.110371237624704688e-02,2.351809679430831324e+01,5.331320659501127324e+01,1.835237478359908747e-01,3.145849819393700564e+00,5.615613486373754348e+00,2.510512597400103729e+01
2.605000000000000071e+01,6.223517830024943159e-02,2.336132366666713622e+01,5.303319095571166031e+01,1.712338708771985463e-01,3.125098252562558354e+00,5.585041745180546968e+00,2.495451836683654534e+01
2.610000000000000142e+01,5.397870574493796036e-02,2.320558468006315778e+01,5.275469946357923590e+01,1.590411667122923478e-01,3.104484025269021341e+00,5.554647419056523816e+00,2.480496188236262256e+01
2.615000000000000213e+01,4.632945407051917291e-02,2.305087299036429727e+01,5.247772327489811062e+01,1.469449162346840032e-01,3.084006224735849955e+00,5.524429427636885492e+00,2.465644967742430538e+01
2.620000000000000284e+01,3.928261845943518960e-02,2.289718179892513206e+01,5.220225359979995972e+01,1.349444056550851978e-01,3.063663944270074158e+00,5.494386697376801187e+00,2.450897495402741555e+01
2.625000000000000000e+01,3.283342965146593406e-02,2.274450435228364498e+01,5.192828170192426995e+01,1.230389264628627688e-01,3.043456283222405467e+00,5.464518161507777805e+00,2.436253095903575883e+01
2.630000000000000071e+01,2.697715368075526490e-02,2.259283394186000749e+01,5.165579889808030600e+01,1.112277753876615427e-01,3.023382346946908328e+00,5.434822759994238695e+00,2.421711098387027050e+01
2.635000000000000142e+01,2.170909161475429935e-02,2.244216390365742697e+01,5.138479655791174139e+01,9.951025436130668533e-02,3.003441246760964134e+00,5.405299439490457658e+00,2.407270836421033522e+01
2.640000000000000213e+01,1.702457929505593257e-02,2.229248761796498002e+01,5.111526610356308709e+01,8.788567047995880788e-02,2.983632099905482171e+00,5.375947153297707892e+00,2.392931647969702524e+01
2.645000000000000284e+01,1.291898708012046565e-02,2.214379850906252045e+01,5.084719900934862125e+01,7.635333596654593491e-02,2.963954029505399657e+00,5.346764861321725348e+00,2.378692875363844550e+01
2.650000000000000000e+01,9.387719589869968073e-03,2.199609004492727848e+01,5.058058680142311658e+01,6.491256813345204491e-02,2.944406164530409153e+00,5.317751530030420781e+00,2.364553865271688693e+01
2.655000000000000071e+01,6.426215452143167403e-03,2.184935573694269095e+01,5.031542105745468518e+01,5.356268934547073202e-02,2.924987639755972868e+00,5.288906132411844929e+00,2.350513968669805109e+01
2.660000000000000142e+01,4.029947050996612185e-03,2.170358913960913938e+01,5.005169340629986152e+01,4.230302698302232378e-02,2.905697595724602067e+00,5.260227647932454786e+00,2.336572540814228205e+01
2.665000000000000213e+01,2.194420276836144164e-03,2.155878385025647503e+01,4.978939552768090948e+01,3.113291340561922388e-02,2.886535178707373639e+00,5.231715062495642776e+00,2.322728941211767406e+01
2.670000000000000284e+01,9.151742783709137120e-04,2.141493350875859747e+01,4.952851915186479914e+01,2.005168591559630675e-02,2.867499540665717106e+00,5.203367368400496851e+00,2.308982533591509068e+01
2.675000000000000000e+01,1.877812163738621428e-04,2.127203179724986626e+01,4.926905605934445731e+01,9.058686722096080668e-03,2.848589839213448993e+00,5.175183564300852801e+00,2.295332685876514134e+01
2.680000000000000071e+01,0.000000000000000000e+00,2.113007243984341343e+01,4.901099808052214968e+01,-0.000000000000000000e+00,2.829805237579064325e+00,5.147162655164594369e+00,2.281778574005224414e+01
2.685000000000000142e+01,0.000000000000000000e+00,2.098904920235132820e+01,4.875433709539471039e+01,-0.000000000000000000e+00,2.811144904568272818e+00,5.119303652233223367e+00,2.268310887502434170e+01
2.690000000000000213e+01,0.000000000000000000e+00,2.084895589200680632e+01,4.849906503324095297e+01,-0.000000000000000000e+00,2.792608014526802407e+00,5.091605572981679373e+00,2.254924420431364140e+01
2.695000000000000284e+01,0.000000000000000000e+00,2.070978635718803673e+01,4.824517387231082211e+01,-0.000000000000000000e+00,2.774193747303429269e+00,5.064067441078399234e+00,2.241618664667172567e+01
2.700000000000000000e+01,0.000000000000000000e+00,2.057153448714394628e+01,4.799265563951696834e+01,-0.000000000000000000e+00,2.755901288213264522e+00,5.036688286345676779e+00,2.228393115345121345e+01
2.705000000000000071e+01,0.000000000000000000e+00,2.043419421172173855e+01,4.774150241012786466e+01,-0.000000000000000000e+00,2.737729828001276733e+00,5.009467144720220588e+00,2.215247270839283544e+01
2.710000000000000142e+01,0.000000000000000000e+00,2.029775950109649685e+01,4.749170630746300503e+01,-0.000000000000000000e+00,2.719678562806080446e+00,4.982403058213993319e+00,2.202180632741399791e+01
2.715000000000000213e+01,0.000000000000000000e+00,2.016222436550220820e+01,4.724325950259031970e+01,-0.000000000000000000e+00,2.701746694123938308e+00,4.955495074875305050e+00,2.189192705839868580e+01
2.720000000000000284e+01,0.000000000000000000e+00,2.002758285496484802e+01,4.699615421402519644e+01,-0.000000000000000000e+00,2.683933428773012775e+00,4.928742248750132227e+00,2.176282998098872312e+01
2.725000000000000000e+01,0.000000000000000000e+00,1.989382905903722332e+01,4.675038270743163338e+01,-0.000000000000000000e+00,2.666237978857870061e+00,4.902143639843706602e+00,2.163451020637651823e+01
2.730000000000000071e+01,0.000000000000000000e+00,1.976095710653544657e+01,4.650593729532504028e+01,-0.000000000000000000e+00,2.648659561734196366e+00,4.875698314082320017e+00,2.150696287709898513e+01
2.735000000000000142e+01,0.000000000000000000e+00,1.962896116527729973e+01,4.626281033677737042e+01,-0.000000000000000000e+00,2.631197399973766338e+00,4.849405343275409841e+00,2.138018316683299247e+01
2.740000000000000213e+01,0.000000000000000000e+00,1.949783544182231410e+01,4.602099423712389381e+01,-0.000000000000000000e+00,2.613850721329641580e+00,4.823263805077853128e+00,2.125416628019213050e+01
2.745000000000000284e+01,0.000000000000000000e+00,1.936757418121356977e+01,4.578048144767159755e+01,-0.000000000000000000e+00,2.596618758701601415e+00,4.797272782952511250e+00,2.112890745252468605e+01
2.750000000000000000e+01,0.000000000000000000e+00,1.923817166672117907e+01,4.554126446541008733e+01,-0.000000000000000000e+00,2.579500750101791695e+00,4.771431366133034757e+00,2.100440194971311314e+01
2.755000000000000071e+01,0.000000000000000000e+00,1.910962221958755691e+01,4.530333583272359732e+01,-0.000000000000000000e+00,2.562495938620623193e+00,4.745738649586851210e+00,2.088064506797467601e+01
2.760000000000000142e+01,0.000000000000000000e+00,1.898192019877435399e+01,4.506668813710557231e+01,-0.000000000000000000e+00,2.545603572392884928e+00,4.720193733978463868e+00,2.075763213366357007e+01
2.765000000000000213e+01,0.000000000000000000e+00,1.885506000071104182e+01,4.483131401087449319e+01,-0.000000000000000000e+00,2.528822904564079099e+00,4.694795725632920025e+00,2.063535850307414421e+01
2.770000000000000284e+01,0.000000000000000000e+00,1.872903605904530622e+01,4.459720613089185548e+01,-0.000000000000000000e+00,2.512153193256998041e+00,4.669543736499538689e+00,2.051381956224561520e+01
2.775000000000000000e+01,0.000000000000000000e+00,1.860384284439493641e+01,4.436435721828176071e+01,-0.000000000000000000e+00,2.495593701538505016e+00,4.644436884115871855e+00,2.039301072676790838e+01
2.780000000000000071e+01,0.000000000000000000e+00,1.847947486410140883e+01,4.413276003815264659e+01,-0.000000000000000000e+00,2.479143697386538836e+00,4.619474291571895819e+00,2.027292744158886606e+01
2.785000000000000142e+01,0.000000000000000000e+00,1.835592666198525436e+01,4.390240739932023217e+01,-0.000000000000000000e+00,2.462802453657352508e+00,4.594655087474415645e+00,2.015356518082268522e+01
2.790000000000000213e+01,0.000000000000000000e+00,1.823319281810292836e+01,4.367329215403265863e+01,-0.000000000000000000e+00,2.446569248052963275e+00,4.569978405911703234e+00,2.003491944755963061e+01
2.795000000000000284e+01,0.000000000000000000e+00,1.811126794850528654e+01,4.344540719769753423e+01,-0.000000000000000000e+00,2.430443363088806485e+00,4.545443386418390297e+00,1.991698577367702683e+01
2.800000000000000000e+01,0.000000000000000000e+00,1.799014670499773771e+01,4.321874546861020860e+01,-0.000000000000000000e+00,2.414424086061623065e+00,4.521049173940532739e+00,1.979975971965141923e+01
2.805000000000000071e+01,0.000000000000000000e+00,1.786982377490201657e+01,4.299329994768416441e+01,-0.000000000000000000e+00,2.398510709017553033e+00,4.496794918800937957e+00,1.968323687437204939e+01
2.810000000000000142e+01,0.000000000000000000e+00,1.775029388081946280e+01,4.276906365818300060e+01,-0.000000000000000000e+00,2.382702528720445745e+00,4.472679776664694629e+00,1.956741285495548155e+01
2.815000000000000213e+01,0.000000000000000000e+00,1.763155178039594517e+01,4.254602966545433418e+01,-0.000000000000000000e+00,2.366998846620371300e+00,4.448702908504936993e+00,1.945228330656155435e+01
2.820000000000000284e+01,0.000000000000000000e+00,1.751359226608829189e+01,4.232419107666504487e+01,-0.000000000000000000e+00,2.351398968822353552e+00,4.424863480568810736e+00,1.933784390221040894e+01
2.825000000000000000e+01,0.000000000000000000e+00,1.739641016493241565e+01,4.210354104053848801e+01,-0.000000000000000000e+00,2.335902206055310071e+00,4.401160664343666262e+00,1.922409034260083160e+01
2.830000000000000071e+01,0.000000000000000000e+00,1.728000033831274962e+01,4.188407274709346950e+01,-0.000000000000000000e+00,2.320507873641183050e+00,4.377593636523469556e+00,1.911101835592974396e+01
2.835000000000000142e+01,0.000000000000000000e+00,1.716435768173350951e+01,4.166577942738449991e+01,-0.000000000000000000e+00,2.305215291464307814e+00,4.354161578975421776e+00,1.899862369771287973e+01
2.840000000000000213e+01,0.000000000000000000e+00,1.704947712459126308e+01,4.144865435324410186e+01,-0.000000000000000000e+00,2.290023783940954516e+00,4.330863678706784903e+00,1.888690215060665878e+01
2.845000000000000284e+01,0.000000000000000000e+00,1.693535362994904503e+01,4.123269083702670912e+01,-0.000000000000000000e+00,2.274932679989081663e+00,4.307699127831951635e+00,1.877584952423119802e+01
2.850000000000000000e+01,0.000000000000000000e+00,1.682198219431214170e+01,4.101788223135402944e+01,-0.000000000000000000e+00,2.259941312998308582e+00,4.284667123539687594e+00,1.866546165499457999e+01
2.855000000000000071e+01,0.000000000000000000e+00,1.670935784740514762e+01,4.080422192886199184e+01,-0.000000000000000000e+00,2.245049020800057971e+00,4.261766868060577806e+00,1.855573440591807355e+01
2.860000000000000142e+01,0.000000000000000000e+00,1.659747565195063856e+01,4.059170336194983264e+01,-0.000000000000000000e+00,2.230255145637924041e+00,4.238997568634744972e+00,1.844666366646277567e+01
2.865000000000000213e+01,0.000000000000000000e+00,1.648633070344937934e+01,4.038032000253006970e+01,-0.000000000000000000e+00,2.215559034138228078e+00,4.216358437479695631e+00,1.833824535235720532e+01
2.870000000000000284e+01,0.000000000000000000e+00,1.637591812996184615e+01,4.017006536178065801e+01,-0.000000000000000000e+00,2.200960037280768500e+00,4.193848691758422120e+00,1.823047540542608758e+01
2.875000000000000000e+01,0.000000000000000000e+00,1.626623309189125521e+01,3.996093298989843134e+01,-0.000000000000000000e+00,2.186457510369760548e+00,4.171467553547690166e+00,1.812334979342023544e+01
2.880000000000000071e+01,0.000000000000000000e+00,1.615727078176812981e+01,3.975291647585410004e+01,-0.000000000000000000e+00,2.172050813004986480e+00,4.149214249806520094e+00,1.801686450984758991e+01
2.885000000000000142e+01,0.000000000000000000e+00,1.604902642403623858e+01,3.954600944714915300e+01,-0.000000000000000000e+00,2.157739309053128718e+00,4.127088012344902523e+00,1.791101557380540754e+01
2.890000000000000213e+01,0.000000000000000000e+00,1.594149527483986972e+01,3.934020556957378290e+01,-0.000000000000000000e+00,2.143522366619280639e+00,4.105088077792667711e+00,1.780579902981337881e+01
2.895000000000000284e+01,0.000000000000000000e+00,1.583467262181272694e+01,3.913549854696705665e+01,-0.000000000000000000e+00,2.129399358018675414e+00,4.083213687568608918e+00,1.770121094764812852e+01
2.900000000000000000e+01,0.000000000000000000e+00,1.572855378386813285e+01,3.893188212097784628e+01,-0.000000000000000000e+00,2.115369659748587150e+00,4.061464087849745219e+00,1.759724742217852622e+01
2.905000000000000071e+01,0.000000000000000000e+00,1.562313411099048288e+01,3.872935007082785575e+01,-0.000000000000000000e+00,2.101432652460407891e+00,4.039838529540817902e+00,1.749390457320220449e+01
2.910000000000000142e+01,0.000000000000000000e+00,1.551840898402836366e+01,3.852789621307611156e+01,-0.000000000000000000e+00,2.087587720931935120e+00,4.018336268243990261e+00,1.739117854528321061e+01
2.915000000000000213e+01,0.000000000000000000e+00,1.541437381448892374e+01,3.832751440138467558e+01,-0.000000000000000000e+00,2.073834254039835567e+00,3.996956564228701936e+00,1.728906550759063165e+01
2.920000000000000284e+01,0.000000000000000000e+00,1.531102404433354636e+01,3.812819852628602035e+01,-0.000000000000000000e+00,2.060171644732278651e+00,3.975698682401745288e+00,1.718756165373827827e+01
2.925000000000000000e+01,0.000000000000000000e+00,1.520835514577499481e+01,3.792994251495198199e+01,-0.000000000000000000e+00,2.046599290001772431e+00,3.954561892277528301e+00,1.708666320162549113e+01
2.930000000000000071e+01,0.000000000000000000e+00,1.510636262107580485e+01,3.773274033096421221e+01,-0.000000000000000000e+00,2.033116590858161210e+00,3.933545467948533325e+00,1.698636639327895637e+01
2.935000000000000142e+01,0.000000000000000000e+00,1.500504200234825269e+01,3.753658597408571751e+01,-0.000000000000000000e+00,2.019722952301833629e+00,3.912648688055938795e+00,1.688666749469555484e+01
2.940000000000000213e+01,0.000000000000000000e+00,1.490438885135529112e+01,3.734147348003448030e+01,-0.000000000000000000e+00,2.006417783297066215e+00,3.891870835760470548e+00,1.678756279568626653e+01
2.945000000000000284e+01,0.000000000000000000e+00,1.480439875931316251e+01,3.714739692025798234e+01,-0.000000000000000000e+00,1.993200496745584971e+00,3.871211198713398804e+00,1.668904860972107684e+01
2.950000000000000000e+01,0.000000000000000000e+00,1.470506734669512561e+01,3.695435040170956853e+01,-0.000000000000000000e+00,1.980070509460280626e+00,3.850669069027757185e+00,1.659112127377495582e+01
2.955000000000000071e+01,0.000000000000000000e+00,1.460639026303654475e+01,3.676232806662589070e+01,-0.000000000000000000e+00,1.967027242139101961e+00,3.830243743249707400e+00,1.649377714817474327e+01
2.960000000000000142e+01,0.000000000000000000e+00,1.450836318674131675e+01,3.657132409230605674e+01,-0.000000000000000000e+00,1.954070119339133660e+00,3.809934522330122419e+00,1.639701261644717079e+01
2.965000000000000213e+01,0.000000000000000000e+00,1.441098182488955004e+01,3.638133269089219368e+01,-0.000000000000000000e+00,1.941198569450836464e+00,3.789740711596341072e+00,1.630082408516782522e+01
2.970000000000000284e+01,0.000000000000000000e+00,1.431424191304649618e+01,3.619234810915111211e+01,-0.000000000000000000e+00,1.928412024672457203e+00,3.769661620724085171e+00,1.620520798381102523e+01
2.975000000000000000e+01,0.000000000000000000e+00,1.421813921507287937e+01,3.600436462825786776e+01,-0.000000000000000000e+00,1.915709920984627779e+00,3.749696563709592034e+00,1.611016076460090574e+01
2.980000000000000071e+01,0.000000000000000000e+00,1.412266952293631483e+01,3.581737656358008337e+01,-0.000000000000000000e+00,1.903091698125105147e+00,3.729844858841881994e+00,1.601567890236317737e+01
2.985000000000000142e+01,0.000000000000000000e+00,1.402782865652413591e+01,3.563137826446434531e+01,-0.000000000000000000e+00,1.890556799563706702e+00,3.710105828675251516e+00,1.592175889437815428e+01
2.990000000000000213e+01,0.000000000000000000e+00,1.393361246345740057e+01,3.544636411402337473e+01,-0.000000000000000000e+00,1.878104672477396431e+00,3.690478800001898207e+00,1.582839726023454396e+01
2.995000000000000284e+01,0.000000000000000000e+00,1.384001681890616986e+01,3.526232852892487557e+01,-0.000000000000000000e+00,1.865734767725544696e+00,3.670963103824750107e+00,1.573559054168430293e+01
3.000000000000000000e+01,0.000000000000000000e+00,1.374703762540600493e+01,3.507926595918181789e+01,-0.000000000000000000e+00,1.853446539825353234e+00,3.651558075330469944e+00,1.564333530249845694e+01
3.005000000000000071e+01,0.000000000000000000e+00,1.365467081267560445e+01,3.489717088794367328e+01,-0.000000000000000000e+00,1.841239446927430023e+00,3.632263053862603730e+00,1.555162812832372055e+01
3.010000000000000142e+01,0.000000000000000000e+00,1.356291233743588087e+01,3.471603783128947640e+01,-0.000000000000000000e+00,1.829112950791554226e+00,3.613077382894940737e+00,1.546046562654030865e+01
3.015000000000000213e+01,0.000000000000000000e+00,1.347175818322997287e+01,3.453586133802179603e+01,-0.000000000000000000e+00,1.817066516762575690e+00,3.594000410005012025e+00,1.536984442612043544e+01
3.020000000000000284e+01,0.000000000000000000e+00,1.338120436024470550e+01,3.435663598946232611e+01,-0.000000000000000000e+00,1.805099613746494747e+00,3.575031486847779938e+00,1.527976117748793428e+01
3.025000000000000000e+01,0.000000000000000000e+00,1.329124690513302554e+01,3.417835639924863500e+01,-0.000000000000000000e+00,1.793211714186687233e+00,3.556169969129487018e+00,1.519021255237867152e+01
3.030000000000000071e+01,0.000000000000000000e+00,1.320188188083775493e+01,3.400101721313213687e+01,-0.000000000000000000e+00,1.781402294040294931e+00,3.537415216581667021e+00,1.510119524370191257e+01
3.035000000000000142e+01,0.000000000000000000e+00,1.311310537641656815e+01,3.382461310877764760e+01,-0.000000000000000000e+00,1.769670832754782319e+00,3.518766592935341109e+00,1.501270596540269509e+01
3.040000000000000213e+01,0.000000000000000000e+00,1.302491350686793758e+01,3.364913879556401355e+01,-0.000000000000000000e+00,1.758016813244629439e+00,3.500223465895366814e+00,1.492474145232497307e+01
3.045000000000000284e+01,0.000000000000000000e+00,1.293730241295843797e+01,3.347458901438596257e+01,-0.000000000000000000e+00,1.746439721868196404e+00,3.481785207114953096e+00,1.483729846007570963e+01
3.050000000000000000e+01,0.000000000000000000e+00,1.285026826105113429e+01,3.330095853745742573e+01,-0.000000000000000000e+00,1.734939048404741779e+00,3.463451192170338810e+00,1.475037376488992358e+01
3.055000000000000071e+01,0.000000000000000000e+00,1.276380724293500890e+01,3.312824216811594624e+01,-0.000000000000000000e+00,1.723514286031575971e+00,3.445220800535635064e+00,1.466396416349649101e+01
3.060000000000000142e+01,0.000000000000000000e+00,1.267791557565577065e+01,3.295643474062838152e+01,-0.000000000000000000e+00,1.712164931301397353e+00,3.427093415557826095e+00,1.457806647298498071e+01
3.065000000000000213e+01,0.000000000000000000e+00,1.259258950134757171e+01,3.278553111999804059e+01,-0.000000000000000000e+00,1.700890484119757184e+00,3.409068424431946465e+00,1.449267753067329600e+01
3.070000000000000284e+01,0.000000000000000000e+00,1.250782528706589147e+01,3.261552620177277362e+01,-0.000000000000000000e+00,1.689690447722673738e+00,3.391145218176400356e+00,1.440779419397613914e+01
3.075000000000000000e+01,0.000000000000000000e+00,1.242361922462165325e+01,3.244641491185441851e+01,-0.000000000000000000e+00,1.678564328654416737e+00,3.373323191608436300e+00,1.432341334027443125e+01
3.080000000000000071e+01,0.000000000000000000e+00,1.233996763041627709e+01,3.227819220630938446e+01,-0.000000000000000000e+00,1.667511636745411474e+00,3.355601743319788888e+00,1.423953186678548377e+01
3.085000000000000142e+01,0.000000000000000000e+00,1.225686684527800985e+01,3.211085307118079157e+01,-0.000000000000000000e+00,1.656531885090318346e+00,3.337980275652492779e+00,1.415614669043420193e+01
3.090000000000000213e+01,0.000000000000000000e+00,1.217431323429918599e+01,3.194439252230136361e+01,-0.000000000000000000e+00,1.645624590026238732e+00,3.320458194674823726e+00,1.407325474772493479e+01
3.095000000000000284e+01,0.000000000000000000e+00,1.209230318667467685e+01,3.177880560510767793e+01,-0.000000000000000000e+00,1.634789271111073194e+00,3.303034910157400361e+00,1.399085299461425791e+01
3.100000000000000000e+01,0.000000000000000000e+00,1.201083311554140032e+01,3.161408739445582228e+01,-0.000000000000000000e+00,1.624025451102027340e+00,3.285709835549462721e+00,1.390893840638465662e+01
3.105000000000000071e+01,0.000000000000000000e+00,1.192989945781888395e+01,3.145023299443787224e+01,-0.000000000000000000e+00,1.613332655934258453e+00,3.268482387955274682e+00,1.382750797751890914e+01
3.110000000000000142e+01,0.000000000000000000e+00,1.184949867405084234e+01,3.128723753819980757e+01,-0.000000000000000000e+00,1.602710414699654473e+00,3.251351988110688485e+00,1.374655872157537218e+01
3.115000000000000213e+01,0.000000000000000000e+00,1.176962724824797313e+01,3.112509618776056541e+01,-0.000000000000000000e+00,1.592158259625779282e+00,3.234318060359876679e+00,1.366608767106412792e+01
3.120000000000000284e+01,0.000000000000000000e+00,1.169028168773160203e+01,3.096380413383208818e+01,-0.000000000000000000e+00,1.581675726054931452e+00,3.217380032632181308e+00,1.358609187732382395e+01
3.125000000000000000e+01,0.000000000000000000e+00,1.161145852297851810e+01,3.080335659564072159e+01,-0.000000000000000000e+00,1.571262352423361541e+00,3.200537336419142509e+00,1.350656841039943856e+01
3.130000000000000071e+01,0.000000000000000000e+00,1.153315430746680548e+01,3.064374882074970330e+01,-0.000000000000000000e+00,1.560917680240620831e+00,3.183789406751662998e+00,1.342751435892082768e+01
3.135000000000000142e+01,0.000000000000000000e+00,1.145536561752262550e+01,3.048497608488261790e+01,-0.000000000000000000e+00,1.550641254069043073e+00,3.167135682177306233e+00,1.334892682998196634e+01
3.140000000000000213e+01,0.000000000000000000e+00,1.137808905216815702e+01,3.032703369174830854e+01,-0.000000000000000000e+00,1.540432621503375232e+00,3.150575604737771318e+00,1.327080294902115654e+01
3.145000000000000284e+01,0.000000000000000000e+00,1.130132123297040714e+01,3.016991697286661633e+01,-0.000000000000000000e+00,1.530291333150530120e+00,3.134108619946482488e+00,1.319313985970185854e+01
3.150000000000000000e+01,0.000000000000000000e+00,1.122505880389121735e+01,3.001362128739537738e+01,-0.000000000000000000e+00,1.520216942609493582e+00,3.117734176766344234e+00,1.311593472379445302e+01
3.155000000000000071e+01,0.000000000000000000e+00,1.114929843113804786e+01,2.985814202195852118e+01,-0.000000000000000000e+00,1.510209006451339597e+00,3.101451727587628326e+00,1.303918472105865334e+01
3.160000000000000142e+01,0.000000000000000000e+00,1.107403680301593774e+01,2.970347459047520644e+01,-0.000000000000000000e+00,1.500267084199404799e+00,3.085260728206006497e+00,1.296288704912677048e+01
3.165000000000000213e+01,0.000000000000000000e+00,1.099927062978035330e+01,2.954961443399018250e+01,-0.000000000000000000e+00,1.490390738309575580e+00,3.069160637800730562e+00,1.288703892338772228e+01
3.170000000000000284e+01,0.000000000000000000e+00,1.092499664349106681e+01,2.939655702050501063e+01,-0.000000000000000000e+00,1.480579534150719301e+00,3.053150918912936440e+00,1.281163757687178517e+01
3.175000000000000000e+01,0.000000000000000000e+00,1.085121159786699252e+01,2.924429784481075245e+01,-0.000000000000000000e+00,1.470833039985240731e+00,3.037231037424120483e+00,1.273668026013618437e+01
3.180000000000000071e+01,0.000000000000000000e+00,1.077791226814196435e+01,2.909283242832113459e+01,-0.000000000000000000e+00,1.461150826949765280e+00,3.021400462534703291e+00,1.266216424115126671e+01
3.185000000000000142e+01,0.000000000000000000e+00,1.070509545092155612e+01,2.894215631890746110e+01,-0.000000000000000000e+00,1.451532469035962114e+00,3.005658666742790697e+00,1.258808680518764334e+01
3.190000000000000213e+01,0.000000000000000000e+00,1.063275796404078122e+01,2.879226509073410512e+01,-0.000000000000000000e+00,1.441977543071484069e+00,2.990005125823031129e+00,1.251444525470391689e+01
3.195000000000000284e+01,0.000000000000000000e+00,1.056089664642273718e+01,2.864315434409525096e+01,-0.000000000000000000e+00,1.432485628701037683e+00,2.974439318805621291e+00,1.244123690923518133e+01
3.200000000000000000e+01,0.000000000000000000e+00,1.048950835793827885e+01,2.849481970525259555e+01,-0.000000000000000000e+00,1.423056308367584233e+00,2.958960727955454395e+00,1.236845910528228742e+01
3.205000000000000426e+01,0.000000000000000000e+00,1.041858997926651220e+01,2.834725682627403387e+01,-0.000000000000000000e+00,1.413689167293658011e+00,2.943568838751373651e+00,1.229610919620176546e+01
3.210000000000000142e+01,0.000000000000000000e+00,1.034813841175638238e+01,2.820046138487388276e+01,-0.000000000000000000e+00,1.404383793462826491e+00,2.928263139865630471e+00,1.222418455209666277e+01
3.214999999999999858e+01,0.000000000000000000e+00,1.027815057728893322e+01,2.805442908425320780e+01,-0.000000000000000000e+00,1.395139777601243303e+00,2.913043123143372881e+00,1.215268255970776856e+01
3.220000000000000284e+01,0.000000000000000000e+00,1.020862341814076757e+01,2.790915565294191225e+01,-0.000000000000000000e+00,1.385956713159358200e+00,2.897908283582346645e+00,1.208160062230586185e+01
3.225000000000000000e+01,0.000000000000000000e+00,1.013955389684822705e+01,2.776463684464184212e+01,-0.000000000000000000e+00,1.376834196293729828e+00,2.882858119312722955e+00,1.201093615958457406e+01
3.230000000000000426e+01,0.000000000000000000e+00,1.007093899607252219e+01,2.762086843807014347e+01,-0.000000000000000000e+00,1.367771825848958844e+00,2.867892131576981640e+00,1.194068660755379696e+01
3.235000000000000142e+01,0.000000000000000000e+00,1.000277571846586611e+01,2.747784623680468741e+01,-0.000000000000000000e+00,1.358769203339758702e+00,2.853009824710034170e+00,1.187084941843410490e+01
3.239999999999999858e+01,0.000000000000000000e+00,9.935061086538313546e+00,2.733556606912958031e+01,-0.000000000000000000e+00,1.349825932933122807e+00,2.838210706119381754e+00,1.180142206055155185e+01
3.245000000000000284e+01,0.000000000000000000e+00,9.867792142525610544e+00,2.719402378788213781e+01,-0.000000000000000000e+00,1.340941621430624009e+00,2.823494286265450626e+00,1.173240201823334061e+01
3.250000000000000000e+01,0.000000000000000000e+00,9.800965948257976734e+00,2.705321527030086060e+01,-0.000000000000000000e+00,1.332115878250841101e+00,2.808860078642053448e+00,1.166378679170420440e+01
3.255000000000000426e+01,0.000000000000000000e+00,9.734579585029601745e+00,2.691313641787396804e+01,-0.000000000000000000e+00,1.323348315411877474e+00,2.794307599756941318e+00,1.159557389698329288e+01
3.260000000000000142e+01,0.000000000000000000e+00,9.668630153469194966e+00,2.677378315618949500e+01,-0.000000000000000000e+00,1.314638547514027422e+00,2.779836369112536065e+00,1.152776086578197123e+01
3.264999999999999858e+01,0.000000000000000000e+00,9.603114773411185467e+00,2.663515143478571545e+01,-0.000000000000000000e+00,1.305986191722522838e+00,2.765445909186726947e+00,1.146034524540202071e+01
3.270000000000000284e+01,0.000000000000000000e+00,9.538030583768019710e+00,2.649723722700322170e+01,-0.000000000000000000e+00,1.297390867750430443e+00,2.751135745413854750e+00,1.139332459863481617e+01
3.275000000000000000e+01,0.000000000000000000e+00,9.473374742403157356e+00,2.636003652983722034e+01,-0.000000000000000000e+00,1.288852197841643177e+00,2.736905406165758503e+00,1.132669650366088376e+01
3.280000000000000426e+01,0.000000000000000000e+00,9.409144426004896644e+00,2.622354536379131318e+01,-0.000000000000000000e+00,1.280369806753979933e+00,2.722754422732983404e+00,1.126045855395027573e+01
3.285000000000000142e+01,0.000000000000000000e+00,9.345336829961196301e+00,2.608775977273208113e+01,-0.000000000000000000e+00,1.271943321742422084e+00,2.708682329306110415e+00,1.119460835816361843e+01
3.289999999999999858e+01,0.000000000000000000e+00,9.281949168235161807e+00,2.595267582374433601e+01,-0.000000000000000000e+00,1.263572372542435485e+00,2.694688662957174241e+00,1.112914354005366491e+01
3.295000000000000284e+01,0.000000000000000000e+00,9.218978673241460697e+00,2.581828960698772235e+01,-0.000000000000000000e+00,1.255256591353421047e+00,2.680772963621240290e+00,1.106406173836766094e+01
3.300000000000000000e+01,0.000000000000000000e+00,9.156422595723540780e+00,2.568459723555390184e+01,-0.000000000000000000e+00,1.246995612822269672e+00,2.666934774078077108e+00,1.099936060675024585e+01
3.305000000000000426e+01,0.000000000000000000e+00,9.094278204631640605e+00,2.555159484532482139e+01,-0.000000000000000000e+00,1.238789074027023762e+00,2.653173639933955386e+00,1.093503781364702476e+01
3.310000000000000142e+01,0.000000000000000000e+00,9.032542787001691664e+00,2.541927859483184093e+01,-0.000000000000000000e+00,1.230636614460660860e+00,2.639489109603563755e+00,1.087109104220880695e+01
3.314999999999999858e+01,0.000000000000000000e+00,8.971213647834892058e+00,2.528764466511569964e+01,-0.000000000000000000e+00,1.222537876014963443e+00,2.625880734292039165e+00,1.080751799019637005e+01
3.320000000000000284e+01,0.000000000000000000e+00,8.910288109978255378e+00,2.515668925958754087e+01,-0.000000000000000000e+00,1.214492502964521936e+00,2.612348067977121158e+00,1.074431636988601291e+01
3.325000000000000000e+01,0.000000000000000000e+00,8.849763514005806186e+00,2.502640860389068322e+01,-0.000000000000000000e+00,1.206500141950825222e+00,2.598890667391415388e+00,1.068148390797557390e+01
3.330000000000000426e+01,0.000000000000000000e+00,8.789637218100644134e+00,2.489679894576327612e+01,-0.000000000000000000e+00,1.198560441966463719e+00,2.585508092004766834e+00,1.061901834549114199e+01
3.335000000000000142e+01,0.000000000000000000e+00,8.729906597937812762e+00,2.476785655490189697e+01,-0.000000000000000000e+00,1.190673054339443926e+00,2.572199904006760462e+00,1.055691743769438062e+01
3.339999999999999858e+01,0.000000000000000000e+00,8.670569046567894844e+00,2.463957772282608261e+01,-0.000000000000000000e+00,1.182837632717599341e+00,2.558965668289332474e+00,1.049517895399046807e+01
3.345000000000000284e+01,0.000000000000000000e+00,8.611621974301376881e+00,2.451195876274348251e+01,-0.000000000000000000e+00,1.175053833053103958e+00,2.545804952429473911e+00,1.043380067783655818e+01
3.350000000000000000e+01,0.000000000000000000e+00,8.553062808593876909e+00,2.438499600941622347e+01,-0.000000000000000000e+00,1.167321313587101228e+00,2.532717326672084823e+00,1.037278040665099432e+01
3.355000000000000426e+01,0.000000000000000000e+00,8.494888993932029564e+00,2.425868581902776455e+01,-0.000000000000000000e+00,1.159639734834423397e+00,2.519702363912899479e+00,1.031211595172295503e+01
3.360000000000000142e+01,0.000000000000000000e+00,8.437097991720230894e+00,2.413302456905093152e+01,-0.000000000000000000e+00,1.152008759568421636e+00,2.506759639681551466e+00,1.025180513812284744e+01
3.364999999999999858e+01,0.000000000000000000e+00,8.379687280168047536e+00,2.400800865811649487e+01,-0.000000000000000000e+00,1.144428052805889662e+00,2.493888732124730279e+00,1.019184580461314837e+01
3.370000000000000284e+01,0.000000000000000000e+00,8.322654354178391500e+00,2.388363450588285275e+01,-0.000000000000000000e+00,1.136897281792089487e+00,2.481089221989456473e+00,1.013223580355990805e+01
3.375000000000000000e+01,0.000000000000000000e+00,8.265996725236588460e+00,2.375989855290642438e+01,-0.000000000000000000e+00,1.129416115985891977e+00,2.468360692606470952e+00,1.007297300084490033e+01
3.380000000000000426e+01,0.000000000000000000e+00,8.209711921299936321e+00,2.363679726051278607e+01,-0.000000000000000000e+00,1.121984227044989346e+00,2.455702729873712631e+00,1.001405527577816557e+01
3.385000000000000142e+01,0.000000000000000000e+00,8.153797486688173279e+00,2.351432711066883030e+01,-0.000000000000000000e+00,1.114601288811227553e+00,2.443114922239921771e+00,9.955480521011294215e+00
3.389999999999999858e+01,0.000000000000000000e+00,8.098250981974697282e+00,2.339248460585550049e+01,-0.000000000000000000e+00,1.107266977296037513e+00,2.430596860688338356e+00,9.897246642451223764e+00
3.395000000000000284e+01,0.000000000000000000e+00,8.043069983878339713e+00,2.327126626894164474e+01,-0.000000000000000000e+00,1.099980970665941582e+00,2.418148138720517704e+00,9.839351559174581041e+00
3.400000000000000000e+01,0.000000000000000000e+00,7.988252085156079652e+00,2.315066864305837768e+01,-0.000000000000000000e+00,1.092742949228188598e+00,2.405768352340240224e+00,9.781793203342633802e+00
3.405000000000000426e+01,0.000000000000000000e+00,7.933794894496259076e+00,2.303068829147436247e+01,-0.000000000000000000e+00,1.085552595416451771e+00,2.393457100037523766e+00,9.724569520116720156e+00
3.410000000000000142e+01,0.000000000000000000e+00,7.879696036412727089e+00,2.291132179747200937e+01,-0.000000000000000000e+00,1.078409593776654685e+00,2.381213982772760751e+00,9.667678467574365442e+00
3.414999999999999858e+01,0.000000000000000000e+00,7.825953151139493080e+00,2.279256576422424985e+01,-0.000000000000000000e+00,1.071313630952863249e+00,2.369038603960927691e+00,9.611118016625809446e+00
3.420000000000000284e+01,0.000000000000000000e+00,7.772563894526192563e+00,2.267441681467216341e+01,-0.000000000000000000e+00,1.064264395673288233e+00,2.356930569455915947e+00,9.554886150931137578e+00
3.425000000000000000e+01,0.000000000000000000e+00,7.719525937934260007e+00,2.255687159140358133e+01,-0.000000000000000000e+00,1.057261578736382157e+00,2.344889487534972172e+00,9.498980866818024893e+00
3.430000000000000426e+01,0.000000000000000000e+00,7.666836968133726948e+00,2.243992675653213809e+01,-0.000000000000000000e+00,1.050304872997017913e+00,2.332914968883211593e+00,9.443400173199897552e+00
3.435000000000000142e+01,0.000000000000000000e+00,7.614494687200763501e+00,2.232357899157745962e+01,-0.000000000000000000e+00,1.043393973352771065e+00,2.321006626578270726e+00,9.388142091494746211e+00
3.439999999999999858e+01,0.000000000000000000e+00,7.562496812415873571e+00,2.220782499734563231e+01,-0.000000000000000000e+00,1.036528576730285200e+00,2.309164076075010286e+00,9.333204655544344419e+00
3.445000000000000284e+01,0.000000000000000000e+00,7.510841076162783736e+00,2.209266149381095445e+01,-0.000000000000000000e+00,1.029708382071735207e+00,2.297386935190365520e+00,9.278585911534129593e+00
3.450000000000000000e+01,0.000000000000000000e+00,7.459525225828013362e+00,2.197808521999817799e+01,-0.000000000000000000e+00,1.022933090321376692e+00,2.285674824088272494e+00,9.224283917913551178e+00
3.455000000000000426e+01,0.000000000000000000e+00,7.408547023701055778e+00,2.186409293386541819e+01,-0.000000000000000000e+00,1.016202404412182236e+00,2.274027365264682299e+00,9.170296745316882436e+00
3.460000000000000142e+01,0.000000000000000000e+00,7.357904246875384580e+00,2.175068141218810425e+01,-0.000000000000000000e+00,1.009516029252583325e+00,2.262444183532706266e+00,9.116622476484717907e+00
3.464999999999999858e+01,0.000000000000000000e+00,7.307594687149875590e+00,2.163784745044332780e+01,-0.000000000000000000e+00,1.002873671713273129e+00,2.250924906007814030e+00,9.063259206185769301e+00
3.470000000000000284e+01,0.000000000000000000e+00,7.257616150931127663e+00,2.152558786269509739e+01,-0.000000000000000000e+00,9.962750406141261950e-01,2.239469162093158161e+00,9.010205041139338178e+00
3.475000000000000000e+01,0.000000000000000000e+00,7.207966459136257775e+00,2.141389948148048461e+01,-0.000000000000000000e+00,9.897198467111818498e-01,2.228076583464992932e+00,8.957458099938250484e+00
3.480000000000000426e+01,0.000000000000000000e+00,7.158643447096480372e+00,2.130277915769614339e+01,-0.000000000000000000e+00,9.832078026837349771e-01,2.216746804058172149e+00,8.905016512972276033e+00
3.485000000000000142e+01,0.000000000000000000e+00,7.109644964461192984e+00,2.119222376048591272e+01,-0.000000000000000000e+00,9.767386231214935099e-01,2.205479460051760210e+00,8.852878422352073784e+00
3.489999999999999858e+01,0.000000000000000000e+00,7.060968875102838105e+00,2.108223017712871794e+01,-0.000000000000000000e+00,9.703120245118385112e-01,2.194274189854705792e+00,8.801041981833598982e+00
3.495000000000000284e+01,0.000000000000000000e+00,7.012613057022297980e+00,2.097279531292774735e+01,-0.000000000000000000e+00,9.639277252271583052e-01,2.183130634091659861e+00,8.749505356743085827e+00
3.500000000000000000e+01,0.000000000000000000e+00,6.964575402254984837e+00,2.086391609109975676e+01,-0.000000000000000000e+00,9.575854455122739806e-01,2.172048435588828319e+00,8.698266723902431607e+00
3.505000000000000426e+01,0.000000000000000000e+00,6.916853816777521757e+00,2.075558945266550737e+01,-0.000000000000000000e+00,9.512849074719443854e-01,2.161027239359962770e+00,8.647324271555138608e+00
3.510000000000000142e+01,0.000000000000000000e+00,6.869446220415031945e+00,2.064781235634059797e+01,-0.000000000000000000e+00,9.450258350584542777e-01,2.150066692592409012e+00,8.596676199292666354e+00
3.514999999999999858e+01,0.000000000000000000e+00,6.822350546749121669e+00,2.054058177842732036e+01,-0.000000000000000000e+00,9.388079540592924044e-01,2.139166444633278541e+00,8.546320717981391368e+00
3.520000000000000284e+01,0.000000000000000000e+00,6.775564743026365910e+00,2.043389471270678470e+01,-0.000000000000000000e+00,9.326309920849004120e-01,2.128326146975670685e+00,8.496256049689879575e+00
3.525000000000000000e+01,0.000000000000000000e+00,6.729086770067524093e+00,2.032774817033215342e+01,-0.000000000000000000e+00,9.264946785565167930e-01,2.117545453245024412e+00,8.446480427616799957e+00
3.530000000000000426e+01,0.000000000000000000e+00,6.682914602177269181e+00,2.022213917972224806e+01,-0.000000000000000000e+00,9.203987446940913308e-01,2.106824019185530972e+00,8.396992096019197049e+00
3.535000000000000142e+01,0.000000000000000000e+00,6.637046227054557157e+00,2.011706478645607987e+01,-0.000000000000000000e+00,9.143429235042853653e-01,2.096161502646652686e+00,8.347789310141298103e+00
3.539999999999999858e+01,0.000000000000000000e+00,6.591479645703590684e+00,2.001252205316771438e+01,-0.000000000000000000e+00,9.083269497685502181e-01,2.085557563569709671e+00,8.298870336143723492e+00
3.545000000000000284e+01,0.000000000000000000e+00,6.546212872345360090e+00,1.990850805944221946e+01,-0.000000000000000000e+00,9.023505600312859976e-01,2.075011863974575821e+00,8.250233451033235355e+00
3.550000000000000000e+01,0.000000000000000000e+00,6.501243934329862917e+00,1.980501990171195814e+01,-0.000000000000000000e+00,8.964134925880865579e-01,2.064524067946449826e+00,8.201876942592921438e+00
3.555000000000000426e+01,0.000000000000000000e+00,6.456570872048694731e+00,1.970205469315365931e+01,-0.000000000000000000e+00,8.905154874740404125e-01,2.054093841622708805e+00,8.153799109312762639e+00
3.560000000000000142e+01,0.000000000000000000e+00,6.412191738848542322e+00,1.959960956358612805e+01,-0.000000000000000000e+00,8.846562864521468894e-01,2.043720853179852082e+00,8.105998260320802729e+00
3.564999999999999858e+01,0.000000000000000000e+00,6.368104600944912264e+00,1.949768165936872677e+01,-0.000000000000000000e+00,8.788356330017680351e-01,2.033404772820543105e+00,8.058472715314637824e+00
3.570000000000000284e+01,0.000000000000000000e+00,6.324307537336700591e+00,1.939626814330019755e+01,-0.000000000000000000e+00,8.730532723071906531e-01,2.023145272760705105e+00,8.011220804493399683e+00
3.575000000000000000e+01,0.000000000000000000e+00,6.280798639721231424e+00,1.929536619451847912e+01,-0.000000000000000000e+00,8.673089512462521800e-01,2.012942027216731322e+00,7.964240868490235492e+00
3.580000000000000426e+01,0.000000000000000000e+00,6.237576012409777881e+00,1.919497300840095022e+01,-0.000000000000000000e+00,8.616024183790326196e-01,2.002794712392762300e+00,7.917531258305126940e+00
3.585000000000000142e+01,0.000000000000000000e+00,6.194637772243834384e+00,1.909508579646530535e+01,-0.000000000000000000e+00,8.559334239366431785e-01,1.992703006468045990e+00,7.871090335238243085e+00
3.589999999999999858e+01,0.000000000000000000e+00,6.151982048511769108e+00,1.899570178627121564e+01,-0.000000000000000000e+00,8.503017198100720764e-01,1.982666589584389794e+00,7.824916470823688464e+00
3.595000000000000284e+01,0.000000000000000000e+00,6.109606982866136349e+00,1.889681822132238409e+01,-0.000000000000000000e+00,8.447070595391115155e-01,1.972685143833680765e+00,7.779008046763664197e+00
3.600000000000000000e+01,0.000000000000000000e+00,6.067510729241541334e+00,1.879843236096953518e+01,-0.000000000000000000e+00,8.391491983013654732e-01,1.962758353245508847e+00,7.733363454863154018e+00
3.605000000000000426e+01,0.000000000000000000e+00,6.025691453772939354e+00,1.870054148031361407e+01,-0.000000000000000000e+00,8.336278929013116734e-01,1.952885903774835619e+00,7.687981096964873196e+00
3.610000000000000142e+01,0.000000000000000000e+00,5.984147334714660538e+00,1.860314287011001966e+01,-0.000000000000000000e+00,8.281429017594622577e-01,1.943067483289785846e+00,7.642859384884834739e+00
3.614999999999999858e+01,0.000000000000000000e+00,5.942876562359824533e+00,1.850623383667313249e+01,-0.000000000000000000e+00,8.226939849015753037e-01,1.933302781559481875e+00,7.597996740348195388e+00
3.620000000000000284e+01,0.000000000000000000e+00,5.901877338960316521e+00,1.840981170178156390e+01,-0.000000000000000000e+00,8.172809039479447257e-01,1.923591490241973956e+00,7.553391594925549235e+00
3.625000000000000000e+01,0.000000000000000000e+00,5.861147878647423148e+00,1.831387380258414765e+01,-0.000000000000000000e+00,8.119034221027752185e-01,1.913933302872262265e+00,7.509042389969748044e+00
3.630000000000000426e+01,0.000000000000000000e+00,5.820686407352801517e+00,1.821841749150622647e+01,-0.000000000000000000e+00,8.065613041436034969e-01,1.904327914850364900e+00,7.464947576552956932e+00
3.635000000000000142e+01,0.000000000000000000e+00,5.780491162730152510e+00,1.812344013615678051e+01,-0.000000000000000000e+00,8.012543164108147931e-01,1.894775023429490890e+00,7.421105615404271383e+00
3.639999999999999858e+01,0.000000000000000000e+00,5.740560394077264483e+00,1.802893911923605685e+01,-0.000000000000000000e+00,7.959822267972069820e-01,1.885274327704276498e+00,7.377514976847646011e+00
3.645000000000000284e+01,0.000000000000000000e+00,5.700892362258713320e+00,1.793491183844370340e+01,-0.000000000000000000e+00,7.907448047376445244e-01,1.875825528599100345e+00,7.334174140740282510e+00
3.650000000000000000e+01,0.000000000000000000e+00,5.661485339629004798e+00,1.784135570638776969e+01,-0.000000000000000000e+00,7.855418211987703625e-01,1.866428328856489571e+00,7.291081596411444821e+00
3.655000000000000426e+01,0.000000000000000000e+00,5.622337609956193916e+00,1.774826815049384976e+01,-0.000000000000000000e+00,7.803730486687833201e-01,1.857082433025567525e+00,7.248235842601559398e+00
3.660000000000000142e+01,0.000000000000000000e+00,5.583447468346149911e+00,1.765564661291526249e+01,-0.000000000000000000e+00,7.752382611473003227e-01,1.847787547450622236e+00,7.205635387401891023e+00
3.664999999999999858e+01,0.000000000000000000e+00,5.544813221167137485e+00,1.756348855044337753e+01,-0.000000000000000000e+00,7.701372341352621387e-01,1.838543380259701765e+00,7.163278748194413126e+00
3.670000000000000284e+01,0.000000000000000000e+00,5.506433185975082800e+00,1.747179143441885429e+01,-0.000000000000000000e+00,7.650697446249307143e-01,1.829349641353324785e+00,7.121164451592255418e+00
3.675000000000000000e+01,0.000000000000000000e+00,5.468305691439207195e+00,1.738055275064325400e+01,-0.000000000000000000e+00,7.600355710899361350e-01,1.820206042393236912e+00,7.079291033380417097e+00
3.680000000000000426e+01,0.000000000000000000e+00,5.430429077268224880e+00,1.728976999929120240e+01,-0.000000000000000000e+00,7.550344934753983051e-01,1.811112296791254739e+00,7.037657038456913483e+00
3.685000000000000142e+01,0.000000000000000000e+00,5.392801694137021151e+00,1.719944069482327720e+01,-0.000000000000000000e+00,7.500662931881140194e-01,1.802068119698180704e+00,6.996261020774330319e+00
3.689999999999999858e+01,0.000000000000000000e+00,5.355421903613787116e+00,1.710956236589921531e+01,-0.000000000000000000e+00,7.451307530868049867e-01,1.793073227992779461e+00,6.955101543281697829e+00
3.695000000000000284e+01,0.000000000000000000e+00,5.318288078087684667e+00,1.702013255529189450e+01,-0.000000000000000000e+00,7.402276574724362401e-01,1.784127340270847073e+00,6.914177177866815960e+00
3.700000000000000000e+01,0.000000000000000000e+00,5.281398600696986634e+00,1.693114881980164910e+01,-0.000000000000000000e+00,7.353567920785992751e-01,1.775230176834326823e+00,6.873486505298905591e+00
3.705000000000000426e+01,0.000000000000000000e+00,5.244751865257653911e+00,1.684260873017132809e+01,-0.000000000000000000e+00,7.305179440619535836e-01,1.766381459680517185e+00,6.833028115171659422e+00
3.710000000000000142e+01,0.000000000000000000e+00,5.208346276192449942e+00,1.675450987100178679e+01,-0.000000000000000000e+00,7.257109019927402427e-01,1.757580912491340630e+00,6.792800605846672113e+00
3.714999999999999858e+01,0.000000000000000000e+00,5.172180248460460206e+00,1.666684984066779052e+01,-0.000000000000000000e+00,7.209354558453486828e-01,1.748828260622673936e+00,6.752802584397177732e+00
3.720000000000000284e+01,0.000000000000000000e+00,5.136252207487171262e+00,1.657962625123476741e+01,-0.000000000000000000e+00,7.161913969889595055e-01,1.740123231093767764e+00,6.713032666552277483e+00
3.725000000000000000e+01,0.000000000000000000e+00,5.100560589094899733e+00,1.649283672837578862e+01,-0.000000000000000000e+00,7.114785181782361523e-01,1.731465552576721079e+00,6.673489476641396578e+00
3.730000000000000426e+01,0.000000000000000000e+00,5.065103839433826138e+00,1.640647891128923064e+01,-0.000000000000000000e+00,7.067966135440928444e-01,1.722854955386026399e+00,6.634171647539220729e+00
3.735000000000000142e+01,0.000000000000000000e+00,5.029880414913336040e+00,1.632055045261687098e+01,-0.000000000000000000e+00,7.021454785845085977e-01,1.714291171468184771e+00,6.595077820610885766e+00
3.739999999999999858e+01,0.000000000000000000e+00,4.994888782133955374e+00,1.623504901836262704e+01,-0.000000000000000000e+00,6.975249101554182873e-01,1.705773934391392022e+00,6.556206645657634446e+00
3.745000000000000284e+01,0.000000000000000000e+00,4.960127417819614415e+00,1.614997228781162519e+01,-0.000000000000000000e+00,6.929347064616484531e-01,1.697302979335282291e+00,6.517556780862713950e+00
3.750000000000000000e+01,0.000000000000000000e+00,4.925594808750522802e+00,1.606531795344995217e+01,-0.000000000000000000e+00,6.883746670479342633e-01,1.688878043080750402e+00,6.479126892737749444e+00
3.755000000000000426e+01,0.000000000000000000e+00,4.891289451696296808e+00,1.598108372088486284e+01,-0.000000000000000000e+00,6.838445927899725607e-01,1.680498863999833059e+00,6.440915656069364559e+00
3.760000000000000142e+01,0.000000000000000000e+00,4.857209853349695905e+00,1.589726730876538419e+01,-0.000000000000000000e+00,6.793442858855542887e-01,1.672165182045656451e+00,6.402921753866193555e+00
3.764999999999999858e+01,0.000000000000000000e+00,4.823354530260727913e+00,1.581386644870364222e+01,-0.000000000000000000e+00,6.748735498457466564e-01,1.663876738742455785e+00,6.365143877306274511e+00
3.770000000000000284e+01,0.000000000000000000e+00,4.789722008771171602e+00,1.573087888519641275e+01,-0.000000000000000000e+00,6.704321894861325903e-01,1.655633277175646789e+00,6.327580725684688545e+00
3.775000000000000000e+01,0.000000000000000000e+00,4.756310824949629534e+00,1.564830237554739156e+01,-0.000000000000000000e+00,6.660200109181204642e-01,1.647434541981978473e+00,6.290231006361662658e+00
3.780000000000000426e+01,0.000000000000000000e+00,4.723119524526897095e+00,1.556613468978986070e+01,-0.000000000000000000e+00,6.616368215402960162e-01,1.639280279339734969e+00,6.253093434710914167e+00
3.785000000000000142e+01,0.000000000000000000e+00,4.690146662831845781e+00,1.548437361060988771e+01,-0.000000000000000000e+00,6.572824300298433231e-01,1.631170236959018194e+00,6.216166734068394817e+00
3.789999999999999858e+01,0.000000000000000000e+00,4.657390804727704392e+00,1.540301693326990673e+01,-0.000000000000000000e+00,6.529566463340196192e-01,1.623104164072072031e+00,6.179449635681328878e+00
3.795000000000000284e+01,0.000000000000000000e+00,4.624850524548749675e+00,1.532206246553288054e+01,-0.000000000000000000e+00,6.486592816616848500e-01,1.615081811423688229e+00,6.142940878657594972e+00
3.800000000000000000e+01,0.000000000000000000e+00,4.592524406037472140e+00,1.524150802758694212e+01,-0.000000000000000000e+00,6.443901484748945085e-01,1.607102931261668921e+00,6.106639209915471156e+00
3.805000000000000426e+01,0.000000000000000000e+00,4.560411042282077609e+00,1.516135145197040757e+01,-0.000000000000000000e+00,6.401490604805375462e-01,1.599167277327343317e+00,6.070543384133641140e+00
3.810000000000000142e+01,0.000000000000000000e+00,4.528509035654503023e+00,1.508159058349746573e+01,-0.000000000000000000e+00,6.359358326220447832e-01,1.591274604846168117e+00,6.034652163701617944e+00
3.814999999999999858e+01,0.000000000000000000e+00,4.496816997748759981e+00,1.500222327918405263e+01,-0.000000000000000000e+00,6.317502810711382866e-01,1.583424670518356114e+00,5.998964318670393148e+00
3.820000000000000284e+01,0.000000000000000000e+00,4.465333549319734807e+00,1.492324740817445416e+01,-0.000000000000000000e+00,6.275922232196445849e-01,1.575617232509599619e+00,5.963478626703480501e+00
3.825000000000000000e+01,0.000000000000000000e+00,4.434057320222412280e+00,1.484466085166821792e+01,-0.000000000000000000e+00,6.234614776713637285e-01,1.567852050441831624e+00,5.928193873028260619e+00
3.830000000000000426e+01,0.000000000000000000e+00,4.402986949351418211e+00,1.476646150284755343e+01,-0.000000000000000000e+00,6.193578642339816476e-01,1.560128885384054476e+00,5.893108850387597464e+00
3.835000000000000142e+01,0.000000000000000000e+00,4.372121084581092276e+00,1.468864726680532584e+01,-0.000000000000000000e+00,6.152812039110522324e-01,1.552447499843238932e+00,5.858222358991877599e+00
3.840000000000000568e+01,0.000000000000000000e+00,4.341458382705863706e+00,1.461121606047315424e+01,-0.000000000000000000e+00,6.112313188940210473e-01,1.544807657755252528e+00,5.823533206471219970e+00
3.845000000000000284e+01,0.000000000000000000e+00,4.310997509381059523e+00,1.453416581255044093e+01,-0.000000000000000000e+00,6.072080325543079971e-01,1.537209124475889199e+00,5.789040207828140439e+00
3.850000000000000000e+01,0.000000000000000000e+00,4.280737139064068053e+00,1.445749446343341837e+01,-0.000000000000000000e+00,6.032111694354358455e-01,1.529651666771917329e+00,5.754742185390388620e+00
3.855000000000000426e+01,0.000000000000000000e+00,4.250675954956006031e+00,1.438119996514493693e+01,-0.000000000000000000e+00,5.992405552452265693e-01,1.522135052812217504e+00,5.720637968764236803e+00
3.860000000000000142e+01,0.000000000000000000e+00,4.220812648943638834e+00,1.430528028126453499e+01,-0.000000000000000000e+00,5.952960168480330161e-01,1.514659052158957797e+00,5.686726394787953609e+00
3.865000000000000568e+01,0.000000000000000000e+00,4.191145921541732378e+00,1.422973338685891953e+01,-0.000000000000000000e+00,5.913773822570271843e-01,1.507223435758827668e+00,5.653006307485595627e+00
3.870000000000000284e+01,0.000000000000000000e+00,4.161674481835888173e+00,1.415455726841313933e+01,-0.000000000000000000e+00,5.874844806265536734e-01,1.499827975934351354e+00,5.619476558021228918e+00
3.875000000000000000e+01,0.000000000000000000e+00,4.132397047425570236e+00,1.407974992376182577e+01,-0.000000000000000000e+00,5.836171422445090018e-01,1.492472446375224360e+00,5.586136004653241116e+00
3.880000000000000426e+01,0.000000000000000000e+00,4.103312344367683551e+00,1.400530936202113885e+01,-0.000000000000000000e+00,5.797751985247945328e-01,1.485156622129732096e+00,5.552983512689126044e+00
3.885000000000000142e+01,0.000000000000000000e+00,4.074419107120454520e+00,1.393123360352105777e+01,-0.000000000000000000e+00,5.759584819998100347e-01,1.477880279596215596e+00,5.520017954440492147e+00
3.890000000000000568e+01,0.000000000000000000e+00,4.045716078487681777e+00,1.385752067973805879e+01,-0.000000000000000000e+00,5.721668263129972010e-01,1.470643196514591411e+00,5.487238209178356030e+00
3.895000000000000284e+01,0.000000000000000000e+00,4.017202009563349385e+00,1.378416863322825492e+01,-0.000000000000000000e+00,5.684000662114319091e-01,1.463445151957927237e+00,5.454643163088737978e+00
3.900000000000000000e+01,0.000000000000000000e+00,3.988875659676665908e+00,1.371117551756094954e+01,-0.000000000000000000e+00,5.646580375384727679e-01,1.456285926324075941e+00,5.422231709228570118e+00
3.905000000000000426e+01,0.000000000000000000e+00,3.960735796337423231e+00,1.363853939725262521e+01,-0.000000000000000000e+00,5.609405772264528522e-01,1.449165301327361766e+00,5.390002747481867473e+00
3.910000000000000142e+01,0.000000000000000000e+00,3.932781195181701328e+00,1.356625834770127881e+01,-0.000000000000000000e+00,5.572475232894186226e-01,1.442083059990319382e+00,5.357955184516169922e+00
3.915000000000000568e+01,0.000000000000000000e+00,3.905010639918014004e+00,1.349433045512126306e+01,-0.000000000000000000e+00,5.535787148159267979e-01,1.435038986635489566e+00,5.326087933739322544e+00
3.920000000000000284e+01,0.000000000000000000e+00,3.877422922273704664e+00,1.342275381647849919e+01,-0.000000000000000000e+00,5.499339919618762007e-01,1.428032866877268825e+00,5.294399915256477129e+00
3.925000000000000000e+01,0.000000000000000000e+00,3.850016841941816814e+00,1.335152653942600764e+01,-0.000000000000000000e+00,5.463131959434012197e-01,1.421064487613804550e+00,5.262890055827410762e+00
3.930000000000000426e+01,0.000000000000000000e+00,3.822791206528196373e+00,1.328064674224001607e+01,-0.000000000000000000e+00,5.427161690297981345e-01,1.414133637018955891e+00,5.231557288824101981e+00
3.935000000000000142e+01,0.000000000000000000e+00,3.795744831499074046e+00,1.321011255375630711e+01,-0.000000000000000000e+00,5.391427545365153895e-01,1.407240104534293712e+00,5.200400554188613356e+00
3.940000000000000568e+01,0.000000000000000000e+00,3.768876540128872854e+00,1.313992211330707960e+01,-0.000000000000000000e+00,5.355927968181738441e-01,1.400383680861165825e+00,5.169418798391205883e+00
3.945000000000000284e+01,0.000000000000000000e+00,3.742185163448464191e+00,1.307007357065813835e+01,-0.000000000000000000e+00,5.320661412616468633e-01,1.393564157952802640e+00,5.138610974388766905e+00
3.950000000000000000e+01,0.000000000000000000e+00,3.715669540193706766e+00,1.300056508594646942e+01,-0.000000000000000000e+00,5.285626342791794885e-01,1.386781329006478103e+00,5.107976041583470739e+00
3.955000000000000426e+01,0.000000000000000000e+00,3.689328516754359022e+00,1.293139482961823994e+01,-0.000000000000000000e+00,5.250821233015554590e-01,1.380034988455721479e+00,5.077512965781739496e+00
3.960000000000000142e+01,0.000000000000000000e+00,3.663160947123319300e+00,1.286256098236727397e+01,-0.000000000000000000e+00,5.216244567713115288e-01,1.373324931962590867e+00,5.047220719153478363e+00
3.965000000000000568e+01,0.000000000000000000e+00,3.637165692846200393e+00,1.279406173507365807e+01,-0.000000000000000000e+00,5.181894841359930837e-01,1.366650956409972917e+00,5.017098280191515158e+00
3.970000000000000284e+01,0.000000000000000000e+00,3.611341622971257159e+00,1.272589528874300235e+01,-0.000000000000000000e+00,5.147770558414600517e-01,1.360012859893954040e+00,4.987144633671379168e+00
3.975000000000000000e+01,0.000000000000000000e+00,3.585687613999631651e+00,1.265805985444595549e+01,-0.000000000000000000e+00,5.113870233252333364e-01,1.353410441716235812e+00,4.957358770611304699e+00
3.980000000000000426e+01,0.000000000000000000e+00,3.560202549835928654e+00,1.259055365325806619e+01,-0.000000000000000000e+00,5.080192390098863253e-01,1.346843502376592117e+00,4.927739688232480653e+00
3.985000000000000142e+01,0.000000000000000000e+00,3.534885321739151820e+00,1.252337491620015086e+01,-0.000000000000000000e+00,5.046735562964851374e-01,1.340311843565390459e+00,4.898286389919613626e+00
3.990000000000000568e+01,0.000000000000000000e+00,3.509734828273896934e+00,1.245652188417882122e+01,-0.000000000000000000e+00,5.013498295580631758e-01,1.333815268156138378e+00,4.868997885181653551e+00
3.995000000000000284e+01,0.000000000000000000e+00,3.484749975261986599e+00,1.238999280792765134e+01,-0.000000000000000000e+00,4.980479141331534132e-01,1.327353580198109784e+00,4.839873189612905691e+00
4.000000000000000000e+01,0.000000000000000000e+00,3.459929675734263910e+00,1.232378594794851168e+01,-0.000000000000000000e+00,4.947676663193454338e-01,1.320926584908993062e+00,4.810911324854259874e+00
4.005000000000000426e+01,0.000000000000000000e+00,3.435272849882882618e+00,1.225789957445326017e+01,-0.000000000000000000e+00,4.915089433669045382e-01,1.314534088667592249e+00,4.782111318554756352e+00
4.010000000000000142e+01,0.000000000000000000e+00,3.410778425013794912e+00,1.219233196730605506e+01,-0.000000000000000000e+00,4.882716034724214338e-01,1.308175899006595699e+00,4.753472204333411000e+00
4.015000000000000568e+01,0.000000000000000000e+00,3.386445335499582932e+00,1.212708141596556999e+01,-0.000000000000000000e+00,4.850555057725053909e-01,1.301851824605353203e+00,4.724993021741184407e+00
4.020000000000000284e+01,0.000000000000000000e+00,3.362272522732642432e+00,1.206214621942816834e+01,-0.000000000000000000e+00,4.818605103375258047e-01,1.295561675282751679e+00,4.696672816223363078e+00
4.025000000000000000e+01,0.000000000000000000e+00,3.338258935078637357e+00,1.199752468617077561e+01,-0.000000000000000000e+00,4.786864781653897838e-01,1.289305261990078666e+00,4.668510639082012581e+00
4.030000000000000426e+01,0.000000000000000000e+00,3.314403527830247054e+00,1.193321513409466128e+01,-0.000000000000000000e+00,4.755332711753589847e-01,1.283082396803983061e+00,4.640505547438788625e+00
4.035000000000000142e+01,0.000000000000000000e+00,3.290705263161324279e+00,1.186921589046929348e+01,-0.000000000000000000e+00,4.724007522019218475e-01,1.276892892919456735e+00,4.612656604197985288e+00
4.040000000000000568e+01,0.000000000000000000e+00,3.267163110081217070e+00,1.180552529187652588e+01,-0.000000000000000000e+00,4.692887849886865914e-01,1.270736564642858557e+00,4.584962878009740450e+00
4.045000000000000284e+01,0.000000000000000000e+00,3.243776044389507174e+00,1.174214168415530857e+01,-0.000000000000000000e+00,4.661972341823322763e-01,1.264613227385001260e+00,4.557423443233580507e+00
4.050000000000000000e+01,0.000000000000000000e+00,3.220543048630971406e+00,1.167906342234652328e+01,-0.000000000000000000e+00,4.631259653265871745e-01,1.258522697654263389e+00,4.530037379902116967e+00
4.055000000000000426e+01,0.000000000000000000e+00,3.197463112050915157e+00,1.161628887063837823e+01,-0.000000000000000000e+00,4.600748448562594906e-01,1.252464793049764546e+00,4.502803773685052136e+00
4.060000000000000142e+01,0.000000000000000000e+00,3.174535230550748377e+00,1.155381640231199292e+01,-0.000000000000000000e+00,4.570437400912986114e-01,1.246439332254572152e+00,4.475721715853372196e+00
4.065000000000000568e+01,0.000000000000000000e+00,3.151758406643861310e+00,1.149164439968735252e+01,-0.000000000000000000e+00,4.540325192308978242e-01,1.240446135028956398e+00,4.448790303243768562e+00
4.070000000000000284e+01,0.000000000000000000e+00,3.129131649411853733e+00,1.142977125406967787e+01,-0.000000000000000000e+00,4.510410513476436623e-01,1.234485022203693383e+00,4.422008638223346111e+00
4.075000000000000000e+01,0.000000000000000000e+00,3.106653974460954704e+00,1.136819536569598377e+01,-0.000000000000000000e+00,4.480692063816916759e-01,1.228555815673402218e+00,4.395375828654473516e+00
4.080000000000000426e+01,0.000000000000000000e+00,3.084324403878837551e+00,1.130691514368213291e+01,-0.000000000000000000e+00,4.451168551349941049e-01,1.222658338389935206e+00,4.368890987859952446e+00
4.085000000000000142e+01,0.000000000000000000e+00,3.062141966191639586e+00,1.124592900597007983e+01,-0.000000000000000000e+00,4.421838692655558067e-01,1.216792414355806873e+00,4.342553234588339528e+00
4.090000000000000568e+01,0.000000000000000000e+00,3.040105696321320217e+00,1.118523537927553058e+01,-0.000000000000000000e+00,4.392701212817350931e-01,1.210957868617662525e+00,4.316361692979542752e+00
4.095000000000000284e+01,0.000000000000000000e+00,3.018214635543288171e+00,1.112483269903589544e+01,-0.000000000000000000e+00,4.363754845365814816e-01,1.205154527259797215e+00,4.290315492530617725e+00
4.100000000000000000e+01,0.000000000000000000e+00,2.996467831444281860e+00,1.106471940935852949e+01,-0.000000000000000000e+00,4.334998332222062545e-01,1.199382217397705341e+00,4.264413768061773524e+00
4.105000000000000426e+01,0.000000000000000000e+00,2.974864337880588128e+00,1.100489396296941180e+01,-0.000000000000000000e+00,4.306430423641987026e-01,1.193640767171687767e+00,4.238655659682646792e+00
4.110000000000000142e+01,0.000000000000000000e+00,2.953403214936488386e+00,1.094535482116200242e+01,-0.000000000000000000e+00,4.278049878160736785e-01,1.187930005740486461e+00,4.213040312758744577e+00
4.115000000000000568e+01,0.000000000000000000e+00,2.932083528883004053e+00,1.088610045374649538e+01,-0.000000000000000000e+00,4.249855462537583950e-01,1.182249763274966448e+00,4.187566877878126093e+00
4.120000000000000284e+01,0.000000000000000000e+00,2.910904352136916007e+00,1.082712933899935770e+01,-0.000000000000000000e+00,4.221845951701163613e-01,1.176599870951837268e+00,4.162234510818297650e+00
4.125000000000000000e+01,0.000000000000000000e+00,2.889864763220056254e+00,1.076843996361323263e+01,-0.000000000000000000e+00,4.194020128695076788e-01,1.170980160947419968e+00,4.137042372513336730e+00
4.130000000000000426e+01,0.000000000000000000e+00,2.868963846718853183e+00,1.071003082264702755e+01,-0.000000000000000000e+00,4.166376784623826990e-01,1.165390466431444061e+00,4.111989629021183035e+00
4.135000000000000142e+01,0.000000000000000000e+00,2.848200693244179682e+00,1.065190041947653476e+01,-0.000000000000000000e+00,4.138914718599183140e-01,1.159830621560900443e+00,4.087075451491223532e+00
4.140000000000000568e+01,0.000000000000000000e+00,2.827574399391444615e+00,1.059404726574508260e+01,-0.000000000000000000e+00,4.111632737686846673e-01,1.154300461473917849e+00,4.062299016131992957e+00
4.145000000000000284e+01,0.000000000000000000e+00,2.807084067700950314e+00,1.053646988131472995e+01,-0.000000000000000000e+00,4.084529656853481683e-01,1.148799822283691485e+00,4.037659504179157643e+00
4.150000000000000000e+01,0.000000000000000000e+00,2.786728806618522292e+00,1.047916679421760300e+01,-0.000000000000000000e+00,4.057604298914117558e-01,1.143328541072441862e+00,4.013156101863661895e+00
4.155000000000000426e+01,0.000000000000000000e+00,2.766507730456396974e+00,1.042213654060761208e+01,-0.000000000000000000e+00,4.030855494479892442e-01,1.137886455885420256e+00,3.988788000380101728e+00
4.160000000000000142e+01,0.000000000000000000e+00,2.746419959354382989e+00,1.036537766471247224e+01,-0.000000000000000000e+00,4.004282081906159751e-01,1.132473405724949922e+00,3.964554395855309554e+00
4.165000000000000568e+01,0.000000000000000000e+00,2.726464619241245835e+00,1.030888871878598323e+01,-0.000000000000000000e+00,3.977882907240899435e-01,1.127089230544505938e+00,3.940454489317118725e+00
4.170000000000000284e+01,0.000000000000000000e+00,2.706640841796398522e+00,1.025266826306057233e+01,-0.000000000000000000e+00,3.951656824173537808e-01,1.121733771242829691e+00,3.916487486663342565e+00
4.175000000000000000e+01,0.000000000000000000e+00,2.686947764411802275e+00,1.019671486570026886e+01,-0.000000000000000000e+00,3.925602693984052149e-01,1.116406869658093104e+00,3.892652598630968352e+00
4.180000000000000426e+01,0.000000000000000000e+00,2.667384530154142563e+00,1.014102710275379415e+01,-0.000000000000000000e+00,3.899719385492432799e-01,1.111108368562085946e+00,3.868949040765519598e+00
4.185000000000000142e+01,0.000000000000000000e+00,2.647950287727280028e+00,1.008560355810809561e+01,-0.000000000000000000e+00,3.874005775008534380e-01,1.105838111654454892e+00,3.845376033390663917e+00
4.190000000000000568e+01,0.000000000000000000e+00,2.628644191434871935e+00,1.003044282344201399e+01,-0.000000000000000000e+00,3.848460746282134637e-01,1.100595943556964107e+00,3.821932801577939465e+00
4.195000000000000284e+01,0.000000000000000000e+00,2.609465401143366670e+00,9.975543498180432067e+00,-0.000000000000000000e+00,3.823083190453503977e-01,1.095381709807815351e+00,3.798618575116791352e+00
4.200000000000000000e+01,0.000000000000000000e+00,2.590413082245113241e+00,9.920904189448464194e+00,-0.000000000000000000e+00,3.797872006004130441e-01,1.090195256855975181e+00,3.775432588484672891e+00
4.205000000000000426e+01,0.000000000000000000e+00,2.571486405621802085e+00,9.866523512026141418e+00,-0.000000000000000000e+00,3.772826098707885989e-01,1.085036432055568545e+00,3.752374080817436397e+00
4.210000000000000142e+01,0.000000000000000000e+00,2.552684547608148335e+00,9.812400088303318668e+00,-0.000000000000000000e+00,3.747944381582513085e-01,1.079905083660293030e+00,3.729442295879903835e+00
4.215000000000000568e+01,0.000000000000000000e+00,2.534006689955735414e+00,9.758532548234722270e+00,-0.000000000000000000e+00,3.723225774841337210e-01,1.074801060817865306e+00,3.706636482036548053e+00
4.220000000000000284e+01,0.000000000000000000e+00,2.515452019797219663e+00,9.704919529295533920e+00,-0.000000000000000000e+00,3.698669205845456220e-01,1.069724213564521964e+00,3.683955892222493311e+00
4.225000000000000000e+01,0.000000000000000000e+00,2.497019729610663763e+00,9.651559676436958668e+00,-0.000000000000000000e+00,3.674273609056097900e-01,1.064674392819530580e+00,3.661399783914571771e+00
4.230000000000000426e+01,0.000000000000000000e+00,2.478709017184180574e+00,9.598451642042304499e+00,-0.000000000000000000e+00,3.650037925987408283e-01,1.059651450379760496e+00,3.638967419102666412e+00
4.235000000000000142e+01,0.000000000000000000e+00,2.460519085580778587e+00,9.545594085883235991e+00,-0.000000000000000000e+00,3.625961105159490883e-01,1.054655238914277149e+00,3.616658064261198291e+00
4.240000000000000568e+01,0.000000000000000000e+00,2.442449143103432974e+00,9.492985675076187846e+00,-0.000000000000000000e+00,3.602042102051767891e-01,1.049685611958963039e+00,3.594470990320763448e+00
4.245000000000000284e+01,0.000000000000000000e+00,2.424498403260451962e+00,9.440625084039348636e+00,-0.000000000000000000e+00,3.578279879056724400e-01,1.044742423911199314e+00,3.572405472640062918e+00
4.250000000000000000e+01,0.000000000000000000e+00,2.406666084730961330e+00,9.388510994449525526e+00,-0.000000000000000000e+00,3.554673405433813049e-01,1.039825530024550249e+00,3.550460790977862047e+00
4.255000000000000426e+01,0.000000000000000000e+00,2.388951411330733521e+00,9.336642095199591651e+00,-0.000000000000000000e+00,3.531221657263824421e-01,1.034934786403506779e+00,3.528636229465264673e+00
4.260000000000000142e+01,0.000000000000000000e+00,2.371353611978181508e+00,9.285017082356041840e+00,-0.000000000000000000e+00,3.507923617403476690e-01,1.030070049998253578e+00,3.506931076578100992e+00
4.265000000000000568e+01,0.000000000000000000e+00,2.353871920660576489e+00,9.233634659116791710e+00,-0.000000000000000000e+00,3.484778275440302275e-01,1.025231178599466553e+00,3.485344625109486394e+00
4.270000000000000284e+01,0.000000000000000000e+00,2.336505576400529804e+00,9.182493535769353343e+00,-0.000000000000000000e+00,3.461784627647893631e-01,1.020418030833155187e+00,3.463876172142603238e+00
4.275000000000000000e+01,0.000000000000000000e+00,2.319253823222653388e+00,9.131592429649128206e+00,-0.000000000000000000e+00,3.438941676941387193e-01,1.015630466155525546e+00,3.442525019023608746e+00
4.280000000000000426e+01,0.000000000000000000e+00,2.302115910120481335e+00,9.080930065098080206e+00,-0.000000000000000000e+00,3.416248432833288162e-01,1.010868344847888123e+00,3.421290471334760497e+00
4.285000000000000142e+01,0.000000000000000000e+00,2.285091091023577992e+00,9.030505173423605925e+00,-0.000000000000000000e+00,3.393703911389566175e-01,1.006131528011593668e+00,3.400171838867690255e+00
4.290000000000000568e+01,0.000000000000000000e+00,2.268178624764879636e+00,8.980316492857580712e+00,-0.000000000000000000e+00,3.371307135186041859e-01,1.001419877562992333e+00,3.379168435596834996e+00
4.295000000000000284e+01,0.000000000000000000e+00,2.251377775048267083e+00,8.930362768515845318e+00,-0.000000000000000000e+00,3.349057133265092578e-01,9.967332562284477726e-01,3.358279579653094871e+00
4.300000000000000000e+01,0.000000000000000000e+00,2.234687810416335907e+00,8.880642752357761793e+00,-0.000000000000000000e+00,3.326952941092626848e-01,9.920715275393620081e-01,3.337504593297608402e+00
4.305000000000000426e+01,0.000000000000000000e+00,2.218108004218368734e+00,8.831155203146069610e+00,-0.000000000000000000e+00,3.304993600515326313e-01,9.874345558272390466e-01,3.316842802895701769e+00
4.310000000000000142e+01,0.000000000000000000e+00,2.201637634578563318e+00,8.781898886407081051e+00,-0.000000000000000000e+00,3.283178159718221356e-01,9.828222062187912389e-01,3.296293538891052144e+00
4.315000000000000568e+01,0.000000000000000000e+00,2.185275984364430268e+00,8.732872574390958320e+00,-0.000000000000000000e+00,3.261505673182514831e-01,9.782343446310585167e-01,3.275856135779954492e+00
4.320000000000000284e+01,0.000000000000000000e+00,2.169022341155421696e+00,8.684075046032353029e+00,-0.000000000000000000e+00,3.239975201643691682e-01,9.736708377665729275e-01,3.255529932085798883e+00
4.325000000000000000e+01,0.000000000000000000e+00,2.152875997211763259e+00,8.635505086911283712e+00,-0.000000000000000000e+00,3.218585812049921113e-01,9.691315531085527013e-01,3.235314270333702780e+00
4.330000000000000426e+01,0.000000000000000000e+00,2.136836249443488267e+00,8.587161489214162557e+00,-0.000000000000000000e+00,3.197336577520718537e-01,9.646163589161198537e-01,3.215208497025284551e+00
4.335000000000000142e+01,0.000000000000000000e+00,2.120902399379703152e+00,8.539043051695168529e+00,-0.000000000000000000e+00,3.176226577305915622e-01,9.601251242195590896e-01,3.195211962613643486e+00
4.340000000000000568e+01,0.000000000000000000e+00,2.105073753138008819e+00,8.491148579637759042e+00,-0.000000000000000000e+00,3.155254896744851822e-01,9.556577188155959135e-01,3.175324021478444170e+00
4.345000000000000284e+01,0.000000000000000000e+00,2.089349621394184897e+00,8.443476884816508488e+00,-0.000000000000000000e+00,3.134420627225902867e-01,9.512140132627171507e-01,3.155544031901219348e+00
4.350000000000000000e+01,0.000000000000000000e+00,2.073729319352020095e+00,8.396026785459131503e+00,-0.000000000000000000e+00,3.113722866146217960e-01,9.467938788765141167e-01,3.135871356040793145e+00
4.355000000000000426e+01,0.000000000000000000e+00,2.058212166713375701e+00,8.348797106208687424e+00,-0.000000000000000000e+00,3.093160716871762306e-01,9.423971877250536533e-01,3.116305359908859707e+00
4.360000000000000142e+01,0.000000000000000000e+00,2.042797487648458699e+00,8.301786678086196858e+00,-0.000000000000000000e+00,3.072733288697641063e-01,9.380238126242932406e-01,3.096845413345778564e+00
4.365000000000000568e+01,0.000000000000000000e+00,2.027484610766248530e+00,8.254994338453174763e+00,-0.000000000000000000e+00,3.052439696808629255e-01,9.336736271334995507e-01,3.077490889996417955e+00
4.370000000000000284e+01,0.000000000000000000e+00,2.012272869085160565e+00,8.208418930974785255e+00,-0.000000000000000000e+00,3.032279062240026968e-01,9.293465055507307282e-01,3.058241167286276596e+00
4.375000000000000000e+01,0.000000000000000000e+00,1.997161600003891202e+00,8.162059305582843649e+00,-0.000000000000000000e+00,3.012250511838742706e-01,9.250423229083142296e-01,3.039095626397656513e+00
4.380000000000000426e+01,0.000000000000000000e+00,1.982150145272446151e+00,8.115914318439314101e+00,-0.000000000000000000e+00,2.992353178224636534e-01,9.207609549683786199e-01,3.020053652246051712e+00
4.385000000000000142e+01,0.000000000000000000e+00,1.967237850963393653e+00,8.069982831899908504e+00,-0.000000000000000000e+00,2.972586199752153546e-01,9.165022782184019112e-01,3.001114633456674063e+00
4.390000000000000568e+01,0.000000000000000000e+00,1.952424067443253808e+00,8.024263714477887888e+00,-0.000000000000000000e+00,2.952948720472153843e-01,9.122661698667885455e-01,2.982277962341099098e+00
4.395000000000000284e+01,0.000000000000000000e+00,1.937708149344145481e+00,7.978755840808232414e+00,-0.000000000000000000e+00,2.933439890094067803e-01,9.080525078384863447e-01,2.963543034874130733e+00
4.400000000000000000e+01,0.000000000000000000e+00,1.923089455535571091e+00,7.933458091611771401e+00,-0.000000000000000000e+00,2.914058863948256195e-01,9.038611707706109000e-01,2.944909250670728618e+00
4.405000000000000426e+01,0.000000000000000000e+00,1.908567349096393029e+00,7.888369353659805405e+00,-0.000000000000000000e+00,2.894804802948613975e-01,8.996920380081203650e-01,2.926376012963147755e+00
4.410000000000000142e+01,0.000000000000000000e+00,1.894141197287046108e+00,7.843488519738777143e+00,-0.000000000000000000e+00,2.875676873555492730e-01,8.955449895995046816e-01,2.907942728578217562e+00
4.415000000000000568e+01,0.000000000000000000e+00,1.879810371521848822e+00,7.798814488615207985e+00,-0.000000000000000000e+00,2.856674247738764660e-01,8.914199062925063366e-01,2.889608807914726185e+00
4.420000000000000284e+01,0.000000000000000000e+00,1.865574247341594161e+00,7.754346165000839619e+00,-0.000000000000000000e+00,2.837796102941246290e-01,8.873166695298686513e-01,2.871373664921006874e+00
4.425000000000000000e+01,0.000000000000000000e+00,1.851432204386240343e+00,7.710082459517975551e+00,-0.000000000000000000e+00,2.819041622042266493e-01,8.832351614451094957e-01,2.853236717072614059e+00
4.430000000000000426e+01,0.000000000000000000e+00,1.837383626367837586e+00,7.666022288665069517e+00,-0.000000000000000000e+00,2.800409993321549273e-01,8.791752648583263108e-01,2.835197385350186394e+00
4.435000000000000142e+01,0.000000000000000000e+00,1.823427901043618071e+00,7.622164574782512858e+00,-0.000000000000000000e+00,2.781900410423311376e-01,8.751368632720267771e-01,2.817255094217437250e+00
4.440000000000000568e+01,0.000000000000000000e+00,1.809564420189241130e+00,7.578508246018551553e+00,-0.000000000000000000e+00,2.763512072320574720e-01,8.711198408669796889e-01,2.799409271599258453e+00
4.445000000000000284e+01,0.000000000000000000e+00,1.795792579572266012e+00,7.535052236295582517e+00,-0.000000000000000000e+00,2.745244183279774153e-01,8.671240824981065742e-01,2.781659348860028746e+00
4.450000000000000000e+01,0.000000000000000000e+00,1.782111778925756562e+00,7.491795485276431243e+00,-0.000000000000000000e+00,2.727095952825551173e-01,8.631494736903827514e-01,2.764004760781986203e+00
4.455000000000000426e+01,0.000000000000000000e+00,1.768521421922073955e+00,7.448736938331042445e+00,-0.000000000000000000e+00,2.709066595705793556e-01,8.591959006347799077e-01,2.746444945543797367e+00
4.460000000000000142e+01,0.000000000000000000e+00,1.755020916146864840e+00,7.405875546503236428e+00,-0.000000000000000000e+00,2.691155331856942001e-01,8.552632501842248880e-01,2.728979344699241416e+00
4.465000000000000568e+01,0.000000000000000000e+00,1.741609673073186926e+00,7.363210266477719479e+00,-0.000000000000000000e+00,2.673361386369474957e-01,8.513514098495881255e-01,2.711607403156023111e+00
4.470000000000000284e+01,0.000000000000000000e+00,1.728287108035835518e+00,7.320740060547296757e+00,-0.000000000000000000e+00,2.655683989453668792e-01,8.474602677956994956e-01,2.694328569154742059e+00
4.475000000000000000e+01,0.000000000000000000e+00,1.715052640205819712e+00,7.278463896580250392e+00,-0.000000000000000000e+00,2.638122376405550029e-01,8.435897128373842646e-01,2.677142294247972565e+00
4.480000000000000426e+01,0.000000000000000000e+00,1.701905692565031991e+00,7.236380747987971596e+00,-0.000000000000000000e+00,2.620675787573121807e-01,8.397396344355319009e-01,2.660048033279508672e+00
4.485000000000000142e+01,0.000000000000000000e+00,1.688845691881062372e+00,7.194489593692726892e+00,-0.000000000000000000e+00,2.603343468322762977e-01,8.359099226931840931e-01,2.643045244363713131e+00
4.490000000000000568e+01,0.000000000000000000e+00,1.675872068682189076e+00,7.152789418095655272e+00,-0.000000000000000000e+00,2.586124669005882004e-01,8.321004683516497469e-01,2.626133388865008467e+00
4.495000000000000284e+01,0.000000000000000000e+00,1.662984257232545504e+00,7.111279211044962523e+00,-0.000000000000000000e+00,2.569018644925801231e-01,8.283111627866472926e-01,2.609311931377513272e+00
4.500000000000000000e+01,0.000000000000000000e+00,1.650181695507438873e+00,7.069957967804294086e+00,-0.000000000000000000e+00,2.552024656304838768e-01,8.245418980044684210e-01,2.592580339704793069e+00
4.505000000000000426e+01,0.000000000000000000e+00,1.637463825168822273e+00,7.028824689021269556e+00,-0.000000000000000000e+00,2.535141968251601319e-01,8.207925666381669094e-01,2.575938084839728415e+00
4.510000000000000142e+01,0.000000000000000000e+00,1.624830091540973909e+00,6.987878380696293412e+00,-0.000000000000000000e+00,2.518369850728558457e-01,8.170630619437749820e-01,2.559384640944560196e+00
4.515000000000000568e+01,0.000000000000000000e+00,1.612279943586279352e+00,6.947118054151446565e+00,-0.000000000000000000e+00,2.501707578519742348e-01,8.133532777965389871e-01,2.542919485331001539e+00
4.520000000000000284e+01,0.000000000000000000e+00,1.599812833881226082e+00,6.906542725999676335e+00,-0.000000000000000000e+00,2.485154431198747516e-01,8.096631086871859395e-01,2.526542098440532236e+00
4.525000000000000000e+01,0.000000000000000000e+00,1.587428218592522589e+00,6.866151418114061933e+00,-0.000000000000000000e+00,2.468709693096883262e-01,8.059924497182062719e-01,2.510251963824776666e+00
4.530000000000000426e+01,0.000000000000000000e+00,1.575125557453390446e+00,6.825943157597340161e+00,-0.000000000000000000e+00,2.452372653271568670e-01,8.023411966001656737e-01,2.494048568126030041e+00
4.535000000000000142e+01,0.000000000000000000e+00,1.562904313740019813e+00,6.785916976751612317e+00,-0.000000000000000000e+00,2.436142605474939382e-01,7.987092456480401337e-01,2.477931401057912986e+00
4.540000000000000568e+01,0.000000000000000000e+00,1.550763954248157939e+00,6.746071913048175439e+00,-0.000000000000000000e+00,2.420018848122636457e-01,7.950964937775710784e-01,2.461899955386122940e+00
4.545000000000000284e+01,0.000000000000000000e+00,1.538703949269891735e+00,6.706407009097613781e+00,-0.000000000000000000e+00,2.404000684262853904e-01,7.915028385016491530e-01,2.445953726909349424e+00
4.550000000000000000e+01,0.000000000000000000e+00,1.526723772570547588e+00,6.666921312619992435e+00,-0.000000000000000000e+00,2.388087421545543043e-01,7.879281779267147678e-01,2.430092214440271903e+00
4.555000000000000426e+01,0.000000000000000000e+00,1.514822901365749930e+00,6.627613876415304084e+00,-0.000000000000000000e+00,2.372278372191829188e-01,7.843724107491888420e-01,2.414314919786701097e+00
4.560000000000000142e+01,0.000000000000000000e+00,1.503000816298670994e+00,6.588483758334059637e+00,-0.000000000000000000e+00,2.356572852963685349e-01,7.808354362519220881e-01,2.398621347732850406e+00
4.565000000000000568e+01,0.000000000000000000e+00,1.491257001417364059e+00,6.549530021247996991e+00,-0.000000000000000000e+00,2.340970185133719739e-01,7.773171543006630602e-01,2.383011006020681499e+00
4.570000000000000284e+01,0.000000000000000000e+00,1.479590944152327614e+00,6.510751733021125531e+00,-0.000000000000000000e+00,2.325469694455266911e-01,7.738174653405629488e-01,2.367483405331445301e+00
4.575000000000000000e+01,0.000000000000000000e+00,1.468002135294134147e+00,6.472147966480729764e+00,-0.000000000000000000e+00,2.310070711132570509e-01,7.703362703926813770e-01,2.352038059267249626e+00
4.580000000000000426e+01,0.000000000000000000e+00,1.456490068971274310e+00,6.433717799388742442e+00,-0.000000000000000000e+00,2.294772569791252437e-01,7.668734710505364927e-01,2.336674484332822654e+00
4.585000000000000142e+01,0.000000000000000000e+00,1.445054242628131869e+00,6.395460314413184300e+00,-0.000000000000000000e+00,2.279574609448959399e-01,7.634289694766627221e-01,2.321392199917362120e+00
4.590000000000000568e+01,0.000000000000000000e+00,1.433694157003059022e+00,6.357374599099778756e+00,-0.000000000000000000e+00,2.264476173486138499e-01,7.600026683991940590e-01,2.306190728276474200e+00
4.595000000000000284e+01,0.000000000000000000e+00,1.422409316106686195e+00,6.319459745843798437e+00,-0.000000000000000000e+00,2.249476609617133693e-01,7.565944711084736651e-01,2.291069594514292707e+00
4.600000000000000000e+01,0.000000000000000000e+00,1.411199227200272466e+00,6.281714851861976534e+00,-0.000000000000000000e+00,2.234575269861332758e-01,7.532042814536764608e-01,2.276028326565630255e+00
4.605000000000000426e+01,0.000000000000000000e+00,1.400063400774292921e+00,6.244139019164725468e+00,-0.000000000000000000e+00,2.219771510514630952e-01,7.498320038394640230e-01,2.261066455178327939e+00
4.610000000000000142e+01,0.000000000000000000e+00,1.389001350527106604e+00,6.206731354528382205e+00,-0.000000000000000000e+00,2.205064692121004866e-01,7.464775432226506968e-01,2.246183513895648964e+00
4.615000000000000568e+01,0.000000000000000000e+00,1.378012593343786785e+00,6.169490969467706698e+00,-0.000000000000000000e+00,2.190454179444303595e-01,7.431408051088972400e-01,2.231379039038820178e+00
4.620000000000000284e+01,0.000000000000000000e+00,1.367096649275106435e+00,6.132416980208553525e+00,-0.000000000000000000e+00,2.175939341440244756e-01,7.398216955494262281e-01,2.216652569689691710e+00
4.625000000000000000e+01,0.000000000000000000e+00,1.356253041516628066e+00,6.095508507660603925e+00,-0.000000000000000000e+00,2.161519551228554548e-01,7.365201211377504498e-01,2.202003647673465014e+00
4.630000000000000426e+01,0.000000000000000000e+00,1.345481296387967873e+00,6.058764677390401587e+00,-0.000000000000000000e+00,2.147194186065339017e-01,7.332359890064338304e-01,2.187431817541584333e+00
4.635000000000000142e+01,0.000000000000000000e+00,1.334780943312177337e+00,6.022184619594444399e+00,-0.000000000000000000e+00,2.132962627315608539e-01,7.299692068238633480e-01,2.172936626554699657e+00
4.640000000000000568e+01,0.000000000000000000e+00,1.324151514795269380e+00,5.985767469072475144e+00,-0.000000000000000000e+00,2.118824260426008521e-01,7.267196827910459289e-01,2.158517624665753587e+00
4.645000000000000284e+01,0.000000000000000000e+00,1.313592546405874639e+00,5.949512365200967601e+00,-0.000000000000000000e+00,2.104778474897707474e-01,7.234873256384283247e-01,2.144174364503179220e+00
4.650000000000000000e+01,0.000000000000000000e+00,1.303103576755032300e+00,5.913418451906646389e+00,-0.000000000000000000e+00,2.090824664259476884e-01,7.202720446227255380e-01,2.129906401354177525e+00
4.655000000000000426e+01,0.000000000000000000e+00,1.292684147476133694e+00,5.877484877640362981e+00,-0.000000000000000000e+00,2.076962226040975079e-01,7.170737495237888837e-01,2.115713293148157703e+00
4.660000000000000142e+01,0.000000000000000000e+00,1.282333803204969147e+00,5.841710795350943286e+00,-0.000000000000000000e+00,2.063190561746161833e-01,7.138923506414768250e-01,2.101594600440220617e+00
4.665000000000000568e+01,0.000000000000000000e+00,1.272052091559930043e+00,5.806095362459276821e+00,-0.000000000000000000e+00,2.049509076826928899e-01,7.107277587925515672e-01,2.087549886394784338e+00
4.670000000000000284e+01,0.000000000000000000e+00,1.261838563122333001e+00,5.770637740832568419e+00,-0.000000000000000000e+00,2.035917180656890979e-01,7.075798853075986328e-01,2.073578716769308716e+00
4.675000000000000000e+01,0.000000000000000000e+00,1.251692771416878180e+00,5.735337096758720499e+00,-0.000000000000000000e+00,2.022414286505353764e-01,7.044486420279640893e-01,2.059680659898119437e+00
4.680000000000000426e+01,0.000000000000000000e+00,1.241614272892230808e+00,5.700192600920822805e+00,-0.000000000000000000e+00,2.008999811511452127e-01,7.013339413027034341e-01,2.045855286676321327e+00
4.685000000000000142e+01,0.000000000000000000e+00,1.231602626901742159e+00,5.665203428371914818e+00,-0.000000000000000000e+00,1.995673176658470382e-01,6.982356959855667844e-01,2.032102170543849784e+00
4.690000000000000568e+01,0.000000000000000000e+00,1.221657395684284886e+00,5.630368758509812110e+00,-0.000000000000000000e+00,1.982433806748317984e-01,6.951538194319898389e-01,2.018420887469595471e+00
4.695000000000000284e+01,0.000000000000000000e+00,1.211778144345237340e+00,5.595687775052032187e+00,-0.000000000000000000e+00,1.969281130376203948e-01,6.920882254961034930e-01,2.004811015935626717e+00
4.700000000000000000e+01,0.000000000000000000e+00,1.201964440837563597e+00,5.561159666011018743e+00,-0.000000000000000000e+00,1.956214579905441731e-01,6.890388285277727620e-01,1.991272136921536484e+00
4.705000000000000426e+01,0.000000000000000000e+00,1.192215855943042691e+00,5.526783623669353496e+00,-0.000000000000000000e+00,1.943233591442448671e-01,6.860055433696430338e-01,1.977803833888859719e+00
4.710000000000000142e+01,0.000000000000000000e+00,1.182531963253624196e+00,5.492558844555276210e+00,-0.000000000000000000e+00,1.930337604811919461e-01,6.829882853542175170e-01,1.964405692765631262e+00
4.715000000000000568e+01,0.000000000000000000e+00,1.172912339152878181e+00,5.458484529418176301e+00,-0.000000000000000000e+00,1.917526063532125624e-01,6.799869703009386868e-01,1.951077301930983054e+00
4.720000000000000284e+01,0.000000000000000000e+00,1.163356562797608129e+00,5.424559883204357114e+00,-0.000000000000000000e+00,1.904798414790428163e-01,6.770015145132989298e-01,1.937818252199893454e+00
4.725000000000000000e+01,0.000000000000000000e+00,1.153864216099557582e+00,5.390784115032936974e+00,-0.000000000000000000e+00,1.892154109418922314e-01,6.740318347759701734e-01,1.924628136808013146e+00
4.730000000000000426e+01,0.000000000000000000e+00,1.144434883707244666e+00,5.357156438171797319e+00,-0.000000000000000000e+00,1.879592601870249957e-01,6.710778483519415083e-01,1.911506551396571663e+00
4.735000000000000142e+01,0.000000000000000000e+00,1.135068152987933177e+00,5.323676070013808825e+00,-0.000000000000000000e+00,1.867113350193594923e-01,6.681394729796886756e-01,1.898453093997418684e+00
4.740000000000000568e+01,0.000000000000000000e+00,1.125763614009683389e+00,5.290342232053046878e+00,-0.000000000000000000e+00,1.854715816010784335e-01,6.652166268703466612e-01,1.885467365018103525e+00
4.745000000000000284e+01,0.000000000000000000e+00,1.116520859523579379e+00,5.257154149861299253e+00,-0.000000000000000000e+00,1.842399464492630035e-01,6.623092287049144877e-01,1.872548967227114503e+00
4.750000000000000000e+01,0.000000000000000000e+00,1.107339484946018304e+00,5.224111053064619092e+00,-0.000000000000000000e+00,1.830163764335347720e-01,6.594171976314697758e-01,1.859697505739164036e+00
4.755000000000000426e+01,0.000000000000000000e+00,1.098219088341154004e+00,5.191212175320002231e+00,-0.000000000000000000e+00,1.818008187737187031e-01,6.565404532623987377e-01,1.846912588000577671e+00
4.760000000000000142e+01,0.000000000000000000e+00,1.089159270403445845e+00,5.158456754292325641e+00,-0.000000000000000000e+00,1.805932210375199298e-01,6.536789156716547033e-01,1.834193823774804333e+00
4.765000000000000568e+01,0.000000000000000000e+00,1.080159634440309713e+00,5.125844031631242359e+00,-0.000000000000000000e+00,1.793935311382143238e-01,6.508325053920193115e-01,1.821540825127965446e+00
4.770000000000000284e+01,0.000000000000000000e+00,1.071219786354922210e+00,5.093373252948371288e+00,-0.000000000000000000e+00,1.782016973323597986e-01,6.480011434123936764e-01,1.808953206414553927e+00
4.775000000000000000e+01,0.000000000000000000e+00,1.062339334629081034e+00,5.061043667794548284e+00,-0.000000000000000000e+00,1.770176682175146343e-01,6.451847511751012121e-01,1.796430584263177588e+00
4.780000000000000426e+01,0.000000000000000000e+00,1.053517890306235438e+00,5.028854529637184712e+00,-0.000000000000000000e+00,1.758413927299791735e-01,6.423832505732046672e-01,1.783972577562413786e+00
4.785000000000000142e+01,0.000000000000000000e+00,1.044755066974599966e+00,4.996805095837862254e+00,-0.000000000000000000e+00,1.746728201425478688e-01,6.395965639478483622e-01,1.771578807446765547e+00
4.790000000000000568e+01,0.000000000000000000e+00,1.036050480750377867e+00,4.964894627629925949e+00,-0.000000000000000000e+00,1.735119000622769581e-01,6.368246140856086424e-01,1.759248897282670310e+00
4.795000000000000284e+01,0.000000000000000000e+00,1.027403750261117965e+00,4.933122390096341014e+00,-0.000000000000000000e+00,1.723585824282693746e-01,6.340673242158681999e-01,1.746982472654644347e+00
4.800000000000000000e+01,0.000000000000000000e+00,1.018814496629147914e+00,4.901487652147555885e+00,-0.000000000000000000e+00,1.712128175094697891e-01,6.313246180081990566e-01,1.734779161351462928e+00
4.805000000000000426e+01,0.000000000000000000e+00,1.010282343455153997e+00,4.869989686499605952e+00,-0.000000000000000000e+00,1.700745559024797737e-01,6.285964195697723023e-01,1.722638593352478598e+00
4.810000000000000142e+01,0.000000000000000000e+00,1.001806916801848191e+00,4.838627769652292798e+00,-0.000000000000000000e+00,1.689437485293843744e-01,6.258826534427760491e-01,1.710560400813997184e+00
4.815000000000000568e+01,0.000000000000000000e+00,9.933878451777388152e-01,4.807401181867466455e+00,-0.000000000000000000e+00,1.678203466355923101e-01,6.231832446018524818e-01,1.698544218055735966e+00
4.820000000000000284e+01,0.000000000000000000e+00,9.850247595210342988e-01,4.776309207147501290e+00,-0.000000000000000000e+00,1.667043017876943811e-01,6.204981184515513393e-01,1.686589681547392416e+00
4.825000000000000000e+01,0.000000000000000000e+00,9.767172931836205496e-01,4.745351133213838501e+00,-0.000000000000000000e+00,1.655955658713316736e-01,6.178272008237997159e-01,1.674696429895270011e+00
4.830000000000000426e+01,0.000000000000000000e+00,9.684650819151743306e-01,4.714526251485701813e+00,-0.000000000000000000e+00,1.644940910890815844e-01,6.151704179753875179e-01,1.662864103829012619e+00
4.835000000000000142e+01,0.000000000000000000e+00,9.602677638473606780e-01,4.683833857058892214e+00,-0.000000000000000000e+00,1.633998299583554470e-01,6.125276965854669076e-01,1.651092346188403504e+00
4.840000000000000568e+01,0.000000000000000000e+00,9.521249794781486697e-01,4.653273248684758556e+00,-0.000000000000000000e+00,1.623127353093121172e-01,6.098989637530728425e-01,1.639380801910264029e+00
4.845000000000000284e+01,0.000000000000000000e+00,9.440363716562263363e-01,4.622843728749250758e+00,-0.000000000000000000e+00,1.612327602827842710e-01,6.072841469946531623e-01,1.627729118015425858e+00
4.850000000000000000e+01,0.000000000000000000e+00,9.360015855655084982e-01,4.592544603252099122e+00,-0.000000000000000000e+00,1.601598583282177746e-01,6.046831742416172162e-01,1.616136943595779085e+00
4.855000000000000426e+01,0.000000000000000000e+00,9.280202687097731662e-01,4.562375181786158862e+00,-0.000000000000000000e+00,1.590939832016277367e-01,6.020959738379015880e-01,1.604603929801426299e+00
4.860000000000000142e+01,0.000000000000000000e+00,9.200920708973713280e-01,4.532334777516813240e+00,-0.000000000000000000e+00,1.580350889635647460e-01,5.995224745375471453e-01,1.593129729827889030e+00
4.865000000000000568e+01,0.000000000000000000e+00,9.122166442260569719e-01,4.502422707161541915e+00,-0.000000000000000000e+00,1.569831299770969857e-01,5.969626055022949629e-01,1.581713998903413909e+00
4.870000000000000284e+01,0.000000000000000000e+00,9.043936430679074823e-01,4.472638290969605634e+00,-0.000000000000000000e+00,1.559380609058044764e-01,5.944162962991962340e-01,1.570356394276355205e+00
4.875000000000000000e+01,0.000000000000000000e+00,8.966227240543535038e-01,4.442980852701812644e+00,-0.000000000000000000e+00,1.548998367117880859e-01,5.918834768982352834e-01,1.559056575202629968e+00
4.880000000000000426e+01,0.000000000000000000e+00,8.889035460612947359e-01,4.413449719610459177e+00,-0.000000000000000000e+00,1.538684126536898622e-01,5.893640776699717865e-01,1.547814202933262218e+00
4.885000000000000142e+01,0.000000000000000000e+00,8.812357701943293042e-01,4.384044222419341885e+00,-0.000000000000000000e+00,1.528437442847285499e-01,5.868580293831940908e-01,1.536628940702000179e+00
4.890000000000000568e+01,0.000000000000000000e+00,8.736190597740670638e-01,4.354763695303921267e+00,-0.000000000000000000e+00,1.518257874507466243e-01,5.843652632025899685e-01,1.525500453713013904e+00
4.895000000000000284e+01,0.000000000000000000e+00,8.660530803215555906e-01,4.325607475871561469e+00,-0.000000000000000000e+00,1.508144982882721197e-01,5.818857106864288031e-01,1.514428409128668163e+00
4.900000000000000000e+01,0.000000000000000000e+00,8.585374995437867751e-01,4.296574905141930856e+00,-0.000000000000000000e+00,1.498098332225912266e-01,5.794193037842624294e-01,1.503412476057376157e+00
4.905000000000000426e+01,0.000000000000000000e+00,8.510719873193054452e-01,4.267665327527471852e+00,-0.000000000000000000e+00,1.488117489658346282e-01,5.769659748346367412e-01,1.492452325541520741e+00
4.910000000000000142e+01,0.000000000000000000e+00,8.436562156839266802e-01,4.238878090814046651e+00,-0.000000000000000000e+00,1.478202025150786580e-01,5.745256565628225065e-01,1.481547630545474892e+00
4.915000000000000568e+01,0.000000000000000000e+00,8.362898588165189606e-01,4.210212546141613110e+00,-0.000000000000000000e+00,1.468351511504545071e-01,5.720982820785532885e-01,1.470698065943662813e+00
4.920000000000000284e+01,0.000000000000000000e+00,8.289725930249119967e-01,4.181668047985079184e+00,-0.000000000000000000e+00,1.458565524332749719e-01,5.696837848737845711e-01,1.459903308508725850e+00
4.925000000000000000e+01,0.000000000000000000e+00,8.217040967318777200e-01,4.153243954135256821e+00,-0.000000000000000000e+00,1.448843642041704183e-01,5.672820988204636539e-01,1.449163036899753010e+00
4.930000000000000426e+01,0.000000000000000000e+00,8.144840504612116394e-01,4.124939625679888699e+00,-0.000000000000000000e+00,1.439185445812383168e-01,5.648931581683128700e-01,1.438476931650578106e+00
4.935000000000000142e+01,0.000000000000000000e+00,8.073121368239074558e-01,4.096754426984855257e+00,-0.000000000000000000e+00,1.429590519582054908e-01,5.625168975426309004e-01,1.427844675158167487e+00
4.940000000000000568e+01,0.000000000000000000e+00,8.001880405044179412e-01,4.068687725675411038e+00,-0.000000000000000000e+00,1.420058450026014385e-01,5.601532519421019707e-01,1.417265951671061730e+00
4.945000000000000284e+01,0.000000000000000000e+00,7.931114482470157379e-01,4.040738892617597777e+00,-0.000000000000000000e+00,1.410588826539454499e-01,5.578021567366238109e-01,1.406740447277907258e+00
4.950000000000000000e+01,0.000000000000000000e+00,7.860820488422292085e-01,4.012907301899722334e+00,-0.000000000000000000e+00,1.401181241219432994e-01,5.554635476651462733e-01,1.396267849896045243e+00
4.955000000000000426e+01,0.000000000000000000e+00,7.790995331133891977e-01,3.985192330813954520e+00,-0.000000000000000000e+00,1.391835288846995644e-01,5.531373608335249381e-01,1.385847849260183118e+00
4.960000000000000142e+01,0.000000000000000000e+00,7.721635939032485130e-01,3.957593359838063485e+00,-0.000000000000000000e+00,1.382550566869386599e-01,5.508235327123893743e-01,1.375480136911140239e+00
4.965000000000000568e+01,0.000000000000000000e+00,7.652739260606906679e-01,3.930109772617182973e+00,-0.000000000000000000e+00,1.373326675382386675e-01,5.485220001350199492e-01,1.365164406184641077e+00
4.970000000000000284e+01,0.000000000000000000e+00,7.584302264275405436e-01,3.902740955945797729e+00,-0.000000000000000000e+00,1.364163217112779047e-01,5.462327002952468424e-01,1.354900352200219649e+00
4.975000000000000000e+01,0.000000000000000000e+00,7.516321938254446611e-01,3.875486299749696606e+00,-0.000000000000000000e+00,1.355059797400921251e-01,5.439555707453505029e-01,1.344687671850146593e+00
4.980000000000000426e+01,0.000000000000000000e+00,7.448795290428502636e-01,3.848345197068149037e+00,-0.000000000000000000e+00,1.346016024183434856e-01,5.416905493939856431e-01,1.334526063788462391e+00
4.985000000000000142e+01,0.000000000000000000e+00,7.381719348220691090e-01,3.821317044036136590e+00,-0.000000000000000000e+00,1.337031507976016720e-01,5.394375745041147807e-01,1.324415228420068757e+00
4.990000000000000568e+01,0.000000000000000000e+00,7.315091158464185339e-01,3.794401239866653786e+00,-0.000000000000000000e+00,1.328105861856353209e-01,5.371965846909503295e-01,1.314354867889872658e+00
4.995000000000000284e+01,0.000000000000000000e+00,7.248907787274623260e-01,3.767597186833196776e+00,-0.000000000000000000e+00,1.319238701447164597e-01,5.349675189199177838e-01,1.304344686072030246e+00
5.000000000000000000e+01,0.000000000000000000e+00,7.183166319923182108e-01,3.740904290252262232e+00,-0.000000000000000000e+00,1.310429644899340496e-01,5.327503165046252320e-01,1.294384388559224774e+00
5.005000000000000426e+01,0.000000000000000000e+00,7.117863860710675894e-01,3.714321958466002105e+00,-0.000000000000000000e+00,1.301678312875213517e-01,5.305449171048470802e-01,1.284473682652034210e+00
5.010000000000000142e+01,0.000000000000000000e+00,7.052997532842352202e-01,3.687849602824975204e+00,-0.000000000000000000e+00,1.292984328531922855e-01,5.283512607245233195e-01,1.274612277348361467e+00
5.015000000000000568e+01,0.000000000000000000e+00,6.988564478303578298e-01,3.661486637670979150e+00,-0.000000000000000000e+00,1.284347317504899166e-01,5.261692877097681187e-01,1.264799883332923702e+00
5.020000000000000284e+01,0.000000000000000000e+00,6.924561857736335480e-01,3.635232480319991577e+00,-0.000000000000000000e+00,1.275766907891457691e-01,5.239989387468912962e-01,1.255036212966814668e+00
5.025000000000000000e+01,0.000000000000000000e+00,6.860986850316510566e-01,3.609086551045202818e+00,-0.000000000000000000e+00,1.267242730234496295e-01,5.218401548604328921e-01,1.245320980277126122e+00
5.030000000000000426e+01,0.000000000000000000e+00,6.797836653632075565e-01,3.583048273060176481e+00,-0.000000000000000000e+00,1.258774417506313970e-01,5.196928774112125060e-01,1.235653900946647843e+00
5.035000000000000142e+01,0.000000000000000000e+00,6.735108483561971227e-01,3.557117072502058885e+00,-0.000000000000000000e+00,1.250361605092522033e-01,5.175570480943852969e-01,1.226034692303613394e+00
5.040000000000000568e+01,0.000000000000000000e+00,6.672799574155849900e-01,3.531292378414923938e+00,-0.000000000000000000e+00,1.242003930776071352e-01,5.154326089375146358e-01,1.216463073311523591e+00
5.045000000000000284e+01,0.000000000000000000e+00,6.610907177514642186e-01,3.505573622733189953e+00,-0.000000000000000000e+00,1.233701034721388506e-01,5.133195022986546396e-01,1.206938764559029487e+00
5.050000000000000000e+01,0.000000000000000000e+00,6.549428563671826353e-01,3.479960240265161708e+00,-0.000000000000000000e+00,1.225452559458607149e-01,5.112176708644473599e-01,1.197461488249881745e+00
5.055000000000000426e+01,0.000000000000000000e+00,6.488361020475545970e-01,3.454451668676626674e+00,-0.000000000000000000e+00,1.217258149867911088e-01,5.091270576482284094e-01,1.188030968192933967e+00
5.060000000000000142e+01,0.000000000000000000e+00,6.427701853471539106e-01,3.429047348474582257e+00,-0.000000000000000000e+00,1.209117453163988803e-01,5.070476059881462438e-01,1.178646929792222409e+00
5.065000000000000568e+01,0.000000000000000000e+00,6.367448385786751430e-01,3.403746722991034979e+00,-0.000000000000000000e+00,1.201030118880574704e-01,5.049792595452937682e-01,1.169309100037096316e+00
5.070000000000000284e+01,0.000000000000000000e+00,6.307597958013786421e-01,3.378549238366904017e+00,-0.000000000000000000e+00,1.192995798855107648e-01,5.029219623018507113e-01,1.160017207492415325e+00
5.075000000000000000e+01,0.000000000000000000e+00,6.248147928096108306e-01,3.353454343536013571e+00,-0.000000000000000000e+00,1.185014147213485497e-01,5.008756585592376576e-01,1.150770982288808808e+00
5.080000000000000426e+01,0.000000000000000000e+00,6.189095671213973304e-01,3.328461490209160711e+00,-0.000000000000000000e+00,1.177084820354920153e-01,4.988402929362814042e-01,1.141570156112988954e+00
5.085000000000000142e+01,0.000000000000000000e+00,6.130438579671190213e-01,3.303570132858324016e+00,-0.000000000000000000e+00,1.169207476936900969e-01,4.968158103673938619e-01,1.132414462198140459e+00
5.090000000000000568e+01,0.000000000000000000e+00,6.072174062782509374e-01,3.278779728700893514e+00,-0.000000000000000000e+00,1.161381777860244352e-01,4.948021561007583946e-01,1.123303635314348847e+00
5.095000000000000284e+01,0.000000000000000000e+00,6.014299546761879833e-01,3.254089737684046746e+00,-0.000000000000000000e+00,1.153607386254257572e-01,4.927992756965314802e-01,1.114237411759105623e+00
5.100000000000000000e+01,0.000000000000000000e+00,5.956812474611401509e-01,3.229499622469199416e+00,-0.000000000000000000e+00,1.145883967461997638e-01,4.908071150250536974e-01,1.105215529347869818e+00
5.105000000000000426e+01,0.000000000000000000e+00,5.899710306010959027e-01,3.205008848416519562e+00,-0.000000000000000000e+00,1.138211189025618852e-01,4.888256202650713700e-01,1.096237727404677731e+00
5.110000000000000142e+01,0.000000000000000000e+00,5.842990517208674905e-01,3.180616883569580278e+00,-0.000000000000000000e+00,1.130588720671829722e-01,4.868547379019713683e-01,1.087303746752828815e+00
5.115000000000000568e+01,0.000000000000000000e+00,5.786650600911975584e-01,3.156323198640038186e+00,-0.000000000000000000e+00,1.123016234297434246e-01,4.848944147260237370e-01,1.078413329705608437e+00
5.120000000000000284e+01,0.000000000000000000e+00,5.730688066179581153e-01,3.132127266992466907e+00,-0.000000000000000000e+00,1.115493403954996854e-01,4.829445978306393661e-01,1.069566220057095673e+00
5.125000000000000000e+01,0.000000000000000000e+00,5.675100438313906981e-01,3.108028564629222057e+00,-0.000000000000000000e+00,1.108019905838557306e-01,4.810052346106357124e-01,1.060762163073000863e+00
5.130000000000000426e+01,0.000000000000000000e+00,5.619885258754442336e-01,3.084026570175405269e+00,-0.000000000000000000e+00,1.100595418269482290e-01,4.790762727605119009e-01,1.052000905481573323e+00
5.135000000000000142e+01,0.000000000000000000e+00,5.565040084971757395e-01,3.060120764863961895e+00,-0.000000000000000000e+00,1.093219621682396808e-01,4.771576602727406469e-01,1.043282195464578344e+00
5.140000000000000568e+01,0.000000000000000000e+00,5.510562490362092003e-01,3.036310632520776487e+00,-0.000000000000000000e+00,1.085892198611195653e-01,4.752493454360634528e-01,1.034605782648298611e+00
5.145000000000000284e+01,0.000000000000000000e+00,5.456450064142863710e-01,3.012595659549943683e+00,-0.000000000000000000e+00,1.078612833675176574e-01,4.733512768338019594e-01,1.025971418094629106e+00
5.150000000000000000e+01,0.000000000000000000e+00,5.402700411248630985e-01,2.988975334919051097e+00,-0.000000000000000000e+00,1.071381213565234108e-01,4.714634033421772341e-01,1.017378854292194212e+00
5.155000000000000426e+01,0.000000000000000000e+00,5.349311152227894661e-01,2.965449150144584323e+00,-0.000000000000000000e+00,1.064197027030166082e-01,4.695856741286388303e-01,1.008827845147540758e+00
5.160000000000000142e+01,0.000000000000000000e+00,5.296279923140614354e-01,2.942016599277428757e+00,-0.000000000000000000e+00,1.057059964863076573e-01,4.677180386502085008e-01,1.000318145976387907e+00
5.165000000000000568e+01,0.000000000000000000e+00,5.243604375456175637e-01,2.918677178888387846e+00,-0.000000000000000000e+00,1.049969719887833830e-01,4.658604466518271314e-01,9.918495134949056879e-01
5.170000000000000284e+01,0.000000000000000000e+00,5.191282175952386391e-01,2.895430388053882087e+00,-0.000000000000000000e+00,1.042925986945675149e-01,4.640128481647209369e-01,9.834217058110898968e-01
5.175000000000000000e+01,0.000000000000000000e+00,5.139311006614747379e-01,2.872275728341619594e+00,-0.000000000000000000e+00,1.035928462881838541e-01,4.621751935047678228e-01,9.750344824161423229e-01
5.180000000000000426e+01,0.000000000000000000e+00,5.087688564536724245e-01,2.849212703796459856e+00,-0.000000000000000000e+00,1.028976846532334843e-01,4.603474332708848982e-01,9.666876041759511207e-01
5.185000000000000142e+01,0.000000000000000000e+00,5.036412561820474698e-01,2.826240820926249953e+00,-0.000000000000000000e+00,1.022070838710776447e-01,4.585295183434138222e-01,9.583808333225862786e-01
5.190000000000000568e+01,0.000000000000000000e+00,4.985480725478294017e-01,2.803359588687826420e+00,-0.000000000000000000e+00,1.015210142195306087e-01,4.567213998825279120e-01,9.501139334458712504e-01
5.195000000000000284e+01,0.000000000000000000e+00,4.934890797334759438e-01,2.780568518473066852e+00,-0.000000000000000000e+00,1.008394461715614726e-01,4.549230293266423031e-01,9.418866694850046573e-01
5.200000000000000000e+01,0.000000000000000000e+00,4.884640533929408557e-01,2.757867124094984135e+00,-0.000000000000000000e+00,1.001623503940033688e-01,4.531343583908338801e-01,9.336988077202164060e-01
5.205000000000000426e+01,0.000000000000000000e+00,4.834727706420178794e-01,2.735254921773964565e+00,-0.000000000000000000e+00,9.948969774627262896e-02,4.513553390652748076e-01,9.255501157645000809e-01
5.210000000000000142e+01,0.000000000000000000e+00,4.785150100487424174e-01,2.712731430124040166e+00,-0.000000000000000000e+00,9.882145927909599670e-02,4.495859236136731107e-01,9.174403625553813058e-01
5.215000000000000568e+01,0.000000000000000000e+00,4.735905516238577140e-01,2.690296170139249821e+00,-0.000000000000000000e+00,9.815760623324604195e-02,4.478260645717237476e-01,9.093693183467412844e-01
5.220000000000000284e+01,0.000000000000000000e+00,4.686991768113411561e-01,2.667948665180089218e+00,-0.000000000000000000e+00,9.749811003828479095e-02,4.460757147455698957e-01,9.013367547006928548e-01
5.225000000000000000e+01,0.000000000000000000e+00,4.638406684789993517e-01,2.645688440959996335e+00,-0.000000000000000000e+00,9.684294231131668207e-02,4.443348272102701224e-01,8.933424444794987318e-01
5.230000000000000426e+01,0.000000000000000000e+00,4.590148109091218287e-01,2.623515025531987899e+00,-0.000000000000000000e+00,9.619207485574901573e-02,4.426033553082828753e-01,8.853861618375579168e-01
5.235000000000000142e+01,0.000000000000000000e+00,4.542213897891954621e-01,2.601427949275288753e+00,-0.000000000000000000e+00,9.554547966006098070e-02,4.408812526479511384e-01,8.774676822134199750e-01
5.240000000000000568e+01,0.000000000000000000e+00,4.494601922026800200e-01,2.579426744882097555e+00,-0.000000000000000000e+00,9.490312889658013284e-02,4.391684731020036314e-01,8.695867823218643711e-01
5.245000000000000284e+01,0.000000000000000000e+00,4.447310066198515432e-01,2.557510947344396435e+00,-0.000000000000000000e+00,9.426499492026893523e-02,4.374649708060620035e-01,8.617432401460248803e-01
5.250000000000000000e+01,0.000000000000000000e+00,4.400336228886948531e-01,2.535680093940853030e+00,-0.000000000000000000e+00,9.363105026751666893e-02,4.357707001571588523e-01,8.539368349295606286e-01
5.255000000000000426e+01,0.000000000000000000e+00,4.353678322258636713e-01,2.513933724223761601e+00,-0.000000000000000000e+00,9.300126765494150238e-02,4.340856158122612385e-01,8.461673471688722081e-01
5.260000000000000142e+01,0.000000000000000000e+00,4.307334272077020798e-01,2.492271380006110260e+00,-0.000000000000000000e+00,9.237561997819992987e-02,4.324096726868089102e-01,8.384345586053786326e-01
5.265000000000000568e+01,0.000000000000000000e+00,4.261302017613189941e-01,2.470692605348689064e+00,-0.000000000000000000e+00,9.175408031080370397e-02,4.307428259532594672e-01,8.307382522178317075e-01
5.270000000000000284e+01,0.000000000000000000e+00,4.215579511557264736e-01,2.449196946547262055e+00,-0.000000000000000000e+00,9.113662190294516408e-02,4.290850310396392975e-01,8.230782122146786950e-01
5.275000000000000000e+01,0.000000000000000000e+00,4.170164719930343766e-01,2.427783952119833888e+00,-0.000000000000000000e+00,9.052321818033010059e-02,4.274362436281077815e-01,8.154542240264757158e-01
5.280000000000000426e+01,0.000000000000000000e+00,4.125055621997009703e-01,2.406453172793971085e+00,-0.000000000000000000e+00,8.991384274301805757e-02,4.257964196535288792e-01,8.078660742983432286e-01
5.285000000000000142e+01,0.000000000000000000e+00,4.080250210178522075e-01,2.385204161494233421e+00,-0.000000000000000000e+00,8.930846936427185023e-02,4.241655153020533198e-01,8.003135508824844591e-01
5.290000000000000568e+01,0.000000000000000000e+00,4.035746489966381967e-01,2.364036473329587551e+00,-0.000000000000000000e+00,8.870707198941203686e-02,4.225434870097027340e-01,7.927964428307159306e-01
5.295000000000000284e+01,0.000000000000000000e+00,3.991542479836688861e-01,2.342949665581005370e+00,-0.000000000000000000e+00,8.810962473468189615e-02,4.209302914609737156e-01,7.853145403870858132e-01
5.300000000000000000e+01,0.000000000000000000e+00,3.947636211164941566e-01,2.321943297689042396e+00,-0.000000000000000000e+00,8.751610188611859409e-02,4.193258855874408275e-01,7.778676349805077050e-01
5.305000000000000426e+01,0.000000000000000000e+00,3.904025728141355955e-01,2.301016931241521402e+00,-0.000000000000000000e+00,8.692647789843072070e-02,4.177302265663722647e-01,7.704555192174481482e-01
5.310000000000000142e+01,0.000000000000000000e+00,3.860709087686913232e-01,2.280170129961303971e+00,-0.000000000000000000e+00,8.634072739388616580e-02,4.161432718193563418e-01,7.630779868746716543e-01
5.315000000000000568e+01,0.000000000000000000e+00,3.817684359369744040e-01,2.259402459694075382e+00,-0.000000000000000000e+00,8.575882516120400534e-02,4.145649790109306454e-01,7.557348328920060476e-01
5.320000000000000284e+01,0.000000000000000000e+00,3.774949625322295277e-01,2.238713488396265827e+00,-0.000000000000000000e+00,8.518074615445725417e-02,4.129953060472256743e-01,7.484258533651811929e-01
5.325000000000000000e+01,0.000000000000000000e+00,3.732502980158826644e-01,2.218102786122972514e+00,-0.000000000000000000e+00,8.460646549197974042e-02,4.114342110746123105e-01,7.411508455386844885e-01
5.330000000000000426e+01,0.000000000000000000e+00,3.690342530893581663e-01,2.197569925015994130e+00,-0.000000000000000000e+00,8.403595845528176456e-02,4.098816524783600035e-01,7.339096077986776434e-01
5.335000000000000142e+01,0.000000000000000000e+00,3.648466396859538774e-01,2.177114479291947458e+00,-0.000000000000000000e+00,8.346920048797433489e-02,4.083375888813062793e-01,7.267019396659637476e-01
5.340000000000000568e+01,0.000000000000000000e+00,3.606872709627492180e-01,2.156736025230358678e+00,-0.000000000000000000e+00,8.290616719469659501e-02,4.068019791425243614e-01,7.195276417889642229e-01
5.345000000000000284e+01,0.000000000000000000e+00,3.565559612925947031e-01,2.136434141161951406e+00,-0.000000000000000000e+00,8.234683434005536651e-02,4.052747823560122198e-01,7.123865159367852584e-01
5.350000000000000000e+01,0.000000000000000000e+00,3.524525262561289396e-01,2.116208407456890317e+00,-0.000000000000000000e+00,8.179117784756732845e-02,4.037559578493803980e-01,7.052783649922870213e-01
5.355000000000000426e+01,0.000000000000000000e+00,3.483767826338660667e-01,2.096058406513144678e+00,-0.000000000000000000e+00,8.123917379861123056e-02,4.022454651825503880e-01,6.982029929452191475e-01
5.360000000000000142e+01,0.000000000000000000e+00,3.443285483983261619e-01,2.075983722744916715e+00,-0.000000000000000000e+00,8.069079843138564356e-02,4.007432641464637735e-01,6.911602048853922042e-01
5.365000000000000568e+01,0.000000000000000000e+00,3.403076427062184384e-01,2.055983942571100176e+00,-0.000000000000000000e+00,8.014602813987355134e-02,3.992493147617948157e-01,6.841498069958842354e-01
5.370000000000000284e+01,0.000000000000000000e+00,3.363138858906832840e-01,2.036058654403852586e+00,-0.000000000000000000e+00,7.960483947281521422e-02,3.977635772776755285e-01,6.771716065463048162e-01
5.375000000000000000e+01,0.000000000000000000e+00,3.323470994535732692e-01,2.016207448637180377e+00,-0.000000000000000000e+00,7.906720913268597273e-02,3.962860121704254723e-01,6.702254118860817567e-01
5.380000000000000426e+01,0.000000000000000000e+00,3.284071060577966050e-01,1.996429917635616391e+00,-0.000000000000000000e+00,7.853311397468218380e-02,3.948165801422888199e-01,6.633110324378024281e-01
5.385000000000000142e+01,0.000000000000000000e+00,3.244937295197041216e-01,1.976725655722973762e+00,-0.000000000000000000e+00,7.800253100571349907e-02,3.933552421201853000e-01,6.564282786905955014e-01
5.390000000000000568e+01,0.000000000000000000e+00,3.206067948015305369e-01,1.957094259171115125e+00,-0.000000000000000000e+00,7.747543738340192943e-02,3.919019592544595310e-01,6.495769621935441052e-01
5.395000000000000284e+01,0.000000000000000000e+00,3.167461280038805227e-01,1.937535326188836393e+00,-0.000000000000000000e+00,7.695181041508690478e-02,3.904566929176466750e-01,6.427568955491493874e-01
5.400000000000000000e+01,0.000000000000000000e+00,3.129115563582697823e-01,1.918048456910767197e+00,-0.000000000000000000e+00,7.643162755683807763e-02,3.890194047032397573e-01,6.359678924068267181e-01
5.405000000000000426e+01,0.000000000000000000e+00,3.091029082197128686e-01,1.898633253386372122e+00,-0.000000000000000000e+00,7.591486641247376099e-02,3.875900564244687541e-01,6.292097674564494092e-01
5.410000000000000142e+01,0.000000000000000000e+00,3.053200130593617390e-01,1.879289319568984595e+00,-0.000000000000000000e+00,7.540150473258688812e-02,3.861686101130841764e-01,6.224823364219269628e-01
5.415000000000000568e+01,0.000000000000000000e+00,3.015627014571869990e-01,1.860016261304907381e+00,-0.000000000000000000e+00,7.489152041357570455e-02,3.847550280181493143e-01,6.157854160548204003e-01
5.420000000000000284e+01,0.000000000000000000e+00,2.978308050947156005e-01,1.840813686322593679e+00,-0.000000000000000000e+00,7.438489149668287004e-02,3.833492726048427501e-01,6.091188241280062199e-01
5.425000000000000000e+01,0.000000000000000000e+00,2.941241567478110053e-01,1.821681204221849093e+00,-0.000000000000000000e+00,7.388159616703979249e-02,3.819513065532612051e-01,6.024823794293677759e-01
5.430000000000000426e+01,0.000000000000000000e+00,2.904425902795020886e-01,1.802618426463128198e+00,-0.000000000000000000e+00,7.338161275271753992e-02,3.805610927572377622e-01,5.958759017555330662e-01
5.435000000000000142e+01,0.000000000000000000e+00,2.867859406328608363e-01,1.783624966356876396e+00,-0.000000000000000000e+00,7.288491972378412231e-02,3.791785943231623657e-01,5.892992119056494893e-01
5.440000000000000568e+01,0.000000000000000000e+00,2.831540438239261714e-01,1.764700439052932168e+00,-0.000000000000000000e+00,7.239149569136843487e-02,3.778037745688119231e-01,5.827521316751961278e-01
5.445000000000000284e+01,0.000000000000000000e+00,2.795467369346715802e-01,1.745844461529982405e+00,-0.000000000000000000e+00,7.190131940672903066e-02,3.764365970221862367e-01,5.762344838498314470e-01
5.450000000000000000e+01,0.000000000000000000e+00,2.759638581060261386e-01,1.727056652585083896e+00,-0.000000000000000000e+00,7.141436976033138651e-02,3.750770254203515397e-01,5.697460921992840710e-01
5.455000000000000426e+01,0.000000000000000000e+00,2.724052465309315663e-01,1.708336632823230783e+00,-0.000000000000000000e+00,7.093062578092870774e-02,3.737250237082919702e-01,5.632867814712734233e-01
5.460000000000000142e+01,0.000000000000000000e+00,2.688707424474570118e-01,1.689684024647009064e+00,-0.000000000000000000e+00,7.045006663465110119e-02,3.723805560377680957e-01,5.568563773854807719e-01
5.465000000000000568e+01,0.000000000000000000e+00,2.653601871319465899e-01,1.671098452246254862e+00,-0.000000000000000000e+00,6.997267162409902264e-02,3.710435867661801557e-01,5.504547066275370382e-01
5.470000000000000284e+01,0.000000000000000000e+00,2.618734228922232621e-01,1.652579541587822609e+00,-0.000000000000000000e+00,6.949842018744420424e-02,3.697140804554415738e-01,5.440815968430672278e-01
5.475000000000000000e+01,0.000000000000000000e+00,2.584102930608310200e-01,1.634126920405388983e+00,-0.000000000000000000e+00,6.902729189753561978e-02,3.683920018708586874e-01,5.377368766317627280e-01
5.480000000000000426e+01,0.000000000000000000e+00,2.549706419883205344e-01,1.615740218189284594e+00,-0.000000000000000000e+00,6.855926646101123678e-02,3.670773159800137520e-01,5.314203755414814712e-01
5.485000000000000142e+01,0.000000000000000000e+00,2.515543150365876501e-01,1.597419066176455127e+00,-0.000000000000000000e+00,6.809432371741692969e-02,3.657699879516629338e-01,5.251319240624076068e-01
5.490000000000000568e+01,0.000000000000000000e+00,2.481611585722429125e-01,1.579163097340373856e+00,-0.000000000000000000e+00,6.763244363832954242e-02,3.644699831546301394e-01,5.188713536212149480e-01
5.495000000000000284e+01,0.000000000000000000e+00,2.447910199600394354e-01,1.560971946381116027e+00,-0.000000000000000000e+00,6.717360632648754215e-02,3.631772671567182198e-01,5.126384965752986966e-01
5.500000000000000000e+01,0.000000000000000000e+00,2.414437475563289692e-01,1.542845249715401712e+00,-0.000000000000000000e+00,6.671779201492557265e-02,3.618918057236198416e-01,5.064331862070149404e-01
5.505000000000000426e+01,0.000000000000000000e+00,2.381191907025721755e-01,1.524782645466739694e+00,-0.000000000000000000e+00,6.626498106611618255e-02,3.606135648178378506e-01,5.002552567179709975e-01
5.510000000000000142e+01,0.000000000000000000e+00,2.348171997188910898e-01,1.506783773455633080e+00,-0.000000000000000000e+00,6.581515397111731280e-02,3.593425105976137957e-01,4.941045432233538426e-01
5.515000000000000568e+01,0.000000000000000000e+00,2.315376258976540869e-01,1.488848275189776693e+00,-0.000000000000000000e+00,6.536829134872387814e-02,3.580786094158574517e-01,4.879808817462711890e-01
5.520000000000000284e+01,0.000000000000000000e+00,2.282803214971173833e-01,1.470975793854402580e+00,-0.000000000000000000e+00,6.492437394462709233e-02,3.568218278190921633e-01,4.818841092121593506e-01
5.525000000000000000e+01,0.000000000000000000e+00,2.250451397350942684e-01,1.453165974302577101e+00,-0.000000000000000000e+00,6.448338263057717956e-02,3.555721325463959692e-01,4.758140634431914373e-01
5.530000000000000426e+01,0.000000000000000000e+00,2.218319347826779309e-01,1.435418463045624371e+00,-0.000000000000000000e+00,6.404529840355389914e-02,3.543294905283577712e-01,4.697705831527450582e-01
5.535000000000000142e+01,0.000000000000000000e+00,2.186405617580004790e-01,1.417732908243583223e+00,-0.000000000000000000e+00,6.361010238494101132e-02,3.530938688860360553e-01,4.637535079398960591e-01
5.540000000000000568e+01,0.000000000000000000e+00,2.154708767200289588e-01,1.400108959695687272e+00,-0.000000000000000000e+00,6.317777581970633605e-02,3.518652349299252746e-01,4.577626782839362973e-01
5.545000000000000284e+01,0.000000000000000000e+00,2.123227366624123591e-01,1.382546268830943115e+00,-0.000000000000000000e+00,6.274830007558829248e-02,3.506435561589273386e-01,4.517979355389419860e-01
5.550000000000000000e+01,0.000000000000000000e+00,2.091959995073573997e-01,1.365044488698710312e+00,-0.000000000000000000e+00,6.232165664228633828e-02,3.494288002593305409e-01,4.458591219283563056e-01
5.555000000000000426e+01,0.000000000000000000e+00,2.060905240995558052e-01,1.347603273959377068e+00,-0.000000000000000000e+00,6.189782713065846570e-02,3.482209351037943712e-01,4.399460805396221419e-01
5.560000000000000142e+01,0.000000000000000000e+00,2.030061702001433321e-01,1.330222280875065000e+00,-0.000000000000000000e+00,6.147679327192249327e-02,3.470199287503427654e-01,4.340586553188379160e-01
5.565000000000000568e+01,0.000000000000000000e+00,1.999427984807014003e-01,1.312901167300370098e+00,-0.000000000000000000e+00,6.105853691686353307e-02,3.458257494413584099e-01,4.281966910654432246e-01
5.570000000000000284e+01,0.000000000000000000e+00,1.969002705173018564e-01,1.295639592673193841e+00,-0.000000000000000000e+00,6.064304003504675938e-02,3.446383656025885922e-01,4.223600334269493883e-01
5.575000000000000000e+01,0.000000000000000000e+00,1.938784487845819637e-01,1.278437218005574971e+00,-0.000000000000000000e+00,6.023028471403450018e-02,3.434577458421543827e-01,4.165485288936847108e-01
5.580000000000000426e+01,0.000000000000000000e+00,1.908771966498698236e-01,1.261293705874612758e+00,-0.000000000000000000e+00,5.982025315861010106e-02,3.422838589495665884e-01,4.107620247935880875e-01
5.585000000000000142e+01,0.000000000000000000e+00,1.878963783673379684e-01,1.244208720413420455e+00,-0.000000000000000000e+00,5.941292769000497409e-02,3.411166738947493116e-01,4.050003692870240979e-01
5.590000000000000568e+01,0.000000000000000000e+00,1.849358590722042506e-01,1.227181927302117836e+00,-0.000000000000000000e+00,5.900829074513303657e-02,3.399561598270649521e-01,3.992634113616315705e-01
5.595000000000000284e+01,0.000000000000000000e+00,1.819955047749623189e-01,1.210212993758899014e+00,-0.000000000000000000e+00,5.860632487582759231e-02,3.388022860743521436e-01,3.935510008272058990e-01
5.600000000000000000e+01,0.000000000000000000e+00,1.790751823556584188e-01,1.193301588531110902e+00,-0.000000000000000000e+00,5.820701274808602610e-02,3.376550221419615805e-01,3.878629883106069487e-01
5.605000000000000426e+01,0.000000000000000000e+00,1.761747595582001669e-01,1.176447381886428500e+00,-0.000000000000000000e+00,5.781033714131739859e-02,3.365143377118066659e-01,3.821992252507072085e-01
5.610000000000000142e+01,0.000000000000000000e+00,1.732941049847046555e-01,1.159650045604030177e+00,-0.000000000000000000e+00,5.741628094759595319e-02,3.353802026414121062e-01,3.765595638933598721e-01
5.615000000000000568e+01,0.000000000000000000e+00,1.704330880898848599e-01,1.142909252965849554e+00,-0.000000000000000000e+00,5.702482717091982012e-02,3.342525869629733304e-01,3.709438572864048322e-01
5.620000000000000284e+01,0.000000000000000000e+00,1.675915791754700179e-01,1.126224678747863583e+00,-0.000000000000000000e+00,5.663595892647359242e-02,3.331314608824198498e-01,3.653519592747008771e-01
5.625000000000000000e+01,0.000000000000000000e+00,1.647694493846672825e-01,1.109595999211427930e+00,-0.000000000000000000e+00,5.624965943989736900e-02,3.320167947784838924e-01,3.597837244951906377e-01
5.630000000000000426e+01,0.000000000000000000e+00,1.619665706966537944e-01,1.093022892094658749e+00,-0.000000000000000000e+00,5.586591204655884380e-02,3.309085592017770860e-01,3.542390083719915705e-01
5.635000000000000142e+01,0.000000000000000000e+00,1.591828159211112204e-01,1.076505036603863985e+00,-0.000000000000000000e+00,5.548470019083166782e-02,3.298067248738693058e-01,3.487176671115216342e-01
5.640000000000000568e+01,0.000000000000000000e+00,1.564180586927922945e-01,1.060042113405023301e+00,-0.000000000000000000e+00,5.510600742537802299e-02,3.287112626863782916e-01,3.432195576976520002e-01
5.645000000000000284e+01,0.000000000000000000e+00,1.536721734661241068e-01,1.043633804615299976e+00,-0.000000000000000000e+00,5.472981741043585896e-02,3.276221437000594872e-01,3.377445378868870751e-01
5.650000000000000000e+01,0.000000000000000000e+00,1.509450355098476970e-01,1.027279793794609430e+00,-0.000000000000000000e+00,5.435611391311116064e-02,3.265393391439042059e-01,3.322924662035762200e-01
5.655000000000000426e+01,0.000000000000000000e+00,1.482365209016900387e-01,1.010979765937226160e+00,-0.000000000000000000e+00,5.398488080667433742e-02,3.254628204142439030e-01,3.268632019351515594e-01
5.660000000000000142e+01,0.000000000000000000e+00,1.455465065230779620e-01,9.947334074634545109e-01,-0.000000000000000000e+00,5.361610206986248267e-02,3.243925590738589992e-01,3.214566051274025948e-01
5.665000000000000568e+01,0.000000000000000000e+00,1.428748700538764183e-01,9.785404062113063350e-01,-0.000000000000000000e+00,5.324976178618459621e-02,3.233285268510937005e-01,3.160725365797648068e-01
5.670000000000000284e+01,0.000000000000000000e+00,1.402214899671714310e-01,9.624004514282589184e-01,-0.000000000000000000e+00,5.288584414323287824e-02,3.222706956389744248e-01,3.107108578406504451e-01
5.675000000000000000e+01,0.000000000000000000e+00,1.375862455240817739e-01,9.463132337630417723e-01,-0.000000000000000000e+00,5.252433343199788829e-02,3.212190374943371673e-01,3.053714312028013023e-01
5.680000000000000426e+01,0.000000000000000000e+00,1.349690167686043163e-01,9.302784452574597296e-01,-0.000000000000000000e+00,5.216521404618801316e-02,3.201735246369582510e-01,3.000541196986670767e-01
5.685000000000000142e+01,0.000000000000000000e+00,1.323696845224995033e-01,9.142957793382834319e-01,-0.000000000000000000e+00,5.180847048155465262e-02,3.191341294486892965e-01,2.947587870958205958e-01
5.690000000000000568e+01,0.000000000000000000e+00,1.297881303801998454e-01,8.983649308091422592e-01,-0.000000000000000000e+00,5.145408733521983358e-02,3.181008244725994638e-01,2.894852978923854736e-01
5.695000000000000284e+01,0.000000000000000000e+00,1.272242367037643984e-01,8.824855958425178448e-01,-0.000000000000000000e+00,5.110204930501065917e-02,3.170735824121238000e-01,2.842335173125116743e-01
5.700000000000000000e+01,0.000000000000000000e+00,1.246778866178546996e-01,8.666574719717126118e-01,-0.000000000000000000e+00,5.075234118879606154e-02,3.160523761302126977e-01,2.790033113018555166e-01
5.705000000000000426e+01,0.000000000000000000e+00,1.221489640047519615e-01,8.508802580829131212e-01,-0.000000000000000000e+00,5.040494788382941793e-02,3.150371786484912895e-01,2.737945465231042541e-01
5.710000000000000142e+01,0.000000000000000000e+00,1.196373534994054633e-01,8.351536544072890589e-01,-0.000000000000000000e+00,5.005985438609508037e-02,3.140279631464231724e-01,2.686070903515249686e-01
5.715000000000000568e+01,0.000000000000000000e+00,1.171429404845080458e-01,8.194773625130887806e-01,-0.000000000000000000e+00,4.971704578965860377e-02,3.130247029604747988e-01,2.634408108705262319e-01
5.720000000000000284e+01,0.000000000000000000e+00,1.146656110856132255e-01,8.038510852978479893e-01,-0.000000000000000000e+00,4.937650728602254596e-02,3.120273715832924122e-01,2.582955768672686170e-01
5.725000000000000000e+01,0.000000000000000000e+00,1.122052521662747354e-01,7.882745269805678801e-01,-0.000000000000000000e+00,4.903822416348518898e-02,3.110359426628775403e-01,2.531712578282793169e-01
5.730000000000000426e+01,0.000000000000000000e+00,1.097617513232252567e-01,7.727473930939902091e-01,-0.000000000000000000e+00,4.870218180650427720e-02,3.100503900017714254e-01,2.480677239351101737e-01
5.735000000000000142e+01,0.000000000000000000e+00,1.073349968815847100e-01,7.572693904768831308e-01,-0.000000000000000000e+00,4.836836569506538369e-02,3.090706875562430067e-01,2.429848460600131377e-01
5.740000000000000568e+01,0.000000000000000000e+00,1.049248778900971485e-01,7.418402272663693342e-01,-0.000000000000000000e+00,4.803676140405328115e-02,3.080968094354833986e-01,2.379224957616409009e-01
5.745000000000000284e+01,0.000000000000000000e+00,1.025312841164048028e-01,7.264596128903175742e-01,-0.000000000000000000e+00,4.770735460262852390e-02,3.071287299008031435e-01,2.328805452807817811e-01
5.750000000000000000e+01,0.000000000000000000e+00,1.001541060423461194e-01,7.111272580597285398e-01,-0.000000000000000000e+00,4.738013105360757565e-02,3.061664233648342393e-01,2.278588675361051807e-01
5.755000000000000426e+01,0.000000000000000000e+00,9.779323485929093673e-02,6.958428747612184218e-01,-0.000000000000000000e+00,4.705507661284723253e-02,3.052098643907427133e-01,2.228573361199500669e-01
5.760000000000000142e+01,0.000000000000000000e+00,9.544856246350322260e-02,6.806061762494904910e-01,-0.000000000000000000e+00,4.673217722863340362e-02,3.042590276914369785e-01,2.178758252941242479e-01
5.765000000000000568e+01,0.000000000000000000e+00,9.311998145153406459e-02,6.654168770398783961e-01,-0.000000000000000000e+00,4.641141894107326388e-02,3.033138881287892330e-01,2.129142099857366244e-01
5.770000000000000284e+01,0.000000000000000000e+00,9.080738511564676041e-02,6.502746929009159960e-01,-0.000000000000000000e+00,4.609278788149219486e-02,3.023744207128577499e-01,2.079723657830523931e-01
5.775000000000000000e+01,0.000000000000000000e+00,8.851066743926945535e-02,6.351793408469397217e-01,-0.000000000000000000e+00,4.577627027183413244e-02,3.014406006011136618e-01,2.030501689313696512e-01
5.780000000000000426e+01,0.000000000000000000e+00,8.622972309248139178e-02,6.201305391307471160e-01,-0.000000000000000000e+00,4.546185242406658444e-02,3.005124030976739080e-01,1.981474963289274749e-01
5.785000000000000142e+01,0.000000000000000000e+00,8.396444742752404156e-02,6.051280072362803519e-01,-0.000000000000000000e+00,4.514952073958836132e-02,2.995898036525401209e-01,1.932642255228321226e-01
5.790000000000000568e+01,0.000000000000000000e+00,8.171473647434589205e-02,5.901714658713481665e-01,-0.000000000000000000e+00,4.483926170864268451e-02,2.986727778608386230e-01,1.884002347050099946e-01
5.795000000000000284e+01,0.000000000000000000e+00,7.948048693617439098e-02,5.752606369603933123e-01,-0.000000000000000000e+00,4.453106190973338263e-02,2.977613014620694165e-01,1.835554027081855166e-01
5.800000000000000000e+01,0.000000000000000000e+00,7.726159618511749261e-02,5.603952436372880985e-01,-0.000000000000000000e+00,4.422490800904489705e-02,2.968553503393552284e-01,1.787296090018807848e-01
5.805000000000000426e+01,0.000000000000000000e+00,7.505796225779305664e-02,5.455750102381700106e-01,-0.000000000000000000e+00,4.392078675986634678e-02,2.959549005186993820e-01,1.739227336884390240e-01
5.810000000000000142e+01,0.000000000000000000e+00,7.286948385098965253e-02,5.307996622943260689e-01,-0.000000000000000000e+00,4.361868500201958321e-02,2.950599281682471098e-01,1.691346574990763574e-01
5.815000000000000568e+01,0.000000000000000000e+00,7.069606031735307938e-02,5.160689265250937297e-01,-0.000000000000000000e+00,4.331858966129067956e-02,2.941704095975487543e-01,1.643652617899499790e-01
5.820000000000000284e+01,0.000000000000000000e+00,6.853759166110263978e-02,5.013825308308149653e-01,-0.000000000000000000e+00,4.302048774886552823e-02,2.932863212568320721e-01,1.596144285382550543e-01
5.825000000000000000e+01,0.000000000000000000e+00,6.639397853377483616e-02,4.867402042858195998e-01,-0.000000000000000000e+00,4.272436636076858141e-02,2.924076397362755375e-01,1.548820403383423250e-01
5.830000000000000426e+01,0.000000000000000000e+00,6.426512222999487822e-02,4.721416771314376759e-01,-0.000000000000000000e+00,4.243021267730609503e-02,2.915343417652876412e-01,1.501679803978568650e-01
5.835000000000000142e+01,0.000000000000000000e+00,6.215092468327914482e-02,4.575866807690751603e-01,-0.000000000000000000e+00,4.213801396251289771e-02,2.906664042117903524e-01,1.454721325339083660e-01
5.840000000000000568e+01,0.000000000000000000e+00,6.005128846185834451e-02,4.430749477532821001e-01,-0.000000000000000000e+00,4.184775756360190752e-02,2.898038040815075211e-01,1.407943811692496938e-01
5.845000000000000284e+01,0.000000000000000000e+00,5.796611676453570366e-02,4.286062117848989939e-01,-0.000000000000000000e+00,4.155943091041863768e-02,2.889465185172571116e-01,1.361346113284926107e-01
5.850000000000000000e+01,0.000000000000000000e+00,5.589531341656758107e-02,4.141802077042123775e-01,-0.000000000000000000e+00,4.127302151489845722e-02,2.880945247982477642e-01,1.314927086343368745e-01
5.855000000000000426e+01,0.000000000000000000e+00,5.383878286557156057e-02,3.997966714841464375e-01,-0.000000000000000000e+00,4.098851697052757759e-02,2.872478003393806323e-01,1.268685593038224035e-01
5.860000000000000142e+01,0.000000000000000000e+00,5.179643017746512340e-02,3.854553402235140203e-01,-0.000000000000000000e+00,4.070590495180805013e-02,2.864063226905542714e-01,1.222620501446110702e-01
5.865000000000000568e+01,0.000000000000000000e+00,4.976816103242448497e-02,3.711559521402600925e-01,-0.000000000000000000e+00,4.042517321372565697e-02,2.855700695359760233e-01,1.176730685512772656e-01
5.870000000000000284e+01,0.000000000000000000e+00,4.775388172087702970e-02,3.568982465647887459e-01,-0.000000000000000000e+00,4.014630959122158366e-02,2.847390186934748990e-01,1.131015025016356979e-01
5.875000000000000000e+01,0.000000000000000000e+00,4.575349913951406999e-02,3.426819639332754353e-01,-0.000000000000000000e+00,3.986930199866796365e-02,2.839131481138201796e-01,1.085472405530758938e-01
5.880000000000000426e+01,0.000000000000000000e+00,4.376692078733315783e-02,3.285068457810478848e-01,-0.000000000000000000e+00,3.959413842934620537e-02,2.830924358800445684e-01,1.040101718389285501e-01
5.885000000000000142e+01,0.000000000000000000e+00,4.179405476170754835e-02,3.143726347360011331e-01,-0.000000000000000000e+00,3.932080695492969763e-02,2.822768602067724508e-01,9.949018606485406091e-02
5.890000000000000568e+01,0.000000000000000000e+00,3.983480975447548783e-02,3.002790745120083038e-01,-0.000000000000000000e+00,3.904929572496854823e-02,2.814663994395494306e-01,9.498717350523981640e-02
5.895000000000000284e+01,0.000000000000000000e+00,3.788909504806372425e-02,2.862259099024200282e-01,-0.000000000000000000e+00,3.877959296637957520e-02,2.806610320541780279e-01,9.050102499963687264e-02
5.900000000000000000e+01,0.000000000000000000e+00,3.595682051162792103e-02,2.722128867735442714e-01,-0.000000000000000000e+00,3.851168698293781778e-02,2.798607366560585397e-01,8.603163194920002144e-02
5.905000000000000426e+01,0.000000000000000000e+00,3.403789659722407379e-02,2.582397520581916628e-01,-0.000000000000000000e+00,3.824556615477271715e-02,2.790654919795310107e-01,8.157888631315995953e-02
5.910000000000000142e+01,0.000000000000000000e+00,3.213223433600476825e-02,2.443062537492577957e-01,-0.000000000000000000e+00,3.798121893786717690e-02,2.782752768872253646e-01,7.714268060531682958e-02
5.915000000000000568e+01,0.000000000000000000e+00,3.023974533443553325e-02,2.304121408932975901e-01,-0.000000000000000000e+00,3.771863386355976677e-02,2.774900703694104798e-01,7.272290789054217108e-02
5.920000000000000284e+01,0.000000000000000000e+00,2.836034177054341798e-02,2.165571635841903597e-01,-0.000000000000000000e+00,3.745779953805077056e-02,2.767098515433535355e-01,6.831946178131929892e-02
5.925000000000000000e+01,0.000000000000000000e+00,2.649393639018224680e-02,2.027410729567769576e-01,-0.000000000000000000e+00,3.719870464191053078e-02,2.759345996526766931e-01,6.393223643428536107e-02
5.930000000000000426e+01,0.000000000000000000e+00,2.464044250332932118e-02,1.889636211805794941e-01,-0.000000000000000000e+00,3.694133792959222728e-02,2.751642940667242687e-01,5.956112654680953411e-02
5.935000000000000142e+01,0.000000000000000000e+00,2.279977398040247336e-02,1.752245614535221652e-01,-0.000000000000000000e+00,3.668568822894736903e-02,2.743989142799281300e-01,5.520602735358177970e-02
5.940000000000000568e+01,0.000000000000000000e+00,2.097184524860074353e-02,1.615236479956871085e-01,-0.000000000000000000e+00,3.643174444074359641e-02,2.736384399111820853e-01,5.086683462322214716e-02
5.945000000000000284e+01,0.000000000000000000e+00,1.915657128827384301e-02,1.478606360431255484e-01,-0.000000000000000000e+00,3.617949553818781971e-02,2.728828507032169393e-01,4.654344465491831034e-02
5.950000000000000000e+01,0.000000000000000000e+00,1.735386762930821170e-02,1.342352818416560067e-01,-0.000000000000000000e+00,3.592893056645003053e-02,2.721321265219786567e-01,4.223575427506810753e-02
5.955000000000000426e+01,0.000000000000000000e+00,1.556365034754356516e-02,1.206473426407400490e-01,-0.000000000000000000e+00,3.568003864219217169e-02,2.713862473560153532e-01,3.794366083395679656e-02
5.960000000000000142e+01,0.000000000000000000e+00,1.378583606120869186e-02,1.070965766873577529e-01,-0.000000000000000000e+00,3.543280895309899176e-02,2.706451933158637302e-01,3.366706220244378156e-02
5.965000000000000568e+01,0.000000000000000000e+00,1.202034192738239693e-02,9.358274321992485212e-02,-0.000000000000000000e+00,3.518723075741290313e-02,2.699089446334388964e-01,2.940585676867241149e-02
5.970000000000000284e+01,0.000000000000000000e+00,1.026708563847719170e-02,8.010560246224146530e-02,-0.000000000000000000e+00,3.494329338347090114e-02,2.691774816614324606e-01,2.515994343479896131e-02
5.975000000000000000e+01,0.000000000000000000e+00,8.525985418745277850e-03,6.666491561746114292e-02,-0.000000000000000000e+00,3.470098622924523701e-02,2.684507848727104573e-01,2.092922161373792639e-02
5.980000000000000426e+01,0.000000000000000000e+00,6.796960020809630389e-03,5.326044486210716744e-02,-0.000000000000000000e+00,3.446029876188742846e-02,2.677288348597157697e-01,1.671359122593160662e-02
5.985000000000000142e+01,0.000000000000000000e+00,5.079928722215325786e-03,3.989195334010209315e-02,-0.000000000000000000e+00,3.422122051727411601e-02,2.670116123338762137e-01,1.251295269613318661e-02
5.990000000000000568e+01,0.000000000000000000e+00,3.374811322004884259e-03,2.655920515683472469e-02,-0.000000000000000000e+00,3.398374109955706185e-02,2.662990981250145661e-01,8.327206950211123518e-03
5.995000000000000284e+01,0.000000000000000000e+00,1.681528137315705090e-03,1.326196537325502293e-02,-0.000000000000000000e+00,3.374785018071577158e-02,2.655912731807625327e-01,4.156255411971608062e-03
6.000000000000000000e+01,0.000000000000000000e+00,0.000000000000000000e+00,0.000000000000000000e+00,-0.000000000000000000e+00,3.351353750011289850e-02,2.648881185659778814e-01,0.000000000000000000e+00
